<?xml version="1.0" encoding="UTF-8"?>
<kml xmlns="http://www.opengis.net/kml/2.2" xmlns:gx="http://www.google.com/kml/ext/2.2" xmlns:kml="http://www.opengis.net/kml/2.2" xmlns:atom="http://www.w3.org/2005/Atom">
<Document id="1jjol-j_FNp2XN5HD9YS9x2QPbfY9-PHf">
	<name>Full OLT</name>
	<gx:CascadingStyle kml:id="__managed_style_3BA139BD7C421B397F61_highlight">
		<Style>
			<IconStyle>
				<scale>1.2</scale>
				<Icon>
					<href>https://earth.google.com/earth/document/icon?color=1976d2&amp;id=2000&amp;scale=4</href>
				</Icon>
				<hotSpot x="64" y="128" xunits="pixels" yunits="insetPixels"/>
			</IconStyle>
			<LabelStyle>
			</LabelStyle>
			<LineStyle>
				<width>4.8</width>
			</LineStyle>
			<PolyStyle>
				<color>40eeeeee</color>
			</PolyStyle>
			<BalloonStyle>
			</BalloonStyle>
		</Style>
	</gx:CascadingStyle>
	<gx:CascadingStyle kml:id="__managed_style_37F77D8728421B397F60_highlight">
		<Style>
			<IconStyle>
				<scale>1.2</scale>
				<Icon>
					<href>https://earth.google.com/earth/document/icon?color=1976d2&amp;id=2000&amp;scale=4</href>
				</Icon>
				<hotSpot x="64" y="128" xunits="pixels" yunits="insetPixels"/>
			</IconStyle>
			<LabelStyle>
			</LabelStyle>
			<LineStyle>
				<width>4.8</width>
			</LineStyle>
			<PolyStyle>
				<color>40eeeeee</color>
			</PolyStyle>
			<BalloonStyle>
			</BalloonStyle>
		</Style>
	</gx:CascadingStyle>
	<gx:CascadingStyle kml:id="__managed_style_3BA139BD7C421B397F61_normal">
		<Style>
			<IconStyle>
				<Icon>
					<href>https://earth.google.com/earth/document/icon?color=1976d2&amp;id=2000&amp;scale=4</href>
				</Icon>
				<hotSpot x="64" y="128" xunits="pixels" yunits="insetPixels"/>
			</IconStyle>
			<LabelStyle>
			</LabelStyle>
			<LineStyle>
				<width>3.2</width>
			</LineStyle>
			<PolyStyle>
				<color>40eeeeee</color>
			</PolyStyle>
			<BalloonStyle>
			</BalloonStyle>
		</Style>
	</gx:CascadingStyle>
	<StyleMap id="__managed_style_2A96C0DE9A421B397F5F">
		<Pair>
			<key>normal</key>
			<styleUrl>#__managed_style_2A96C0DE9A421B397F5F_normal</styleUrl>
		</Pair>
		<Pair>
			<key>highlight</key>
			<styleUrl>#__managed_style_2A96C0DE9A421B397F5F_highlight</styleUrl>
		</Pair>
	</StyleMap>
	<gx:CascadingStyle kml:id="__managed_style_2299CE3C2B421B397F63_highlight">
		<Style>
			<IconStyle>
				<scale>1.8</scale>
				<Icon>
					<href>https://earth.google.com/earth/document/icon?color=00796b&amp;id=2380&amp;scale=4</href>
				</Icon>
				<hotSpot x="64" y="128" xunits="pixels" yunits="insetPixels"/>
			</IconStyle>
			<LabelStyle>
			</LabelStyle>
			<LineStyle>
				<color>ff2dc0fb</color>
				<width>4.8</width>
			</LineStyle>
			<PolyStyle>
				<color>40ffffff</color>
			</PolyStyle>
			<BalloonStyle>
			</BalloonStyle>
		</Style>
	</gx:CascadingStyle>
	<StyleMap id="__managed_style_2299CE3C2B421B397F63">
		<Pair>
			<key>normal</key>
			<styleUrl>#__managed_style_2299CE3C2B421B397F63_normal</styleUrl>
		</Pair>
		<Pair>
			<key>highlight</key>
			<styleUrl>#__managed_style_2299CE3C2B421B397F63_highlight</styleUrl>
		</Pair>
	</StyleMap>
	<StyleMap id="__managed_style_4652D1B3E2421B397F60">
		<Pair>
			<key>normal</key>
			<styleUrl>#__managed_style_4652D1B3E2421B397F60_normal</styleUrl>
		</Pair>
		<Pair>
			<key>highlight</key>
			<styleUrl>#__managed_style_4652D1B3E2421B397F60_highlight</styleUrl>
		</Pair>
	</StyleMap>
	<StyleMap id="__managed_style_8E9E1694F0421B397F60">
		<Pair>
			<key>normal</key>
			<styleUrl>#__managed_style_8E9E1694F0421B397F60_normal</styleUrl>
		</Pair>
		<Pair>
			<key>highlight</key>
			<styleUrl>#__managed_style_8E9E1694F0421B397F60_highlight</styleUrl>
		</Pair>
	</StyleMap>
	<gx:CascadingStyle kml:id="__managed_style_26A2339049421B397F68_normal">
		<Style>
			<IconStyle>
				<Icon>
					<href>https://earth.google.com/earth/document/icon?color=00796b&amp;id=2380&amp;scale=4</href>
				</Icon>
				<hotSpot x="64" y="128" xunits="pixels" yunits="insetPixels"/>
			</IconStyle>
			<LabelStyle>
			</LabelStyle>
			<LineStyle>
				<color>ff2dc0fb</color>
				<width>3.2</width>
			</LineStyle>
			<PolyStyle>
				<color>40ffffff</color>
			</PolyStyle>
			<BalloonStyle>
			</BalloonStyle>
		</Style>
	</gx:CascadingStyle>
	<StyleMap id="__managed_style_26A2339049421B397F68">
		<Pair>
			<key>normal</key>
			<styleUrl>#__managed_style_26A2339049421B397F68_normal</styleUrl>
		</Pair>
		<Pair>
			<key>highlight</key>
			<styleUrl>#__managed_style_26A2339049421B397F68_highlight</styleUrl>
		</Pair>
	</StyleMap>
	<gx:CascadingStyle kml:id="__managed_style_1D863733ED421B397F66_normal">
		<Style>
			<IconStyle>
				<scale>1.5</scale>
				<Icon>
					<href>https://earth.google.com/earth/document/icon?color=f57c00&amp;id=2380&amp;scale=4</href>
				</Icon>
				<hotSpot x="64" y="128" xunits="pixels" yunits="insetPixels"/>
			</IconStyle>
			<LabelStyle>
			</LabelStyle>
			<LineStyle>
				<color>ff2dc0fb</color>
				<width>3.2</width>
			</LineStyle>
			<PolyStyle>
				<color>40ffffff</color>
			</PolyStyle>
			<BalloonStyle>
			</BalloonStyle>
		</Style>
	</gx:CascadingStyle>
	<StyleMap id="__managed_style_1D863733ED421B397F66">
		<Pair>
			<key>normal</key>
			<styleUrl>#__managed_style_1D863733ED421B397F66_normal</styleUrl>
		</Pair>
		<Pair>
			<key>highlight</key>
			<styleUrl>#__managed_style_1D863733ED421B397F66_highlight</styleUrl>
		</Pair>
	</StyleMap>
	<gx:CascadingStyle kml:id="__managed_style_5B7D4C7BCA421B397F64_highlight">
		<Style>
			<IconStyle>
				<scale>1.2</scale>
				<Icon>
					<href>https://earth.google.com/earth/document/icon?color=1976d2&amp;id=2000&amp;scale=4</href>
				</Icon>
				<hotSpot x="64" y="128" xunits="pixels" yunits="insetPixels"/>
			</IconStyle>
			<LabelStyle>
			</LabelStyle>
			<LineStyle>
				<color>ff2dc0fb</color>
				<width>4.8</width>
			</LineStyle>
			<PolyStyle>
				<color>40ffffff</color>
			</PolyStyle>
			<BalloonStyle>
			</BalloonStyle>
		</Style>
	</gx:CascadingStyle>
	<gx:CascadingStyle kml:id="__managed_style_5B7D4C7BCA421B397F64_normal">
		<Style>
			<IconStyle>
				<Icon>
					<href>https://earth.google.com/earth/document/icon?color=1976d2&amp;id=2000&amp;scale=4</href>
				</Icon>
				<hotSpot x="64" y="128" xunits="pixels" yunits="insetPixels"/>
			</IconStyle>
			<LabelStyle>
			</LabelStyle>
			<LineStyle>
				<color>ff2dc0fb</color>
				<width>3.2</width>
			</LineStyle>
			<PolyStyle>
				<color>40ffffff</color>
			</PolyStyle>
			<BalloonStyle>
			</BalloonStyle>
		</Style>
	</gx:CascadingStyle>
	<gx:CascadingStyle kml:id="__managed_style_3F737E45E0421B397F63_normal">
		<styleUrl>https://earth.google.com/balloon_components/base/1.1.0.0/card_template.kml#main</styleUrl>
		<Style>
			<IconStyle>
				<Icon>
					<href>https://earth.google.com/earth/document/icon?color=1976d2&amp;id=2000&amp;scale=4</href>
				</Icon>
				<hotSpot x="64" y="128" xunits="pixels" yunits="insetPixels"/>
			</IconStyle>
			<LabelStyle>
			</LabelStyle>
			<LineStyle>
				<color>ff2f2fd3</color>
				<width>3.2</width>
			</LineStyle>
			<PolyStyle>
				<color>40ffffff</color>
			</PolyStyle>
			<BalloonStyle>
			</BalloonStyle>
		</Style>
	</gx:CascadingStyle>
	<gx:CascadingStyle kml:id="__managed_style_3F9350BF4F421B397F68_highlight">
		<Style>
			<IconStyle>
				<scale>1.2</scale>
				<Icon>
					<href>https://earth.google.com/earth/document/icon?color=7b1fa2&amp;id=2380&amp;scale=4</href>
				</Icon>
				<hotSpot x="64" y="128" xunits="pixels" yunits="insetPixels"/>
			</IconStyle>
			<LabelStyle>
			</LabelStyle>
			<LineStyle>
				<color>ff2dc0fb</color>
				<width>4.8</width>
			</LineStyle>
			<PolyStyle>
				<color>40ffffff</color>
			</PolyStyle>
			<BalloonStyle>
			</BalloonStyle>
		</Style>
	</gx:CascadingStyle>
	<gx:CascadingStyle kml:id="__managed_style_3F9350BF4F421B397F68_normal">
		<Style>
			<IconStyle>
				<Icon>
					<href>https://earth.google.com/earth/document/icon?color=7b1fa2&amp;id=2380&amp;scale=4</href>
				</Icon>
				<hotSpot x="64" y="128" xunits="pixels" yunits="insetPixels"/>
			</IconStyle>
			<LabelStyle>
			</LabelStyle>
			<LineStyle>
				<color>ff2dc0fb</color>
				<width>3.2</width>
			</LineStyle>
			<PolyStyle>
				<color>40ffffff</color>
			</PolyStyle>
			<BalloonStyle>
			</BalloonStyle>
		</Style>
	</gx:CascadingStyle>
	<StyleMap id="__managed_style_3F9350BF4F421B397F68">
		<Pair>
			<key>normal</key>
			<styleUrl>#__managed_style_3F9350BF4F421B397F68_normal</styleUrl>
		</Pair>
		<Pair>
			<key>highlight</key>
			<styleUrl>#__managed_style_3F9350BF4F421B397F68_highlight</styleUrl>
		</Pair>
	</StyleMap>
	<gx:CascadingStyle kml:id="__managed_style_02D4C4A70C421B397F5E_highlight">
		<Style>
			<IconStyle>
				<scale>1.2</scale>
				<Icon>
					<href>https://earth.google.com/earth/document/icon?color=f57c00&amp;id=2380&amp;scale=4</href>
				</Icon>
				<hotSpot x="64" y="128" xunits="pixels" yunits="insetPixels"/>
			</IconStyle>
			<LabelStyle>
			</LabelStyle>
			<LineStyle>
				<color>ff2dc0fb</color>
				<width>4.8</width>
			</LineStyle>
			<PolyStyle>
				<color>40ffffff</color>
			</PolyStyle>
			<BalloonStyle>
			</BalloonStyle>
		</Style>
	</gx:CascadingStyle>
	<gx:CascadingStyle kml:id="__managed_style_02D4C4A70C421B397F5E_normal">
		<Style>
			<IconStyle>
				<Icon>
					<href>https://earth.google.com/earth/document/icon?color=f57c00&amp;id=2380&amp;scale=4</href>
				</Icon>
				<hotSpot x="64" y="128" xunits="pixels" yunits="insetPixels"/>
			</IconStyle>
			<LabelStyle>
			</LabelStyle>
			<LineStyle>
				<color>ff2dc0fb</color>
				<width>3.2</width>
			</LineStyle>
			<PolyStyle>
				<color>40ffffff</color>
			</PolyStyle>
			<BalloonStyle>
			</BalloonStyle>
		</Style>
	</gx:CascadingStyle>
	<StyleMap id="__managed_style_02D4C4A70C421B397F5E">
		<Pair>
			<key>normal</key>
			<styleUrl>#__managed_style_02D4C4A70C421B397F5E_normal</styleUrl>
		</Pair>
		<Pair>
			<key>highlight</key>
			<styleUrl>#__managed_style_02D4C4A70C421B397F5E_highlight</styleUrl>
		</Pair>
	</StyleMap>
	<gx:CascadingStyle kml:id="__managed_style_07F46A17C5421B397F66_normal">
		<Style>
			<IconStyle>
				<scale>1.5</scale>
				<Icon>
					<href>https://earth.google.com/earth/document/icon?color=f57c00&amp;id=2184&amp;scale=4</href>
				</Icon>
				<hotSpot x="64" y="128" xunits="pixels" yunits="insetPixels"/>
			</IconStyle>
			<LabelStyle>
			</LabelStyle>
			<LineStyle>
				<color>ff2dc0fb</color>
				<width>3.2</width>
			</LineStyle>
			<PolyStyle>
				<color>40ffffff</color>
			</PolyStyle>
			<BalloonStyle>
			</BalloonStyle>
		</Style>
	</gx:CascadingStyle>
	<gx:CascadingStyle kml:id="__managed_style_6663787490421B397F54_highlight">
		<Style>
			<IconStyle>
				<scale>1.2</scale>
				<Icon>
					<href>https://earth.google.com/earth/document/icon?color=1976d2&amp;id=2000&amp;scale=4</href>
				</Icon>
				<hotSpot x="64" y="128" xunits="pixels" yunits="insetPixels"/>
			</IconStyle>
			<LabelStyle>
			</LabelStyle>
			<LineStyle>
				<color>ff9f3f30</color>
				<width>4.8</width>
			</LineStyle>
			<PolyStyle>
				<color>40ffffff</color>
			</PolyStyle>
			<BalloonStyle>
			</BalloonStyle>
		</Style>
	</gx:CascadingStyle>
	<StyleMap id="__managed_style_07F46A17C5421B397F66">
		<Pair>
			<key>normal</key>
			<styleUrl>#__managed_style_07F46A17C5421B397F66_normal</styleUrl>
		</Pair>
		<Pair>
			<key>highlight</key>
			<styleUrl>#__managed_style_07F46A17C5421B397F66_highlight</styleUrl>
		</Pair>
	</StyleMap>
	<gx:CascadingStyle kml:id="__managed_style_01C6D2021E421B397F5F_normal">
		<Style>
			<IconStyle>
				<Icon>
					<href>https://earth.google.com/earth/document/icon?color=00796b&amp;id=2380&amp;scale=4</href>
				</Icon>
				<hotSpot x="64" y="128" xunits="pixels" yunits="insetPixels"/>
			</IconStyle>
			<LabelStyle>
			</LabelStyle>
			<LineStyle>
				<color>ff2dc0fb</color>
				<width>3.2</width>
			</LineStyle>
			<PolyStyle>
				<color>40ffffff</color>
			</PolyStyle>
			<BalloonStyle>
			</BalloonStyle>
		</Style>
	</gx:CascadingStyle>
	<StyleMap id="__managed_style_27EB8D6286421B397F67">
		<Pair>
			<key>normal</key>
			<styleUrl>#__managed_style_27EB8D6286421B397F67_normal</styleUrl>
		</Pair>
		<Pair>
			<key>highlight</key>
			<styleUrl>#__managed_style_27EB8D6286421B397F67_highlight</styleUrl>
		</Pair>
	</StyleMap>
	<StyleMap id="__managed_style_31DA2F59A4421B397F5C">
		<Pair>
			<key>normal</key>
			<styleUrl>#__managed_style_31DA2F59A4421B397F5C_normal</styleUrl>
		</Pair>
		<Pair>
			<key>highlight</key>
			<styleUrl>#__managed_style_31DA2F59A4421B397F5C_highlight</styleUrl>
		</Pair>
	</StyleMap>
	<gx:CascadingStyle kml:id="__managed_style_1EF83D37FE421B397F5B_highlight">
		<styleUrl>https://earth.google.com/balloon_components/base/1.1.0.0/card_template.kml#main</styleUrl>
		<Style>
			<IconStyle>
				<scale>1.2</scale>
				<Icon>
					<href>https://earth.google.com/earth/document/icon?color=1976d2&amp;id=2000&amp;scale=4</href>
				</Icon>
				<hotSpot x="64" y="128" xunits="pixels" yunits="insetPixels"/>
			</IconStyle>
			<LabelStyle>
			</LabelStyle>
			<LineStyle>
				<color>ff9f3f30</color>
				<width>2.4</width>
			</LineStyle>
			<PolyStyle>
				<color>40ffffff</color>
			</PolyStyle>
			<BalloonStyle>
			</BalloonStyle>
		</Style>
	</gx:CascadingStyle>
	<gx:CascadingStyle kml:id="__managed_style_32286BCFF6421B397F5E_normal">
		<Style>
			<IconStyle>
				<Icon>
					<href>https://earth.google.com/earth/document/icon?color=1976d2&amp;id=2000&amp;scale=4</href>
				</Icon>
				<hotSpot x="64" y="128" xunits="pixels" yunits="insetPixels"/>
			</IconStyle>
			<LabelStyle>
			</LabelStyle>
			<LineStyle>
				<color>ff9f3f30</color>
				<width>3.2</width>
			</LineStyle>
			<PolyStyle>
				<color>40ffffff</color>
			</PolyStyle>
			<BalloonStyle>
			</BalloonStyle>
		</Style>
	</gx:CascadingStyle>
	<StyleMap id="__managed_style_01C6D2021E421B397F5F">
		<Pair>
			<key>normal</key>
			<styleUrl>#__managed_style_01C6D2021E421B397F5F_normal</styleUrl>
		</Pair>
		<Pair>
			<key>highlight</key>
			<styleUrl>#__managed_style_01C6D2021E421B397F5F_highlight</styleUrl>
		</Pair>
	</StyleMap>
	<gx:CascadingStyle kml:id="__managed_style_3780264BAD421B397F64_highlight">
		<styleUrl>https://earth.google.com/balloon_components/base/1.1.0.0/card_template.kml#main</styleUrl>
		<Style>
			<IconStyle>
				<scale>1.2</scale>
				<Icon>
					<href>https://earth.google.com/earth/document/icon?color=1976d2&amp;id=2000&amp;scale=4</href>
				</Icon>
				<hotSpot x="64" y="128" xunits="pixels" yunits="insetPixels"/>
			</IconStyle>
			<LabelStyle>
			</LabelStyle>
			<LineStyle>
				<color>ffa21f7b</color>
				<width>4.8</width>
			</LineStyle>
			<PolyStyle>
				<color>40ffffff</color>
			</PolyStyle>
			<BalloonStyle>
			</BalloonStyle>
		</Style>
	</gx:CascadingStyle>
	<gx:CascadingStyle kml:id="__managed_style_1EF83D37FE421B397F5B_normal">
		<styleUrl>https://earth.google.com/balloon_components/base/1.1.0.0/card_template.kml#main</styleUrl>
		<Style>
			<IconStyle>
				<Icon>
					<href>https://earth.google.com/earth/document/icon?color=1976d2&amp;id=2000&amp;scale=4</href>
				</Icon>
				<hotSpot x="64" y="128" xunits="pixels" yunits="insetPixels"/>
			</IconStyle>
			<LabelStyle>
			</LabelStyle>
			<LineStyle>
				<color>ff9f3f30</color>
				<width>1.6</width>
			</LineStyle>
			<PolyStyle>
				<color>40ffffff</color>
			</PolyStyle>
			<BalloonStyle>
			</BalloonStyle>
		</Style>
	</gx:CascadingStyle>
	<gx:CascadingStyle kml:id="__managed_style_6D44E1F1B3421B397F64_normal">
		<Style>
			<IconStyle>
				<Icon>
					<href>https://earth.google.com/earth/document/icon?color=1976d2&amp;id=2000&amp;scale=4</href>
				</Icon>
				<hotSpot x="64" y="128" xunits="pixels" yunits="insetPixels"/>
			</IconStyle>
			<LabelStyle>
			</LabelStyle>
			<LineStyle>
				<color>ffa21f7b</color>
				<width>3.2</width>
			</LineStyle>
			<PolyStyle>
				<color>40ffffff</color>
			</PolyStyle>
			<BalloonStyle>
			</BalloonStyle>
		</Style>
	</gx:CascadingStyle>
	<gx:CascadingStyle kml:id="__managed_style_264E725266421B397F5C_highlight">
		<styleUrl>https://earth.google.com/balloon_components/base/1.1.0.0/card_template.kml#main</styleUrl>
		<Style>
			<IconStyle>
				<scale>1.2</scale>
				<Icon>
					<href>https://earth.google.com/earth/document/icon?color=1976d2&amp;id=2000&amp;scale=4</href>
				</Icon>
				<hotSpot x="64" y="128" xunits="pixels" yunits="insetPixels"/>
			</IconStyle>
			<LabelStyle>
			</LabelStyle>
			<LineStyle>
				<color>ff9f3f30</color>
				<width>4.8</width>
			</LineStyle>
			<PolyStyle>
				<color>40ffffff</color>
			</PolyStyle>
			<BalloonStyle>
			</BalloonStyle>
		</Style>
	</gx:CascadingStyle>
	<StyleMap id="__managed_style_264E725266421B397F5C">
		<Pair>
			<key>normal</key>
			<styleUrl>#__managed_style_264E725266421B397F5C_normal</styleUrl>
		</Pair>
		<Pair>
			<key>highlight</key>
			<styleUrl>#__managed_style_264E725266421B397F5C_highlight</styleUrl>
		</Pair>
	</StyleMap>
	<gx:CascadingStyle kml:id="__managed_style_15F85116AC421B397F5E_highlight">
		<Style>
			<IconStyle>
				<scale>1.2</scale>
				<Icon>
					<href>https://earth.google.com/earth/document/icon?color=f57c00&amp;id=2000&amp;scale=4</href>
				</Icon>
				<hotSpot x="64" y="128" xunits="pixels" yunits="insetPixels"/>
			</IconStyle>
			<LabelStyle>
			</LabelStyle>
			<LineStyle>
				<color>ff2dc0fb</color>
				<width>4.8</width>
			</LineStyle>
			<PolyStyle>
				<color>40ffffff</color>
			</PolyStyle>
			<BalloonStyle>
			</BalloonStyle>
		</Style>
	</gx:CascadingStyle>
	<gx:CascadingStyle kml:id="__managed_style_15F85116AC421B397F5E_normal">
		<Style>
			<IconStyle>
				<Icon>
					<href>https://earth.google.com/earth/document/icon?color=f57c00&amp;id=2000&amp;scale=4</href>
				</Icon>
				<hotSpot x="64" y="128" xunits="pixels" yunits="insetPixels"/>
			</IconStyle>
			<LabelStyle>
			</LabelStyle>
			<LineStyle>
				<color>ff2dc0fb</color>
				<width>3.2</width>
			</LineStyle>
			<PolyStyle>
				<color>40ffffff</color>
			</PolyStyle>
			<BalloonStyle>
			</BalloonStyle>
		</Style>
	</gx:CascadingStyle>
	<StyleMap id="__managed_style_15F85116AC421B397F5E">
		<Pair>
			<key>normal</key>
			<styleUrl>#__managed_style_15F85116AC421B397F5E_normal</styleUrl>
		</Pair>
		<Pair>
			<key>highlight</key>
			<styleUrl>#__managed_style_15F85116AC421B397F5E_highlight</styleUrl>
		</Pair>
	</StyleMap>
	<gx:CascadingStyle kml:id="__managed_style_25651007F6421B397F61_normal">
		<Style>
			<IconStyle>
				<Icon>
					<href>https://earth.google.com/earth/document/icon?color=1976d2&amp;id=2000&amp;scale=4</href>
				</Icon>
				<hotSpot x="64" y="128" xunits="pixels" yunits="insetPixels"/>
			</IconStyle>
			<LabelStyle>
			</LabelStyle>
			<LineStyle>
				<color>ffa21f7b</color>
				<width>3.2</width>
			</LineStyle>
			<PolyStyle>
				<color>40ffffff</color>
			</PolyStyle>
			<BalloonStyle>
			</BalloonStyle>
		</Style>
	</gx:CascadingStyle>
	<gx:CascadingStyle kml:id="__managed_style_391E3B2847421B397F58_highlight">
		<Style>
			<IconStyle>
				<scale>1.8</scale>
				<Icon>
					<href>https://earth.google.com/earth/document/icon?color=00796b&amp;id=2380&amp;scale=4</href>
				</Icon>
				<hotSpot x="64" y="128" xunits="pixels" yunits="insetPixels"/>
			</IconStyle>
			<LabelStyle>
			</LabelStyle>
			<LineStyle>
				<color>ff2dc0fb</color>
				<width>4.8</width>
			</LineStyle>
			<PolyStyle>
				<color>40ffffff</color>
			</PolyStyle>
			<BalloonStyle>
			</BalloonStyle>
		</Style>
	</gx:CascadingStyle>
	<gx:CascadingStyle kml:id="__managed_style_0255245676421B397F61_normal">
		<styleUrl>https://earth.google.com/balloon_components/base/1.1.0.0/none_template.kml#main</styleUrl>
		<Style>
			<IconStyle>
				<Icon>
					<href>https://earth.google.com/earth/document/icon?color=1976d2&amp;id=2000&amp;scale=4</href>
				</Icon>
				<hotSpot x="64" y="128" xunits="pixels" yunits="insetPixels"/>
			</IconStyle>
			<LabelStyle>
			</LabelStyle>
			<LineStyle>
				<color>ffa21f7b</color>
				<width>3.2</width>
			</LineStyle>
			<PolyStyle>
				<color>40ffffff</color>
			</PolyStyle>
			<BalloonStyle>
				<displayMode>hide</displayMode>
			</BalloonStyle>
		</Style>
	</gx:CascadingStyle>
	<gx:CascadingStyle kml:id="__managed_style_05D850A503421B397F64_highlight">
		<Style>
			<IconStyle>
				<scale>1.2</scale>
				<Icon>
					<href>https://earth.google.com/earth/document/icon?color=7b1fa2&amp;id=2380&amp;scale=4</href>
				</Icon>
				<hotSpot x="64" y="128" xunits="pixels" yunits="insetPixels"/>
			</IconStyle>
			<LabelStyle>
			</LabelStyle>
			<LineStyle>
				<color>ff2dc0fb</color>
				<width>4.8</width>
			</LineStyle>
			<PolyStyle>
				<color>40ffffff</color>
			</PolyStyle>
			<BalloonStyle>
			</BalloonStyle>
		</Style>
	</gx:CascadingStyle>
	<gx:CascadingStyle kml:id="__managed_style_26A2339049421B397F68_highlight">
		<Style>
			<IconStyle>
				<scale>1.2</scale>
				<Icon>
					<href>https://earth.google.com/earth/document/icon?color=00796b&amp;id=2380&amp;scale=4</href>
				</Icon>
				<hotSpot x="64" y="128" xunits="pixels" yunits="insetPixels"/>
			</IconStyle>
			<LabelStyle>
			</LabelStyle>
			<LineStyle>
				<color>ff2dc0fb</color>
				<width>4.8</width>
			</LineStyle>
			<PolyStyle>
				<color>40ffffff</color>
			</PolyStyle>
			<BalloonStyle>
			</BalloonStyle>
		</Style>
	</gx:CascadingStyle>
	<gx:CascadingStyle kml:id="__managed_style_391E3B2847421B397F58_normal">
		<Style>
			<IconStyle>
				<scale>1.5</scale>
				<Icon>
					<href>https://earth.google.com/earth/document/icon?color=00796b&amp;id=2380&amp;scale=4</href>
				</Icon>
				<hotSpot x="64" y="128" xunits="pixels" yunits="insetPixels"/>
			</IconStyle>
			<LabelStyle>
			</LabelStyle>
			<LineStyle>
				<color>ff2dc0fb</color>
				<width>3.2</width>
			</LineStyle>
			<PolyStyle>
				<color>40ffffff</color>
			</PolyStyle>
			<BalloonStyle>
			</BalloonStyle>
		</Style>
	</gx:CascadingStyle>
	<gx:CascadingStyle kml:id="__managed_style_1A96FCEA49421B397F58_normal">
		<styleUrl>https://earth.google.com/balloon_components/base/1.1.0.0/card_template.kml#main</styleUrl>
		<Style>
			<IconStyle>
				<Icon>
					<href>https://earth.google.com/earth/document/icon?color=1976d2&amp;id=2000&amp;scale=4</href>
				</Icon>
				<hotSpot x="64" y="128" xunits="pixels" yunits="insetPixels"/>
			</IconStyle>
			<LabelStyle>
			</LabelStyle>
			<LineStyle>
				<color>ff9f3f30</color>
				<width>3.2</width>
			</LineStyle>
			<PolyStyle>
				<color>40ffffff</color>
			</PolyStyle>
			<BalloonStyle>
			</BalloonStyle>
		</Style>
	</gx:CascadingStyle>
	<StyleMap id="__managed_style_391E3B2847421B397F58">
		<Pair>
			<key>normal</key>
			<styleUrl>#__managed_style_391E3B2847421B397F58_normal</styleUrl>
		</Pair>
		<Pair>
			<key>highlight</key>
			<styleUrl>#__managed_style_391E3B2847421B397F58_highlight</styleUrl>
		</Pair>
	</StyleMap>
	<StyleMap id="__managed_style_200D331E60421B397F54">
		<Pair>
			<key>normal</key>
			<styleUrl>#__managed_style_200D331E60421B397F54_normal</styleUrl>
		</Pair>
		<Pair>
			<key>highlight</key>
			<styleUrl>#__managed_style_200D331E60421B397F54_highlight</styleUrl>
		</Pair>
	</StyleMap>
	<StyleMap id="__managed_style_3F737E45E0421B397F63">
		<Pair>
			<key>normal</key>
			<styleUrl>#__managed_style_3F737E45E0421B397F63_normal</styleUrl>
		</Pair>
		<Pair>
			<key>highlight</key>
			<styleUrl>#__managed_style_3F737E45E0421B397F63_highlight</styleUrl>
		</Pair>
	</StyleMap>
	<StyleMap id="__managed_style_4A8C7F47E1421B397F5F">
		<Pair>
			<key>normal</key>
			<styleUrl>#__managed_style_4A8C7F47E1421B397F5F_normal</styleUrl>
		</Pair>
		<Pair>
			<key>highlight</key>
			<styleUrl>#__managed_style_4A8C7F47E1421B397F5F_highlight</styleUrl>
		</Pair>
	</StyleMap>
	<gx:CascadingStyle kml:id="__managed_style_05D850A503421B397F64_normal">
		<Style>
			<IconStyle>
				<Icon>
					<href>https://earth.google.com/earth/document/icon?color=7b1fa2&amp;id=2380&amp;scale=4</href>
				</Icon>
				<hotSpot x="64" y="128" xunits="pixels" yunits="insetPixels"/>
			</IconStyle>
			<LabelStyle>
			</LabelStyle>
			<LineStyle>
				<color>ff2dc0fb</color>
				<width>3.2</width>
			</LineStyle>
			<PolyStyle>
				<color>40ffffff</color>
			</PolyStyle>
			<BalloonStyle>
			</BalloonStyle>
		</Style>
	</gx:CascadingStyle>
	<StyleMap id="__managed_style_13C4CC0AEA421B397F5C">
		<Pair>
			<key>normal</key>
			<styleUrl>#__managed_style_13C4CC0AEA421B397F5C_normal</styleUrl>
		</Pair>
		<Pair>
			<key>highlight</key>
			<styleUrl>#__managed_style_13C4CC0AEA421B397F5C_highlight</styleUrl>
		</Pair>
	</StyleMap>
	<StyleMap id="__managed_style_2F79F894A3421B397F57">
		<Pair>
			<key>normal</key>
			<styleUrl>#__managed_style_2F79F894A3421B397F57_normal</styleUrl>
		</Pair>
		<Pair>
			<key>highlight</key>
			<styleUrl>#__managed_style_2F79F894A3421B397F57_highlight</styleUrl>
		</Pair>
	</StyleMap>
	<gx:CascadingStyle kml:id="__managed_style_8E9E1694F0421B397F60_highlight">
		<Style>
			<IconStyle>
				<scale>1.2</scale>
				<Icon>
					<href>https://earth.google.com/earth/document/icon?color=f57c00&amp;id=2000&amp;scale=4</href>
				</Icon>
				<hotSpot x="64" y="128" xunits="pixels" yunits="insetPixels"/>
			</IconStyle>
			<LabelStyle>
			</LabelStyle>
			<LineStyle>
				<color>ff2dc0fb</color>
				<width>4.8</width>
			</LineStyle>
			<PolyStyle>
				<color>40ffffff</color>
			</PolyStyle>
			<BalloonStyle>
			</BalloonStyle>
		</Style>
	</gx:CascadingStyle>
	<gx:CascadingStyle kml:id="__managed_style_079CFDFFE0421B397F63_normal">
		<Style>
			<IconStyle>
				<scale>1.5</scale>
				<Icon>
					<href>https://earth.google.com/earth/document/icon?color=00796b&amp;id=2380&amp;scale=4</href>
				</Icon>
				<hotSpot x="64" y="128" xunits="pixels" yunits="insetPixels"/>
			</IconStyle>
			<LabelStyle>
			</LabelStyle>
			<LineStyle>
				<color>ff2dc0fb</color>
				<width>3.2</width>
			</LineStyle>
			<PolyStyle>
				<color>40ffffff</color>
			</PolyStyle>
			<BalloonStyle>
			</BalloonStyle>
		</Style>
	</gx:CascadingStyle>
	<gx:CascadingStyle kml:id="__managed_style_1284837B4A421B397F59_normal">
		<Style>
			<IconStyle>
				<Icon>
					<href>https://earth.google.com/earth/document/icon?color=1976d2&amp;id=2000&amp;scale=4</href>
				</Icon>
				<hotSpot x="64" y="128" xunits="pixels" yunits="insetPixels"/>
			</IconStyle>
			<LabelStyle>
			</LabelStyle>
			<LineStyle>
				<color>ff9f3f30</color>
				<width>1.6</width>
			</LineStyle>
			<PolyStyle>
				<color>40ffffff</color>
			</PolyStyle>
			<BalloonStyle>
			</BalloonStyle>
		</Style>
	</gx:CascadingStyle>
	<StyleMap id="__managed_style_1284837B4A421B397F59">
		<Pair>
			<key>normal</key>
			<styleUrl>#__managed_style_1284837B4A421B397F59_normal</styleUrl>
		</Pair>
		<Pair>
			<key>highlight</key>
			<styleUrl>#__managed_style_1284837B4A421B397F59_highlight</styleUrl>
		</Pair>
	</StyleMap>
	<gx:CascadingStyle kml:id="__managed_style_76D9C559EE421B397F60_highlight">
		<Style>
			<IconStyle>
				<scale>1.2</scale>
				<Icon>
					<href>https://earth.google.com/earth/document/icon?color=1976d2&amp;id=2000&amp;scale=4</href>
				</Icon>
				<hotSpot x="64" y="128" xunits="pixels" yunits="insetPixels"/>
			</IconStyle>
			<LabelStyle>
			</LabelStyle>
			<LineStyle>
				<color>ff2f2fd3</color>
				<width>4.8</width>
			</LineStyle>
			<PolyStyle>
				<color>40ffffff</color>
			</PolyStyle>
			<BalloonStyle>
			</BalloonStyle>
		</Style>
	</gx:CascadingStyle>
	<gx:CascadingStyle kml:id="__managed_style_2C0D363476421B397F5E_highlight">
		<styleUrl>https://earth.google.com/balloon_components/base/1.1.0.0/card_template.kml#main</styleUrl>
		<Style>
			<IconStyle>
				<scale>1.8</scale>
				<Icon>
					<href>https://earth.google.com/earth/document/icon?color=00796b&amp;id=2380&amp;scale=4</href>
				</Icon>
				<hotSpot x="64" y="128" xunits="pixels" yunits="insetPixels"/>
			</IconStyle>
			<LabelStyle>
			</LabelStyle>
			<LineStyle>
				<color>ff2dc0fb</color>
				<width>4.8</width>
			</LineStyle>
			<PolyStyle>
				<color>40ffffff</color>
			</PolyStyle>
			<BalloonStyle>
			</BalloonStyle>
		</Style>
	</gx:CascadingStyle>
	<gx:CascadingStyle kml:id="__managed_style_76D9C559EE421B397F60_normal">
		<Style>
			<IconStyle>
				<Icon>
					<href>https://earth.google.com/earth/document/icon?color=1976d2&amp;id=2000&amp;scale=4</href>
				</Icon>
				<hotSpot x="64" y="128" xunits="pixels" yunits="insetPixels"/>
			</IconStyle>
			<LabelStyle>
			</LabelStyle>
			<LineStyle>
				<color>ff2f2fd3</color>
				<width>3.2</width>
			</LineStyle>
			<PolyStyle>
				<color>40ffffff</color>
			</PolyStyle>
			<BalloonStyle>
			</BalloonStyle>
		</Style>
	</gx:CascadingStyle>
	<gx:CascadingStyle kml:id="__managed_style_25651007F6421B397F61_highlight">
		<Style>
			<IconStyle>
				<scale>1.2</scale>
				<Icon>
					<href>https://earth.google.com/earth/document/icon?color=1976d2&amp;id=2000&amp;scale=4</href>
				</Icon>
				<hotSpot x="64" y="128" xunits="pixels" yunits="insetPixels"/>
			</IconStyle>
			<LabelStyle>
			</LabelStyle>
			<LineStyle>
				<color>ffa21f7b</color>
				<width>4.8</width>
			</LineStyle>
			<PolyStyle>
				<color>40ffffff</color>
			</PolyStyle>
			<BalloonStyle>
			</BalloonStyle>
		</Style>
	</gx:CascadingStyle>
	<gx:CascadingStyle kml:id="__managed_style_2F79F894A3421B397F57_highlight">
		<Style>
			<IconStyle>
				<scale>1.8</scale>
				<Icon>
					<href>https://earth.google.com/earth/document/icon?color=00796b&amp;id=2380&amp;scale=4</href>
				</Icon>
				<hotSpot x="64" y="128" xunits="pixels" yunits="insetPixels"/>
			</IconStyle>
			<LabelStyle>
			</LabelStyle>
			<LineStyle>
				<color>ff2dc0fb</color>
				<width>4.8</width>
			</LineStyle>
			<PolyStyle>
				<color>40ffffff</color>
			</PolyStyle>
			<BalloonStyle>
			</BalloonStyle>
		</Style>
	</gx:CascadingStyle>
	<gx:CascadingStyle kml:id="__managed_style_15621C3E48421B397F5F_normal">
		<Style>
			<IconStyle>
				<Icon>
					<href>https://earth.google.com/earth/document/icon?color=7b1fa2&amp;id=2380&amp;scale=4</href>
				</Icon>
				<hotSpot x="64" y="128" xunits="pixels" yunits="insetPixels"/>
			</IconStyle>
			<LabelStyle>
			</LabelStyle>
			<LineStyle>
				<color>ff2dc0fb</color>
				<width>3.2</width>
			</LineStyle>
			<PolyStyle>
				<color>40ffffff</color>
			</PolyStyle>
			<BalloonStyle>
			</BalloonStyle>
		</Style>
	</gx:CascadingStyle>
	<StyleMap id="__managed_style_76D9C559EE421B397F60">
		<Pair>
			<key>normal</key>
			<styleUrl>#__managed_style_76D9C559EE421B397F60_normal</styleUrl>
		</Pair>
		<Pair>
			<key>highlight</key>
			<styleUrl>#__managed_style_76D9C559EE421B397F60_highlight</styleUrl>
		</Pair>
	</StyleMap>
	<gx:CascadingStyle kml:id="__managed_style_3030E764F9421B397F66_highlight">
		<Style>
			<IconStyle>
				<scale>1.2</scale>
				<Icon>
					<href>https://earth.google.com/earth/document/icon?color=1976d2&amp;id=2000&amp;scale=4</href>
				</Icon>
				<hotSpot x="64" y="128" xunits="pixels" yunits="insetPixels"/>
			</IconStyle>
			<LabelStyle>
			</LabelStyle>
			<LineStyle>
				<color>ffa21f7b</color>
				<width>14.4</width>
			</LineStyle>
			<PolyStyle>
				<color>40ffffff</color>
			</PolyStyle>
			<BalloonStyle>
			</BalloonStyle>
		</Style>
	</gx:CascadingStyle>
	<gx:CascadingStyle kml:id="__managed_style_1D863733ED421B397F66_highlight">
		<Style>
			<IconStyle>
				<scale>1.8</scale>
				<Icon>
					<href>https://earth.google.com/earth/document/icon?color=f57c00&amp;id=2380&amp;scale=4</href>
				</Icon>
				<hotSpot x="64" y="128" xunits="pixels" yunits="insetPixels"/>
			</IconStyle>
			<LabelStyle>
			</LabelStyle>
			<LineStyle>
				<color>ff2dc0fb</color>
				<width>4.8</width>
			</LineStyle>
			<PolyStyle>
				<color>40ffffff</color>
			</PolyStyle>
			<BalloonStyle>
			</BalloonStyle>
		</Style>
	</gx:CascadingStyle>
	<gx:CascadingStyle kml:id="__managed_style_54BADF5B8E421B397F60_highlight">
		<Style>
			<IconStyle>
				<scale>1.2</scale>
				<Icon>
					<href>https://earth.google.com/earth/document/icon?color=d32f2f&amp;id=2380&amp;scale=4</href>
				</Icon>
				<hotSpot x="64" y="128" xunits="pixels" yunits="insetPixels"/>
			</IconStyle>
			<LabelStyle>
			</LabelStyle>
			<LineStyle>
				<color>ff2dc0fb</color>
				<width>4.8</width>
			</LineStyle>
			<PolyStyle>
				<color>40ffffff</color>
			</PolyStyle>
			<BalloonStyle>
				<displayMode>hide</displayMode>
			</BalloonStyle>
		</Style>
	</gx:CascadingStyle>
	<gx:CascadingStyle kml:id="__managed_style_3030E764F9421B397F66_normal">
		<Style>
			<IconStyle>
				<Icon>
					<href>https://earth.google.com/earth/document/icon?color=1976d2&amp;id=2000&amp;scale=4</href>
				</Icon>
				<hotSpot x="64" y="128" xunits="pixels" yunits="insetPixels"/>
			</IconStyle>
			<LabelStyle>
			</LabelStyle>
			<LineStyle>
				<color>ffa21f7b</color>
				<width>9.6</width>
			</LineStyle>
			<PolyStyle>
				<color>40ffffff</color>
			</PolyStyle>
			<BalloonStyle>
			</BalloonStyle>
		</Style>
	</gx:CascadingStyle>
	<gx:CascadingStyle kml:id="__managed_style_2A96C0DE9A421B397F5F_normal">
		<Style>
			<IconStyle>
				<Icon>
					<href>https://earth.google.com/earth/document/icon?color=ffee58&amp;id=2000&amp;scale=4</href>
				</Icon>
				<hotSpot x="64" y="128" xunits="pixels" yunits="insetPixels"/>
			</IconStyle>
			<LabelStyle>
			</LabelStyle>
			<LineStyle>
				<color>ff2dc0fb</color>
				<width>3.2</width>
			</LineStyle>
			<PolyStyle>
				<color>40ffffff</color>
			</PolyStyle>
			<BalloonStyle>
			</BalloonStyle>
		</Style>
	</gx:CascadingStyle>
	<StyleMap id="__managed_style_25608BCEE5421B397F60">
		<Pair>
			<key>normal</key>
			<styleUrl>#__managed_style_25608BCEE5421B397F60_normal</styleUrl>
		</Pair>
		<Pair>
			<key>highlight</key>
			<styleUrl>#__managed_style_25608BCEE5421B397F60_highlight</styleUrl>
		</Pair>
	</StyleMap>
	<gx:CascadingStyle kml:id="__managed_style_2031AA090C421B397F64_normal">
		<Style>
			<IconStyle>
				<Icon>
					<href>https://earth.google.com/earth/document/icon?color=f57c00&amp;id=2000&amp;scale=4</href>
				</Icon>
				<hotSpot x="64" y="128" xunits="pixels" yunits="insetPixels"/>
			</IconStyle>
			<LabelStyle>
			</LabelStyle>
			<LineStyle>
				<color>ff2dc0fb</color>
				<width>3.2</width>
			</LineStyle>
			<PolyStyle>
				<color>40ffffff</color>
			</PolyStyle>
			<BalloonStyle>
			</BalloonStyle>
		</Style>
	</gx:CascadingStyle>
	<gx:CascadingStyle kml:id="__managed_style_3C91809D95421B397F54_highlight">
		<Style>
			<IconStyle>
				<scale>1.2</scale>
				<Icon>
					<href>https://earth.google.com/earth/document/icon?color=d32f2f&amp;id=2380&amp;scale=4</href>
				</Icon>
				<hotSpot x="64" y="128" xunits="pixels" yunits="insetPixels"/>
			</IconStyle>
			<LabelStyle>
			</LabelStyle>
			<LineStyle>
				<color>ff2dc0fb</color>
				<width>4.8</width>
			</LineStyle>
			<PolyStyle>
				<color>40ffffff</color>
			</PolyStyle>
			<BalloonStyle>
			</BalloonStyle>
		</Style>
	</gx:CascadingStyle>
	<StyleMap id="__managed_style_3C91809D95421B397F54">
		<Pair>
			<key>normal</key>
			<styleUrl>#__managed_style_3C91809D95421B397F54_normal</styleUrl>
		</Pair>
		<Pair>
			<key>highlight</key>
			<styleUrl>#__managed_style_3C91809D95421B397F54_highlight</styleUrl>
		</Pair>
	</StyleMap>
	<gx:CascadingStyle kml:id="__managed_style_3780264BAD421B397F64_normal">
		<styleUrl>https://earth.google.com/balloon_components/base/1.1.0.0/card_template.kml#main</styleUrl>
		<Style>
			<IconStyle>
				<Icon>
					<href>https://earth.google.com/earth/document/icon?color=1976d2&amp;id=2000&amp;scale=4</href>
				</Icon>
				<hotSpot x="64" y="128" xunits="pixels" yunits="insetPixels"/>
			</IconStyle>
			<LabelStyle>
			</LabelStyle>
			<LineStyle>
				<color>ffa21f7b</color>
				<width>3.2</width>
			</LineStyle>
			<PolyStyle>
				<color>40ffffff</color>
			</PolyStyle>
			<BalloonStyle>
			</BalloonStyle>
		</Style>
	</gx:CascadingStyle>
	<gx:CascadingStyle kml:id="__managed_style_54BADF5B8E421B397F60_normal">
		<Style>
			<IconStyle>
				<Icon>
					<href>https://earth.google.com/earth/document/icon?color=d32f2f&amp;id=2380&amp;scale=4</href>
				</Icon>
				<hotSpot x="64" y="128" xunits="pixels" yunits="insetPixels"/>
			</IconStyle>
			<LabelStyle>
			</LabelStyle>
			<LineStyle>
				<color>ff2dc0fb</color>
				<width>3.2</width>
			</LineStyle>
			<PolyStyle>
				<color>40ffffff</color>
			</PolyStyle>
			<BalloonStyle>
				<displayMode>hide</displayMode>
			</BalloonStyle>
		</Style>
	</gx:CascadingStyle>
	<gx:CascadingStyle kml:id="__managed_style_165CA51C69421B397F68_normal">
		<styleUrl>https://earth.google.com/balloon_components/base/1.1.0.0/card_template.kml#main</styleUrl>
		<Style>
			<IconStyle>
				<Icon>
					<href>https://earth.google.com/earth/document/icon?color=1976d2&amp;id=2000&amp;scale=4</href>
				</Icon>
				<hotSpot x="64" y="128" xunits="pixels" yunits="insetPixels"/>
			</IconStyle>
			<LabelStyle>
			</LabelStyle>
			<LineStyle>
				<color>ff9f3f30</color>
				<width>6.4</width>
			</LineStyle>
			<PolyStyle>
				<color>40ffffff</color>
			</PolyStyle>
			<BalloonStyle>
			</BalloonStyle>
		</Style>
	</gx:CascadingStyle>
	<StyleMap id="__managed_style_54BADF5B8E421B397F60">
		<Pair>
			<key>normal</key>
			<styleUrl>#__managed_style_54BADF5B8E421B397F60_normal</styleUrl>
		</Pair>
		<Pair>
			<key>highlight</key>
			<styleUrl>#__managed_style_54BADF5B8E421B397F60_highlight</styleUrl>
		</Pair>
	</StyleMap>
	<gx:CascadingStyle kml:id="__managed_style_6E25912CAF421B397F60_normal">
		<Style>
			<IconStyle>
				<Icon>
					<href>https://earth.google.com/earth/document/icon?color=1976d2&amp;id=2000&amp;scale=4</href>
				</Icon>
				<hotSpot x="64" y="128" xunits="pixels" yunits="insetPixels"/>
			</IconStyle>
			<LabelStyle>
			</LabelStyle>
			<LineStyle>
				<color>ff007cf5</color>
				<width>3.2</width>
			</LineStyle>
			<PolyStyle>
				<color>40ffffff</color>
			</PolyStyle>
			<BalloonStyle>
			</BalloonStyle>
		</Style>
	</gx:CascadingStyle>
	<gx:CascadingStyle kml:id="__managed_style_69300407B2421B397F58_highlight">
		<Style>
			<IconStyle>
				<scale>1.2</scale>
				<Icon>
					<href>https://earth.google.com/earth/document/icon?color=1976d2&amp;id=2000&amp;scale=4</href>
				</Icon>
				<hotSpot x="64" y="128" xunits="pixels" yunits="insetPixels"/>
			</IconStyle>
			<LabelStyle>
			</LabelStyle>
			<LineStyle>
				<color>ff9f3f30</color>
				<width>4.8</width>
			</LineStyle>
			<PolyStyle>
				<color>40ffffff</color>
			</PolyStyle>
			<BalloonStyle>
			</BalloonStyle>
		</Style>
	</gx:CascadingStyle>
	<StyleMap id="__managed_style_69300407B2421B397F58">
		<Pair>
			<key>normal</key>
			<styleUrl>#__managed_style_69300407B2421B397F58_normal</styleUrl>
		</Pair>
		<Pair>
			<key>highlight</key>
			<styleUrl>#__managed_style_69300407B2421B397F58_highlight</styleUrl>
		</Pair>
	</StyleMap>
	<gx:CascadingStyle kml:id="__managed_style_269BC00EF3421B397F5B_highlight">
		<styleUrl>https://earth.google.com/balloon_components/base/1.1.0.0/card_template.kml#main</styleUrl>
		<Style>
			<IconStyle>
				<scale>1.2</scale>
				<Icon>
					<href>https://earth.google.com/earth/document/icon?color=1976d2&amp;id=2000&amp;scale=4</href>
				</Icon>
				<hotSpot x="64" y="128" xunits="pixels" yunits="insetPixels"/>
			</IconStyle>
			<LabelStyle>
			</LabelStyle>
			<LineStyle>
				<color>ffa21f7b</color>
				<width>4.8</width>
			</LineStyle>
			<PolyStyle>
				<color>40ffffff</color>
			</PolyStyle>
			<BalloonStyle>
			</BalloonStyle>
		</Style>
	</gx:CascadingStyle>
	<StyleMap id="__managed_style_32286BCFF6421B397F5E">
		<Pair>
			<key>normal</key>
			<styleUrl>#__managed_style_32286BCFF6421B397F5E_normal</styleUrl>
		</Pair>
		<Pair>
			<key>highlight</key>
			<styleUrl>#__managed_style_32286BCFF6421B397F5E_highlight</styleUrl>
		</Pair>
	</StyleMap>
	<gx:CascadingStyle kml:id="__managed_style_2A54C4DF32421B397F66_highlight">
		<styleUrl>https://earth.google.com/balloon_components/base/1.1.0.0/card_template.kml#main</styleUrl>
		<Style>
			<IconStyle>
				<scale>1.2</scale>
				<Icon>
					<href>https://earth.google.com/earth/document/icon?color=1976d2&amp;id=2000&amp;scale=4</href>
				</Icon>
				<hotSpot x="64" y="128" xunits="pixels" yunits="insetPixels"/>
			</IconStyle>
			<LabelStyle>
			</LabelStyle>
			<LineStyle>
				<color>ffa21f7b</color>
				<width>4.8</width>
			</LineStyle>
			<PolyStyle>
				<color>40ffffff</color>
			</PolyStyle>
			<BalloonStyle>
			</BalloonStyle>
		</Style>
	</gx:CascadingStyle>
	<gx:CascadingStyle kml:id="__managed_style_3FB4A8879D421B397F5F_highlight">
		<styleUrl>https://earth.google.com/balloon_components/base/1.1.0.0/none_template.kml#main</styleUrl>
		<Style>
			<IconStyle>
				<scale>1.2</scale>
				<Icon>
					<href>https://earth.google.com/earth/document/icon?color=1976d2&amp;id=2000&amp;scale=4</href>
				</Icon>
				<hotSpot x="64" y="128" xunits="pixels" yunits="insetPixels"/>
			</IconStyle>
			<LabelStyle>
			</LabelStyle>
			<LineStyle>
				<color>ff9f3f30</color>
				<width>4.8</width>
			</LineStyle>
			<PolyStyle>
				<color>40ffffff</color>
			</PolyStyle>
			<BalloonStyle>
				<displayMode>hide</displayMode>
			</BalloonStyle>
		</Style>
	</gx:CascadingStyle>
	<gx:CascadingStyle kml:id="__managed_style_3FB4A8879D421B397F5F_normal">
		<styleUrl>https://earth.google.com/balloon_components/base/1.1.0.0/none_template.kml#main</styleUrl>
		<Style>
			<IconStyle>
				<Icon>
					<href>https://earth.google.com/earth/document/icon?color=1976d2&amp;id=2000&amp;scale=4</href>
				</Icon>
				<hotSpot x="64" y="128" xunits="pixels" yunits="insetPixels"/>
			</IconStyle>
			<LabelStyle>
			</LabelStyle>
			<LineStyle>
				<color>ff9f3f30</color>
				<width>3.2</width>
			</LineStyle>
			<PolyStyle>
				<color>40ffffff</color>
			</PolyStyle>
			<BalloonStyle>
				<displayMode>hide</displayMode>
			</BalloonStyle>
		</Style>
	</gx:CascadingStyle>
	<StyleMap id="__managed_style_30D5CCEBC7421B397F57">
		<Pair>
			<key>normal</key>
			<styleUrl>#__managed_style_30D5CCEBC7421B397F57_normal</styleUrl>
		</Pair>
		<Pair>
			<key>highlight</key>
			<styleUrl>#__managed_style_30D5CCEBC7421B397F57_highlight</styleUrl>
		</Pair>
	</StyleMap>
	<StyleMap id="__managed_style_3FB4A8879D421B397F5F">
		<Pair>
			<key>normal</key>
			<styleUrl>#__managed_style_3FB4A8879D421B397F5F_normal</styleUrl>
		</Pair>
		<Pair>
			<key>highlight</key>
			<styleUrl>#__managed_style_3FB4A8879D421B397F5F_highlight</styleUrl>
		</Pair>
	</StyleMap>
	<gx:CascadingStyle kml:id="__managed_style_0255245676421B397F61_highlight">
		<styleUrl>https://earth.google.com/balloon_components/base/1.1.0.0/none_template.kml#main</styleUrl>
		<Style>
			<IconStyle>
				<scale>1.2</scale>
				<Icon>
					<href>https://earth.google.com/earth/document/icon?color=1976d2&amp;id=2000&amp;scale=4</href>
				</Icon>
				<hotSpot x="64" y="128" xunits="pixels" yunits="insetPixels"/>
			</IconStyle>
			<LabelStyle>
			</LabelStyle>
			<LineStyle>
				<color>ffa21f7b</color>
				<width>4.8</width>
			</LineStyle>
			<PolyStyle>
				<color>40ffffff</color>
			</PolyStyle>
			<BalloonStyle>
				<displayMode>hide</displayMode>
			</BalloonStyle>
		</Style>
	</gx:CascadingStyle>
	<gx:CascadingStyle kml:id="__managed_style_020CFD217C421B397F58_normal">
		<Style>
			<IconStyle>
				<Icon>
					<href>https://earth.google.com/earth/document/icon?color=1976d2&amp;id=2000&amp;scale=4</href>
				</Icon>
				<hotSpot x="64" y="128" xunits="pixels" yunits="insetPixels"/>
			</IconStyle>
			<LabelStyle>
			</LabelStyle>
			<LineStyle>
				<color>ff2f2fd3</color>
				<width>3.2</width>
			</LineStyle>
			<PolyStyle>
				<color>40ffffff</color>
			</PolyStyle>
			<BalloonStyle>
			</BalloonStyle>
		</Style>
	</gx:CascadingStyle>
	<gx:CascadingStyle kml:id="__managed_style_532102DD13421B397F58_highlight">
		<Style>
			<IconStyle>
				<scale>1.2</scale>
				<Icon>
					<href>https://earth.google.com/earth/document/icon?color=d32f2f&amp;id=2380&amp;scale=4</href>
				</Icon>
				<hotSpot x="64" y="128" xunits="pixels" yunits="insetPixels"/>
			</IconStyle>
			<LabelStyle>
			</LabelStyle>
			<LineStyle>
				<color>ff2dc0fb</color>
				<width>4.8</width>
			</LineStyle>
			<PolyStyle>
				<color>40ffffff</color>
			</PolyStyle>
			<BalloonStyle>
			</BalloonStyle>
		</Style>
	</gx:CascadingStyle>
	<StyleMap id="__managed_style_020CFD217C421B397F58">
		<Pair>
			<key>normal</key>
			<styleUrl>#__managed_style_020CFD217C421B397F58_normal</styleUrl>
		</Pair>
		<Pair>
			<key>highlight</key>
			<styleUrl>#__managed_style_020CFD217C421B397F58_highlight</styleUrl>
		</Pair>
	</StyleMap>
	<StyleMap id="__managed_style_02C455678E421B397F60">
		<Pair>
			<key>normal</key>
			<styleUrl>#__managed_style_02C455678E421B397F60_normal</styleUrl>
		</Pair>
		<Pair>
			<key>highlight</key>
			<styleUrl>#__managed_style_02C455678E421B397F60_highlight</styleUrl>
		</Pair>
	</StyleMap>
	<gx:CascadingStyle kml:id="__managed_style_0009CD8DFB421B397F3F_highlight">
		<Style>
			<IconStyle>
				<scale>1.2</scale>
				<Icon>
					<href>https://earth.google.com/earth/document/icon?color=1976d2&amp;id=2000&amp;scale=4</href>
				</Icon>
				<hotSpot x="64" y="128" xunits="pixels" yunits="insetPixels"/>
			</IconStyle>
			<LabelStyle>
			</LabelStyle>
			<LineStyle>
				<color>ff2f2fd3</color>
				<width>4.8</width>
			</LineStyle>
			<PolyStyle>
				<color>40ffffff</color>
			</PolyStyle>
			<BalloonStyle>
			</BalloonStyle>
		</Style>
	</gx:CascadingStyle>
	<gx:CascadingStyle kml:id="__managed_style_532102DD13421B397F58_normal">
		<Style>
			<IconStyle>
				<Icon>
					<href>https://earth.google.com/earth/document/icon?color=d32f2f&amp;id=2380&amp;scale=4</href>
				</Icon>
				<hotSpot x="64" y="128" xunits="pixels" yunits="insetPixels"/>
			</IconStyle>
			<LabelStyle>
			</LabelStyle>
			<LineStyle>
				<color>ff2dc0fb</color>
				<width>3.2</width>
			</LineStyle>
			<PolyStyle>
				<color>40ffffff</color>
			</PolyStyle>
			<BalloonStyle>
			</BalloonStyle>
		</Style>
	</gx:CascadingStyle>
	<gx:CascadingStyle kml:id="__managed_style_200D331E60421B397F54_highlight">
		<Style>
			<IconStyle>
				<scale>1.2</scale>
				<Icon>
					<href>https://earth.google.com/earth/document/icon?color=d32f2f&amp;id=2380&amp;scale=4</href>
				</Icon>
				<hotSpot x="64" y="128" xunits="pixels" yunits="insetPixels"/>
			</IconStyle>
			<LabelStyle>
			</LabelStyle>
			<LineStyle>
				<color>ff2dc0fb</color>
				<width>4.8</width>
			</LineStyle>
			<PolyStyle>
				<color>40ffffff</color>
			</PolyStyle>
			<BalloonStyle>
			</BalloonStyle>
		</Style>
	</gx:CascadingStyle>
	<gx:CascadingStyle kml:id="__managed_style_02B20B96B7421B397F5C_highlight">
		<styleUrl>https://earth.google.com/balloon_components/base/1.1.0.0/card_template.kml#main</styleUrl>
		<Style>
			<IconStyle>
				<scale>1.2</scale>
				<Icon>
					<href>https://earth.google.com/earth/document/icon?color=1976d2&amp;id=2000&amp;scale=4</href>
				</Icon>
				<hotSpot x="64" y="128" xunits="pixels" yunits="insetPixels"/>
			</IconStyle>
			<LabelStyle>
			</LabelStyle>
			<LineStyle>
				<color>ffa21f7b</color>
				<width>4.8</width>
			</LineStyle>
			<PolyStyle>
				<color>40ffffff</color>
			</PolyStyle>
			<BalloonStyle>
			</BalloonStyle>
		</Style>
	</gx:CascadingStyle>
	<gx:CascadingStyle kml:id="__managed_style_02B20B96B7421B397F5C_normal">
		<styleUrl>https://earth.google.com/balloon_components/base/1.1.0.0/card_template.kml#main</styleUrl>
		<Style>
			<IconStyle>
				<Icon>
					<href>https://earth.google.com/earth/document/icon?color=1976d2&amp;id=2000&amp;scale=4</href>
				</Icon>
				<hotSpot x="64" y="128" xunits="pixels" yunits="insetPixels"/>
			</IconStyle>
			<LabelStyle>
			</LabelStyle>
			<LineStyle>
				<color>ffa21f7b</color>
				<width>3.2</width>
			</LineStyle>
			<PolyStyle>
				<color>40ffffff</color>
			</PolyStyle>
			<BalloonStyle>
			</BalloonStyle>
		</Style>
	</gx:CascadingStyle>
	<gx:CascadingStyle kml:id="__managed_style_4A8C7F47E1421B397F5F_normal">
		<styleUrl>https://earth.google.com/balloon_components/base/1.1.0.0/card_template.kml#main</styleUrl>
		<Style>
			<IconStyle>
				<Icon>
					<href>https://earth.google.com/earth/document/icon?color=1976d2&amp;id=2000&amp;scale=4</href>
				</Icon>
				<hotSpot x="64" y="128" xunits="pixels" yunits="insetPixels"/>
			</IconStyle>
			<LabelStyle>
			</LabelStyle>
			<LineStyle>
				<color>ffa21f7b</color>
				<width>3.2</width>
			</LineStyle>
			<PolyStyle>
				<color>40ffffff</color>
			</PolyStyle>
			<BalloonStyle>
			</BalloonStyle>
		</Style>
	</gx:CascadingStyle>
	<gx:CascadingStyle kml:id="__managed_style_1A50337434421B397F56_normal">
		<Style>
			<IconStyle>
				<Icon>
					<href>https://earth.google.com/earth/document/icon?color=d32f2f&amp;id=2380&amp;scale=4</href>
				</Icon>
				<hotSpot x="64" y="128" xunits="pixels" yunits="insetPixels"/>
			</IconStyle>
			<LabelStyle>
			</LabelStyle>
			<LineStyle>
				<color>ff2dc0fb</color>
				<width>3.2</width>
			</LineStyle>
			<PolyStyle>
				<color>40ffffff</color>
			</PolyStyle>
			<BalloonStyle>
			</BalloonStyle>
		</Style>
	</gx:CascadingStyle>
	<StyleMap id="__managed_style_02B20B96B7421B397F5C">
		<Pair>
			<key>normal</key>
			<styleUrl>#__managed_style_02B20B96B7421B397F5C_normal</styleUrl>
		</Pair>
		<Pair>
			<key>highlight</key>
			<styleUrl>#__managed_style_02B20B96B7421B397F5C_highlight</styleUrl>
		</Pair>
	</StyleMap>
	<gx:CascadingStyle kml:id="__managed_style_025DA63976421B397F56_highlight">
		<Style>
			<IconStyle>
				<scale>1.2</scale>
				<Icon>
					<href>https://earth.google.com/earth/document/icon?color=d32f2f&amp;id=2380&amp;scale=4</href>
				</Icon>
				<hotSpot x="64" y="128" xunits="pixels" yunits="insetPixels"/>
			</IconStyle>
			<LabelStyle>
			</LabelStyle>
			<LineStyle>
				<color>ff2dc0fb</color>
				<width>4.8</width>
			</LineStyle>
			<PolyStyle>
				<color>40ffffff</color>
			</PolyStyle>
			<BalloonStyle>
			</BalloonStyle>
		</Style>
	</gx:CascadingStyle>
	<gx:CascadingStyle kml:id="__managed_style_69300407B2421B397F58_normal">
		<Style>
			<IconStyle>
				<Icon>
					<href>https://earth.google.com/earth/document/icon?color=1976d2&amp;id=2000&amp;scale=4</href>
				</Icon>
				<hotSpot x="64" y="128" xunits="pixels" yunits="insetPixels"/>
			</IconStyle>
			<LabelStyle>
			</LabelStyle>
			<LineStyle>
				<color>ff9f3f30</color>
				<width>3.2</width>
			</LineStyle>
			<PolyStyle>
				<color>40ffffff</color>
			</PolyStyle>
			<BalloonStyle>
			</BalloonStyle>
		</Style>
	</gx:CascadingStyle>
	<gx:CascadingStyle kml:id="__managed_style_025DA63976421B397F56_normal">
		<Style>
			<IconStyle>
				<Icon>
					<href>https://earth.google.com/earth/document/icon?color=d32f2f&amp;id=2380&amp;scale=4</href>
				</Icon>
				<hotSpot x="64" y="128" xunits="pixels" yunits="insetPixels"/>
			</IconStyle>
			<LabelStyle>
			</LabelStyle>
			<LineStyle>
				<color>ff2dc0fb</color>
				<width>3.2</width>
			</LineStyle>
			<PolyStyle>
				<color>40ffffff</color>
			</PolyStyle>
			<BalloonStyle>
			</BalloonStyle>
		</Style>
	</gx:CascadingStyle>
	<gx:CascadingStyle kml:id="__managed_style_269BC00EF3421B397F5B_normal">
		<styleUrl>https://earth.google.com/balloon_components/base/1.1.0.0/card_template.kml#main</styleUrl>
		<Style>
			<IconStyle>
				<Icon>
					<href>https://earth.google.com/earth/document/icon?color=1976d2&amp;id=2000&amp;scale=4</href>
				</Icon>
				<hotSpot x="64" y="128" xunits="pixels" yunits="insetPixels"/>
			</IconStyle>
			<LabelStyle>
			</LabelStyle>
			<LineStyle>
				<color>ffa21f7b</color>
				<width>3.2</width>
			</LineStyle>
			<PolyStyle>
				<color>40ffffff</color>
			</PolyStyle>
			<BalloonStyle>
			</BalloonStyle>
		</Style>
	</gx:CascadingStyle>
	<StyleMap id="__managed_style_1A96FCEA49421B397F58">
		<Pair>
			<key>normal</key>
			<styleUrl>#__managed_style_1A96FCEA49421B397F58_normal</styleUrl>
		</Pair>
		<Pair>
			<key>highlight</key>
			<styleUrl>#__managed_style_1A96FCEA49421B397F58_highlight</styleUrl>
		</Pair>
	</StyleMap>
	<gx:CascadingStyle kml:id="__managed_style_72A0DB9AD7421B397F64_normal">
		<Style>
			<IconStyle>
				<Icon>
					<href>https://earth.google.com/earth/document/icon?color=1976d2&amp;id=2000&amp;scale=4</href>
				</Icon>
				<hotSpot x="64" y="128" xunits="pixels" yunits="insetPixels"/>
			</IconStyle>
			<LabelStyle>
			</LabelStyle>
			<LineStyle>
				<color>ffa21f7b</color>
				<width>6.4</width>
			</LineStyle>
			<PolyStyle>
				<color>40ffffff</color>
			</PolyStyle>
			<BalloonStyle>
			</BalloonStyle>
		</Style>
	</gx:CascadingStyle>
	<gx:CascadingStyle kml:id="__managed_style_2A96C0DE9A421B397F5F_highlight">
		<Style>
			<IconStyle>
				<scale>1.2</scale>
				<Icon>
					<href>https://earth.google.com/earth/document/icon?color=ffee58&amp;id=2000&amp;scale=4</href>
				</Icon>
				<hotSpot x="64" y="128" xunits="pixels" yunits="insetPixels"/>
			</IconStyle>
			<LabelStyle>
			</LabelStyle>
			<LineStyle>
				<color>ff2dc0fb</color>
				<width>4.8</width>
			</LineStyle>
			<PolyStyle>
				<color>40ffffff</color>
			</PolyStyle>
			<BalloonStyle>
			</BalloonStyle>
		</Style>
	</gx:CascadingStyle>
	<gx:CascadingStyle kml:id="__managed_style_0DC408A35F421B397F59_normal">
		<styleUrl>https://earth.google.com/balloon_components/base/1.1.0.0/card_template.kml#main</styleUrl>
		<Style>
			<IconStyle>
				<Icon>
					<href>https://earth.google.com/earth/document/icon?color=1976d2&amp;id=2000&amp;scale=4</href>
				</Icon>
				<hotSpot x="64" y="128" xunits="pixels" yunits="insetPixels"/>
			</IconStyle>
			<LabelStyle>
			</LabelStyle>
			<LineStyle>
				<color>ffa21f7b</color>
				<width>3.2</width>
			</LineStyle>
			<PolyStyle>
				<color>40ffffff</color>
			</PolyStyle>
			<BalloonStyle>
			</BalloonStyle>
		</Style>
	</gx:CascadingStyle>
	<gx:CascadingStyle kml:id="__managed_style_01E622A2A4421B397F54_highlight">
		<Style>
			<IconStyle>
				<scale>1.2</scale>
				<Icon>
					<href>https://earth.google.com/earth/document/icon?color=d32f2f&amp;id=2380&amp;scale=4</href>
				</Icon>
				<hotSpot x="64" y="128" xunits="pixels" yunits="insetPixels"/>
			</IconStyle>
			<LabelStyle>
			</LabelStyle>
			<LineStyle>
				<color>ff2dc0fb</color>
				<width>4.8</width>
			</LineStyle>
			<PolyStyle>
				<color>40ffffff</color>
			</PolyStyle>
			<BalloonStyle>
			</BalloonStyle>
		</Style>
	</gx:CascadingStyle>
	<gx:CascadingStyle kml:id="__managed_style_12A8B1B34B421B397F61_normal">
		<styleUrl>https://earth.google.com/balloon_components/base/1.1.0.0/card_template.kml#main</styleUrl>
		<Style>
			<IconStyle>
				<Icon>
					<href>https://earth.google.com/earth/document/icon?color=1976d2&amp;id=2000&amp;scale=4</href>
				</Icon>
				<hotSpot x="64" y="128" xunits="pixels" yunits="insetPixels"/>
			</IconStyle>
			<LabelStyle>
			</LabelStyle>
			<LineStyle>
				<color>ffbc47ab</color>
				<width>3.2</width>
			</LineStyle>
			<PolyStyle>
				<color>40ffffff</color>
			</PolyStyle>
			<BalloonStyle>
			</BalloonStyle>
		</Style>
	</gx:CascadingStyle>
	<gx:CascadingStyle kml:id="__managed_style_079CFDFFE0421B397F63_highlight">
		<Style>
			<IconStyle>
				<scale>1.8</scale>
				<Icon>
					<href>https://earth.google.com/earth/document/icon?color=00796b&amp;id=2380&amp;scale=4</href>
				</Icon>
				<hotSpot x="64" y="128" xunits="pixels" yunits="insetPixels"/>
			</IconStyle>
			<LabelStyle>
			</LabelStyle>
			<LineStyle>
				<color>ff2dc0fb</color>
				<width>4.8</width>
			</LineStyle>
			<PolyStyle>
				<color>40ffffff</color>
			</PolyStyle>
			<BalloonStyle>
			</BalloonStyle>
		</Style>
	</gx:CascadingStyle>
	<StyleMap id="__managed_style_2C0D363476421B397F5E">
		<Pair>
			<key>normal</key>
			<styleUrl>#__managed_style_2C0D363476421B397F5E_normal</styleUrl>
		</Pair>
		<Pair>
			<key>highlight</key>
			<styleUrl>#__managed_style_2C0D363476421B397F5E_highlight</styleUrl>
		</Pair>
	</StyleMap>
	<StyleMap id="__managed_style_01E622A2A4421B397F54">
		<Pair>
			<key>normal</key>
			<styleUrl>#__managed_style_01E622A2A4421B397F54_normal</styleUrl>
		</Pair>
		<Pair>
			<key>highlight</key>
			<styleUrl>#__managed_style_01E622A2A4421B397F54_highlight</styleUrl>
		</Pair>
	</StyleMap>
	<gx:CascadingStyle kml:id="__managed_style_02C455678E421B397F60_normal">
		<Style>
			<IconStyle>
				<Icon>
					<href>https://earth.google.com/earth/document/icon?color=1976d2&amp;id=2000&amp;scale=4</href>
				</Icon>
				<hotSpot x="64" y="128" xunits="pixels" yunits="insetPixels"/>
			</IconStyle>
			<LabelStyle>
			</LabelStyle>
			<LineStyle>
				<color>ffa21f7b</color>
				<width>3.2</width>
			</LineStyle>
			<PolyStyle>
				<color>40ffffff</color>
			</PolyStyle>
			<BalloonStyle>
			</BalloonStyle>
		</Style>
	</gx:CascadingStyle>
	<StyleMap id="__managed_style_0DC408A35F421B397F59">
		<Pair>
			<key>normal</key>
			<styleUrl>#__managed_style_0DC408A35F421B397F59_normal</styleUrl>
		</Pair>
		<Pair>
			<key>highlight</key>
			<styleUrl>#__managed_style_0DC408A35F421B397F59_highlight</styleUrl>
		</Pair>
	</StyleMap>
	<gx:CascadingStyle kml:id="__managed_style_13C4CC0AEA421B397F5C_highlight">
		<styleUrl>https://earth.google.com/balloon_components/base/1.1.0.0/card_template.kml#main</styleUrl>
		<Style>
			<IconStyle>
				<scale>1.2</scale>
				<Icon>
					<href>https://earth.google.com/earth/document/icon?color=1976d2&amp;id=2000&amp;scale=4</href>
				</Icon>
				<hotSpot x="64" y="128" xunits="pixels" yunits="insetPixels"/>
			</IconStyle>
			<LabelStyle>
			</LabelStyle>
			<LineStyle>
				<color>ff2f2fd3</color>
				<width>4.8</width>
			</LineStyle>
			<PolyStyle>
				<color>40ffffff</color>
			</PolyStyle>
			<BalloonStyle>
			</BalloonStyle>
		</Style>
	</gx:CascadingStyle>
	<gx:CascadingStyle kml:id="__managed_style_25608BCEE5421B397F60_normal">
		<Style>
			<IconStyle>
				<Icon>
					<href>https://earth.google.com/earth/document/icon?color=1976d2&amp;id=2000&amp;scale=4</href>
				</Icon>
				<hotSpot x="64" y="128" xunits="pixels" yunits="insetPixels"/>
			</IconStyle>
			<LabelStyle>
			</LabelStyle>
			<LineStyle>
				<color>ff9f3f30</color>
				<width>3.2</width>
			</LineStyle>
			<PolyStyle>
				<color>40ffffff</color>
			</PolyStyle>
			<BalloonStyle>
			</BalloonStyle>
		</Style>
	</gx:CascadingStyle>
	<gx:CascadingStyle kml:id="__managed_style_31DA2F59A4421B397F5C_highlight">
		<Style>
			<IconStyle>
				<scale>1.2</scale>
				<Icon>
					<href>https://earth.google.com/earth/document/icon?color=1976d2&amp;id=2000&amp;scale=4</href>
				</Icon>
				<hotSpot x="64" y="128" xunits="pixels" yunits="insetPixels"/>
			</IconStyle>
			<LabelStyle>
			</LabelStyle>
			<LineStyle>
				<color>ff2dc0fb</color>
				<width>4.8</width>
			</LineStyle>
			<PolyStyle>
				<color>40ffffff</color>
			</PolyStyle>
			<BalloonStyle>
			</BalloonStyle>
		</Style>
	</gx:CascadingStyle>
	<gx:CascadingStyle kml:id="__managed_style_2E015AC77C421B397F58_highlight">
		<Style>
			<IconStyle>
				<scale>1.2</scale>
				<Icon>
					<href>https://earth.google.com/earth/document/icon?color=1976d2&amp;id=2000&amp;scale=4</href>
				</Icon>
				<hotSpot x="64" y="128" xunits="pixels" yunits="insetPixels"/>
			</IconStyle>
			<LabelStyle>
			</LabelStyle>
			<LineStyle>
				<color>ff9f3f30</color>
				<width>4.8</width>
			</LineStyle>
			<PolyStyle>
				<color>40ffffff</color>
			</PolyStyle>
			<BalloonStyle>
			</BalloonStyle>
		</Style>
	</gx:CascadingStyle>
	<gx:CascadingStyle kml:id="__managed_style_0C9055D6ED421B397F57_normal">
		<styleUrl>https://earth.google.com/balloon_components/base/1.1.0.0/card_template.kml#main</styleUrl>
		<Style>
			<IconStyle>
				<Icon>
					<href>https://earth.google.com/earth/document/icon?color=000000&amp;id=2163&amp;scale=4</href>
				</Icon>
				<hotSpot x="64" y="128" xunits="pixels" yunits="insetPixels"/>
			</IconStyle>
			<LabelStyle>
			</LabelStyle>
			<LineStyle>
				<color>ff2dc0fb</color>
				<width>3.2</width>
			</LineStyle>
			<PolyStyle>
				<color>40ffffff</color>
			</PolyStyle>
			<BalloonStyle>
			</BalloonStyle>
		</Style>
	</gx:CascadingStyle>
	<StyleMap id="__managed_style_044545DFCA421B397F68">
		<Pair>
			<key>normal</key>
			<styleUrl>#__managed_style_044545DFCA421B397F68_normal</styleUrl>
		</Pair>
		<Pair>
			<key>highlight</key>
			<styleUrl>#__managed_style_044545DFCA421B397F68_highlight</styleUrl>
		</Pair>
	</StyleMap>
	<gx:CascadingStyle kml:id="__managed_style_165CA51C69421B397F68_highlight">
		<styleUrl>https://earth.google.com/balloon_components/base/1.1.0.0/card_template.kml#main</styleUrl>
		<Style>
			<IconStyle>
				<scale>1.2</scale>
				<Icon>
					<href>https://earth.google.com/earth/document/icon?color=1976d2&amp;id=2000&amp;scale=4</href>
				</Icon>
				<hotSpot x="64" y="128" xunits="pixels" yunits="insetPixels"/>
			</IconStyle>
			<LabelStyle>
			</LabelStyle>
			<LineStyle>
				<color>ff9f3f30</color>
				<width>9.6</width>
			</LineStyle>
			<PolyStyle>
				<color>40ffffff</color>
			</PolyStyle>
			<BalloonStyle>
			</BalloonStyle>
		</Style>
	</gx:CascadingStyle>
	<gx:CascadingStyle kml:id="__managed_style_4AFA8EA45F421B397F58_normal">
		<styleUrl>https://earth.google.com/balloon_components/base/1.1.0.0/card_template.kml#main</styleUrl>
		<Style>
			<IconStyle>
				<Icon>
					<href>https://earth.google.com/earth/document/icon?color=1976d2&amp;id=2000&amp;scale=4</href>
				</Icon>
				<hotSpot x="64" y="128" xunits="pixels" yunits="insetPixels"/>
			</IconStyle>
			<LabelStyle>
			</LabelStyle>
			<LineStyle>
				<color>ff9f3f30</color>
				<width>3.2</width>
			</LineStyle>
			<PolyStyle>
				<color>40ffffff</color>
			</PolyStyle>
			<BalloonStyle>
			</BalloonStyle>
		</Style>
	</gx:CascadingStyle>
	<gx:CascadingStyle kml:id="__managed_style_1D85365285421B397F54_highlight">
		<Style>
			<IconStyle>
				<scale>1.2</scale>
				<Icon>
					<href>https://earth.google.com/earth/document/icon?color=1976d2&amp;id=2000&amp;scale=4</href>
				</Icon>
				<hotSpot x="64" y="128" xunits="pixels" yunits="insetPixels"/>
			</IconStyle>
			<LabelStyle>
			</LabelStyle>
			<LineStyle>
				<color>ff2dc0fb</color>
				<width>4.8</width>
			</LineStyle>
			<PolyStyle>
				<color>40ffffff</color>
			</PolyStyle>
			<BalloonStyle>
			</BalloonStyle>
		</Style>
	</gx:CascadingStyle>
	<StyleMap id="__managed_style_2031AA090C421B397F64">
		<Pair>
			<key>normal</key>
			<styleUrl>#__managed_style_2031AA090C421B397F64_normal</styleUrl>
		</Pair>
		<Pair>
			<key>highlight</key>
			<styleUrl>#__managed_style_2031AA090C421B397F64_highlight</styleUrl>
		</Pair>
	</StyleMap>
	<StyleMap id="__managed_style_2FEF7A148A421B397F56">
		<Pair>
			<key>normal</key>
			<styleUrl>#__managed_style_2FEF7A148A421B397F56_normal</styleUrl>
		</Pair>
		<Pair>
			<key>highlight</key>
			<styleUrl>#__managed_style_2FEF7A148A421B397F56_highlight</styleUrl>
		</Pair>
	</StyleMap>
	<StyleMap id="__managed_style_4AFA8EA45F421B397F58">
		<Pair>
			<key>normal</key>
			<styleUrl>#__managed_style_4AFA8EA45F421B397F58_normal</styleUrl>
		</Pair>
		<Pair>
			<key>highlight</key>
			<styleUrl>#__managed_style_4AFA8EA45F421B397F58_highlight</styleUrl>
		</Pair>
	</StyleMap>
	<StyleMap id="__managed_style_5B7D4C7BCA421B397F64">
		<Pair>
			<key>normal</key>
			<styleUrl>#__managed_style_5B7D4C7BCA421B397F64_normal</styleUrl>
		</Pair>
		<Pair>
			<key>highlight</key>
			<styleUrl>#__managed_style_5B7D4C7BCA421B397F64_highlight</styleUrl>
		</Pair>
	</StyleMap>
	<StyleMap id="__managed_style_1779ACA20A421B397F64">
		<Pair>
			<key>normal</key>
			<styleUrl>#__managed_style_1779ACA20A421B397F64_normal</styleUrl>
		</Pair>
		<Pair>
			<key>highlight</key>
			<styleUrl>#__managed_style_1779ACA20A421B397F64_highlight</styleUrl>
		</Pair>
	</StyleMap>
	<gx:CascadingStyle kml:id="__managed_style_4A8C7F47E1421B397F5F_highlight">
		<styleUrl>https://earth.google.com/balloon_components/base/1.1.0.0/card_template.kml#main</styleUrl>
		<Style>
			<IconStyle>
				<scale>1.2</scale>
				<Icon>
					<href>https://earth.google.com/earth/document/icon?color=1976d2&amp;id=2000&amp;scale=4</href>
				</Icon>
				<hotSpot x="64" y="128" xunits="pixels" yunits="insetPixels"/>
			</IconStyle>
			<LabelStyle>
			</LabelStyle>
			<LineStyle>
				<color>ffa21f7b</color>
				<width>4.8</width>
			</LineStyle>
			<PolyStyle>
				<color>40ffffff</color>
			</PolyStyle>
			<BalloonStyle>
			</BalloonStyle>
		</Style>
	</gx:CascadingStyle>
	<gx:CascadingStyle kml:id="__managed_style_2C0D363476421B397F5E_normal">
		<styleUrl>https://earth.google.com/balloon_components/base/1.1.0.0/card_template.kml#main</styleUrl>
		<Style>
			<IconStyle>
				<scale>1.5</scale>
				<Icon>
					<href>https://earth.google.com/earth/document/icon?color=00796b&amp;id=2380&amp;scale=4</href>
				</Icon>
				<hotSpot x="64" y="128" xunits="pixels" yunits="insetPixels"/>
			</IconStyle>
			<LabelStyle>
			</LabelStyle>
			<LineStyle>
				<color>ff2dc0fb</color>
				<width>3.2</width>
			</LineStyle>
			<PolyStyle>
				<color>40ffffff</color>
			</PolyStyle>
			<BalloonStyle>
			</BalloonStyle>
		</Style>
	</gx:CascadingStyle>
	<gx:CascadingStyle kml:id="__managed_style_044545DFCA421B397F68_normal">
		<Style>
			<IconStyle>
				<Icon>
					<href>https://earth.google.com/earth/document/icon?color=1976d2&amp;id=2000&amp;scale=4</href>
				</Icon>
				<hotSpot x="64" y="128" xunits="pixels" yunits="insetPixels"/>
			</IconStyle>
			<LabelStyle>
			</LabelStyle>
			<LineStyle>
				<color>ff000000</color>
				<width>6.4</width>
			</LineStyle>
			<PolyStyle>
				<color>40ffffff</color>
			</PolyStyle>
			<BalloonStyle>
			</BalloonStyle>
		</Style>
	</gx:CascadingStyle>
	<gx:CascadingStyle kml:id="__managed_style_1DAD1049F2421B397F60_normal">
		<Style>
			<IconStyle>
				<scale>0.75</scale>
				<Icon>
					<href>https://earth.google.com/earth/document/icon?color=d32f2f&amp;id=2380&amp;scale=4</href>
				</Icon>
				<hotSpot x="64" y="128" xunits="pixels" yunits="insetPixels"/>
			</IconStyle>
			<LabelStyle>
			</LabelStyle>
			<LineStyle>
				<color>ff2dc0fb</color>
				<width>3.2</width>
			</LineStyle>
			<PolyStyle>
				<color>40ffffff</color>
			</PolyStyle>
			<BalloonStyle>
			</BalloonStyle>
		</Style>
	</gx:CascadingStyle>
	<StyleMap id="__managed_style_0255245676421B397F61">
		<Pair>
			<key>normal</key>
			<styleUrl>#__managed_style_0255245676421B397F61_normal</styleUrl>
		</Pair>
		<Pair>
			<key>highlight</key>
			<styleUrl>#__managed_style_0255245676421B397F61_highlight</styleUrl>
		</Pair>
	</StyleMap>
	<StyleMap id="__managed_style_25651007F6421B397F61">
		<Pair>
			<key>normal</key>
			<styleUrl>#__managed_style_25651007F6421B397F61_normal</styleUrl>
		</Pair>
		<Pair>
			<key>highlight</key>
			<styleUrl>#__managed_style_25651007F6421B397F61_highlight</styleUrl>
		</Pair>
	</StyleMap>
	<gx:CascadingStyle kml:id="__managed_style_1A96FCEA49421B397F58_highlight">
		<styleUrl>https://earth.google.com/balloon_components/base/1.1.0.0/card_template.kml#main</styleUrl>
		<Style>
			<IconStyle>
				<scale>1.2</scale>
				<Icon>
					<href>https://earth.google.com/earth/document/icon?color=1976d2&amp;id=2000&amp;scale=4</href>
				</Icon>
				<hotSpot x="64" y="128" xunits="pixels" yunits="insetPixels"/>
			</IconStyle>
			<LabelStyle>
			</LabelStyle>
			<LineStyle>
				<color>ff9f3f30</color>
				<width>4.8</width>
			</LineStyle>
			<PolyStyle>
				<color>40ffffff</color>
			</PolyStyle>
			<BalloonStyle>
			</BalloonStyle>
		</Style>
	</gx:CascadingStyle>
	<StyleMap id="__managed_style_72A0DB9AD7421B397F64">
		<Pair>
			<key>normal</key>
			<styleUrl>#__managed_style_72A0DB9AD7421B397F64_normal</styleUrl>
		</Pair>
		<Pair>
			<key>highlight</key>
			<styleUrl>#__managed_style_72A0DB9AD7421B397F64_highlight</styleUrl>
		</Pair>
	</StyleMap>
	<gx:CascadingStyle kml:id="__managed_style_1DAD1049F2421B397F60_highlight">
		<Style>
			<IconStyle>
				<scale>0.9</scale>
				<Icon>
					<href>https://earth.google.com/earth/document/icon?color=d32f2f&amp;id=2380&amp;scale=4</href>
				</Icon>
				<hotSpot x="64" y="128" xunits="pixels" yunits="insetPixels"/>
			</IconStyle>
			<LabelStyle>
			</LabelStyle>
			<LineStyle>
				<color>ff2dc0fb</color>
				<width>4.8</width>
			</LineStyle>
			<PolyStyle>
				<color>40ffffff</color>
			</PolyStyle>
			<BalloonStyle>
			</BalloonStyle>
		</Style>
	</gx:CascadingStyle>
	<StyleMap id="__managed_style_165CA51C69421B397F68">
		<Pair>
			<key>normal</key>
			<styleUrl>#__managed_style_165CA51C69421B397F68_normal</styleUrl>
		</Pair>
		<Pair>
			<key>highlight</key>
			<styleUrl>#__managed_style_165CA51C69421B397F68_highlight</styleUrl>
		</Pair>
	</StyleMap>
	<gx:CascadingStyle kml:id="__managed_style_5CC3F700FB421B397F54_highlight">
		<Style>
			<IconStyle>
				<scale>1.2</scale>
				<Icon>
					<href>https://earth.google.com/earth/document/icon?color=1976d2&amp;id=2000&amp;scale=4</href>
				</Icon>
				<hotSpot x="64" y="128" xunits="pixels" yunits="insetPixels"/>
			</IconStyle>
			<LabelStyle>
			</LabelStyle>
			<LineStyle>
				<color>ff2f2fd3</color>
				<width>4.8</width>
			</LineStyle>
			<PolyStyle>
				<color>40ffffff</color>
			</PolyStyle>
			<BalloonStyle>
			</BalloonStyle>
		</Style>
	</gx:CascadingStyle>
	<StyleMap id="__managed_style_1DAD1049F2421B397F60">
		<Pair>
			<key>normal</key>
			<styleUrl>#__managed_style_1DAD1049F2421B397F60_normal</styleUrl>
		</Pair>
		<Pair>
			<key>highlight</key>
			<styleUrl>#__managed_style_1DAD1049F2421B397F60_highlight</styleUrl>
		</Pair>
	</StyleMap>
	<gx:CascadingStyle kml:id="__managed_style_044545DFCA421B397F68_highlight">
		<Style>
			<IconStyle>
				<scale>1.2</scale>
				<Icon>
					<href>https://earth.google.com/earth/document/icon?color=1976d2&amp;id=2000&amp;scale=4</href>
				</Icon>
				<hotSpot x="64" y="128" xunits="pixels" yunits="insetPixels"/>
			</IconStyle>
			<LabelStyle>
			</LabelStyle>
			<LineStyle>
				<color>ff000000</color>
				<width>9.6</width>
			</LineStyle>
			<PolyStyle>
				<color>40ffffff</color>
			</PolyStyle>
			<BalloonStyle>
			</BalloonStyle>
		</Style>
	</gx:CascadingStyle>
	<gx:CascadingStyle kml:id="__managed_style_3C91809D95421B397F54_normal">
		<Style>
			<IconStyle>
				<Icon>
					<href>https://earth.google.com/earth/document/icon?color=d32f2f&amp;id=2380&amp;scale=4</href>
				</Icon>
				<hotSpot x="64" y="128" xunits="pixels" yunits="insetPixels"/>
			</IconStyle>
			<LabelStyle>
			</LabelStyle>
			<LineStyle>
				<color>ff2dc0fb</color>
				<width>3.2</width>
			</LineStyle>
			<PolyStyle>
				<color>40ffffff</color>
			</PolyStyle>
			<BalloonStyle>
			</BalloonStyle>
		</Style>
	</gx:CascadingStyle>
	<gx:CascadingStyle kml:id="__managed_style_6663787490421B397F54_normal">
		<Style>
			<IconStyle>
				<Icon>
					<href>https://earth.google.com/earth/document/icon?color=1976d2&amp;id=2000&amp;scale=4</href>
				</Icon>
				<hotSpot x="64" y="128" xunits="pixels" yunits="insetPixels"/>
			</IconStyle>
			<LabelStyle>
			</LabelStyle>
			<LineStyle>
				<color>ff9f3f30</color>
				<width>3.2</width>
			</LineStyle>
			<PolyStyle>
				<color>40ffffff</color>
			</PolyStyle>
			<BalloonStyle>
			</BalloonStyle>
		</Style>
	</gx:CascadingStyle>
	<StyleMap id="__managed_style_6663787490421B397F54">
		<Pair>
			<key>normal</key>
			<styleUrl>#__managed_style_6663787490421B397F54_normal</styleUrl>
		</Pair>
		<Pair>
			<key>highlight</key>
			<styleUrl>#__managed_style_6663787490421B397F54_highlight</styleUrl>
		</Pair>
	</StyleMap>
	<gx:CascadingStyle kml:id="__managed_style_27EB8D6286421B397F67_highlight">
		<Style>
			<IconStyle>
				<scale>1.8</scale>
				<Icon>
					<href>https://earth.google.com/earth/document/icon?color=26a69a&amp;id=2380&amp;scale=4</href>
				</Icon>
				<hotSpot x="64" y="128" xunits="pixels" yunits="insetPixels"/>
			</IconStyle>
			<LabelStyle>
			</LabelStyle>
			<LineStyle>
				<color>ff2dc0fb</color>
				<width>4.8</width>
			</LineStyle>
			<PolyStyle>
				<color>40ffffff</color>
			</PolyStyle>
			<BalloonStyle>
			</BalloonStyle>
		</Style>
	</gx:CascadingStyle>
	<StyleMap id="__managed_style_3030E764F9421B397F66">
		<Pair>
			<key>normal</key>
			<styleUrl>#__managed_style_3030E764F9421B397F66_normal</styleUrl>
		</Pair>
		<Pair>
			<key>highlight</key>
			<styleUrl>#__managed_style_3030E764F9421B397F66_highlight</styleUrl>
		</Pair>
	</StyleMap>
	<StyleMap id="__managed_style_1A50337434421B397F56">
		<Pair>
			<key>normal</key>
			<styleUrl>#__managed_style_1A50337434421B397F56_normal</styleUrl>
		</Pair>
		<Pair>
			<key>highlight</key>
			<styleUrl>#__managed_style_1A50337434421B397F56_highlight</styleUrl>
		</Pair>
	</StyleMap>
	<gx:CascadingStyle kml:id="__managed_style_5CC3F700FB421B397F54_normal">
		<Style>
			<IconStyle>
				<Icon>
					<href>https://earth.google.com/earth/document/icon?color=1976d2&amp;id=2000&amp;scale=4</href>
				</Icon>
				<hotSpot x="64" y="128" xunits="pixels" yunits="insetPixels"/>
			</IconStyle>
			<LabelStyle>
			</LabelStyle>
			<LineStyle>
				<color>ff2f2fd3</color>
				<width>3.2</width>
			</LineStyle>
			<PolyStyle>
				<color>40ffffff</color>
			</PolyStyle>
			<BalloonStyle>
			</BalloonStyle>
		</Style>
	</gx:CascadingStyle>
	<gx:CascadingStyle kml:id="__managed_style_0CD67CFA27421B397F67_highlight">
		<Style>
			<IconStyle>
				<scale>1.2</scale>
				<Icon>
					<href>https://earth.google.com/earth/document/icon?color=7b1fa2&amp;id=2380&amp;scale=4</href>
				</Icon>
				<hotSpot x="64" y="128" xunits="pixels" yunits="insetPixels"/>
			</IconStyle>
			<LabelStyle>
			</LabelStyle>
			<LineStyle>
				<color>ff2dc0fb</color>
				<width>4.8</width>
			</LineStyle>
			<PolyStyle>
				<color>40ffffff</color>
			</PolyStyle>
			<BalloonStyle>
			</BalloonStyle>
		</Style>
	</gx:CascadingStyle>
	<gx:CascadingStyle kml:id="__managed_style_2E015AC77C421B397F58_normal">
		<Style>
			<IconStyle>
				<Icon>
					<href>https://earth.google.com/earth/document/icon?color=1976d2&amp;id=2000&amp;scale=4</href>
				</Icon>
				<hotSpot x="64" y="128" xunits="pixels" yunits="insetPixels"/>
			</IconStyle>
			<LabelStyle>
			</LabelStyle>
			<LineStyle>
				<color>ff9f3f30</color>
				<width>3.2</width>
			</LineStyle>
			<PolyStyle>
				<color>40ffffff</color>
			</PolyStyle>
			<BalloonStyle>
			</BalloonStyle>
		</Style>
	</gx:CascadingStyle>
	<gx:CascadingStyle kml:id="__managed_style_4683A5998E421B397F64_highlight">
		<styleUrl>https://earth.google.com/balloon_components/base/1.1.0.0/card_template.kml#main</styleUrl>
		<Style>
			<IconStyle>
				<scale>1.2</scale>
				<Icon>
					<href>https://earth.google.com/earth/document/icon?color=1976d2&amp;id=2000&amp;scale=4</href>
				</Icon>
				<hotSpot x="64" y="128" xunits="pixels" yunits="insetPixels"/>
			</IconStyle>
			<LabelStyle>
			</LabelStyle>
			<LineStyle>
				<color>ff2f2fd3</color>
				<width>4.8</width>
			</LineStyle>
			<PolyStyle>
				<color>40ffffff</color>
			</PolyStyle>
			<BalloonStyle>
			</BalloonStyle>
		</Style>
	</gx:CascadingStyle>
	<gx:CascadingStyle kml:id="__managed_style_3F737E45E0421B397F63_highlight">
		<styleUrl>https://earth.google.com/balloon_components/base/1.1.0.0/card_template.kml#main</styleUrl>
		<Style>
			<IconStyle>
				<scale>1.2</scale>
				<Icon>
					<href>https://earth.google.com/earth/document/icon?color=1976d2&amp;id=2000&amp;scale=4</href>
				</Icon>
				<hotSpot x="64" y="128" xunits="pixels" yunits="insetPixels"/>
			</IconStyle>
			<LabelStyle>
			</LabelStyle>
			<LineStyle>
				<color>ff2f2fd3</color>
				<width>4.8</width>
			</LineStyle>
			<PolyStyle>
				<color>40ffffff</color>
			</PolyStyle>
			<BalloonStyle>
			</BalloonStyle>
		</Style>
	</gx:CascadingStyle>
	<gx:CascadingStyle kml:id="__managed_style_1245425943421B397F63_highlight">
		<styleUrl>https://earth.google.com/balloon_components/base/1.1.0.0/card_template.kml#main</styleUrl>
		<Style>
			<IconStyle>
				<scale>0.9</scale>
				<Icon>
					<href>https://earth.google.com/earth/document/icon?color=d32f2f&amp;id=2380&amp;scale=4</href>
				</Icon>
				<hotSpot x="64" y="128" xunits="pixels" yunits="insetPixels"/>
			</IconStyle>
			<LabelStyle>
			</LabelStyle>
			<LineStyle>
				<color>ff2dc0fb</color>
				<width>4.8</width>
			</LineStyle>
			<PolyStyle>
				<color>40ffffff</color>
			</PolyStyle>
			<BalloonStyle>
			</BalloonStyle>
		</Style>
	</gx:CascadingStyle>
	<gx:CascadingStyle kml:id="__managed_style_2FEF7A148A421B397F56_highlight">
		<styleUrl>https://earth.google.com/balloon_components/base/1.1.0.0/card_template.kml#main</styleUrl>
		<Style>
			<IconStyle>
				<scale>1.2</scale>
				<Icon>
					<href>https://earth.google.com/earth/document/icon?color=d32f2f&amp;id=2380&amp;scale=4</href>
				</Icon>
				<hotSpot x="64" y="128" xunits="pixels" yunits="insetPixels"/>
			</IconStyle>
			<LabelStyle>
			</LabelStyle>
			<LineStyle>
				<color>ff2dc0fb</color>
				<width>4.8</width>
			</LineStyle>
			<PolyStyle>
				<color>40ffffff</color>
			</PolyStyle>
			<BalloonStyle>
			</BalloonStyle>
		</Style>
	</gx:CascadingStyle>
	<StyleMap id="__managed_style_1D85365285421B397F54">
		<Pair>
			<key>normal</key>
			<styleUrl>#__managed_style_1D85365285421B397F54_normal</styleUrl>
		</Pair>
		<Pair>
			<key>highlight</key>
			<styleUrl>#__managed_style_1D85365285421B397F54_highlight</styleUrl>
		</Pair>
	</StyleMap>
	<gx:CascadingStyle kml:id="__managed_style_0DC408A35F421B397F59_highlight">
		<styleUrl>https://earth.google.com/balloon_components/base/1.1.0.0/card_template.kml#main</styleUrl>
		<Style>
			<IconStyle>
				<scale>1.2</scale>
				<Icon>
					<href>https://earth.google.com/earth/document/icon?color=1976d2&amp;id=2000&amp;scale=4</href>
				</Icon>
				<hotSpot x="64" y="128" xunits="pixels" yunits="insetPixels"/>
			</IconStyle>
			<LabelStyle>
			</LabelStyle>
			<LineStyle>
				<color>ffa21f7b</color>
				<width>4.8</width>
			</LineStyle>
			<PolyStyle>
				<color>40ffffff</color>
			</PolyStyle>
			<BalloonStyle>
			</BalloonStyle>
		</Style>
	</gx:CascadingStyle>
	<gx:CascadingStyle kml:id="__managed_style_4683A5998E421B397F64_normal">
		<styleUrl>https://earth.google.com/balloon_components/base/1.1.0.0/card_template.kml#main</styleUrl>
		<Style>
			<IconStyle>
				<Icon>
					<href>https://earth.google.com/earth/document/icon?color=1976d2&amp;id=2000&amp;scale=4</href>
				</Icon>
				<hotSpot x="64" y="128" xunits="pixels" yunits="insetPixels"/>
			</IconStyle>
			<LabelStyle>
			</LabelStyle>
			<LineStyle>
				<color>ff2f2fd3</color>
				<width>3.2</width>
			</LineStyle>
			<PolyStyle>
				<color>40ffffff</color>
			</PolyStyle>
			<BalloonStyle>
			</BalloonStyle>
		</Style>
	</gx:CascadingStyle>
	<gx:CascadingStyle kml:id="__managed_style_6E25912CAF421B397F60_highlight">
		<Style>
			<IconStyle>
				<scale>1.2</scale>
				<Icon>
					<href>https://earth.google.com/earth/document/icon?color=1976d2&amp;id=2000&amp;scale=4</href>
				</Icon>
				<hotSpot x="64" y="128" xunits="pixels" yunits="insetPixels"/>
			</IconStyle>
			<LabelStyle>
			</LabelStyle>
			<LineStyle>
				<color>ff007cf5</color>
				<width>4.8</width>
			</LineStyle>
			<PolyStyle>
				<color>40ffffff</color>
			</PolyStyle>
			<BalloonStyle>
			</BalloonStyle>
		</Style>
	</gx:CascadingStyle>
	<StyleMap id="__managed_style_02968F64D2421B397F5B">
		<Pair>
			<key>normal</key>
			<styleUrl>#__managed_style_02968F64D2421B397F5B_normal</styleUrl>
		</Pair>
		<Pair>
			<key>highlight</key>
			<styleUrl>#__managed_style_02968F64D2421B397F5B_highlight</styleUrl>
		</Pair>
	</StyleMap>
	<StyleMap id="__managed_style_4683A5998E421B397F64">
		<Pair>
			<key>normal</key>
			<styleUrl>#__managed_style_4683A5998E421B397F64_normal</styleUrl>
		</Pair>
		<Pair>
			<key>highlight</key>
			<styleUrl>#__managed_style_4683A5998E421B397F64_highlight</styleUrl>
		</Pair>
	</StyleMap>
	<StyleMap id="__managed_style_079CFDFFE0421B397F63">
		<Pair>
			<key>normal</key>
			<styleUrl>#__managed_style_079CFDFFE0421B397F63_normal</styleUrl>
		</Pair>
		<Pair>
			<key>highlight</key>
			<styleUrl>#__managed_style_079CFDFFE0421B397F63_highlight</styleUrl>
		</Pair>
	</StyleMap>
	<gx:CascadingStyle kml:id="__managed_style_25608BCEE5421B397F60_highlight">
		<Style>
			<IconStyle>
				<scale>1.2</scale>
				<Icon>
					<href>https://earth.google.com/earth/document/icon?color=1976d2&amp;id=2000&amp;scale=4</href>
				</Icon>
				<hotSpot x="64" y="128" xunits="pixels" yunits="insetPixels"/>
			</IconStyle>
			<LabelStyle>
			</LabelStyle>
			<LineStyle>
				<color>ff9f3f30</color>
				<width>4.8</width>
			</LineStyle>
			<PolyStyle>
				<color>40ffffff</color>
			</PolyStyle>
			<BalloonStyle>
			</BalloonStyle>
		</Style>
	</gx:CascadingStyle>
	<StyleMap id="__managed_style_0C9055D6ED421B397F57">
		<Pair>
			<key>normal</key>
			<styleUrl>#__managed_style_0C9055D6ED421B397F57_normal</styleUrl>
		</Pair>
		<Pair>
			<key>highlight</key>
			<styleUrl>#__managed_style_0C9055D6ED421B397F57_highlight</styleUrl>
		</Pair>
	</StyleMap>
	<gx:CascadingStyle kml:id="__managed_style_164CF2BE5F421B397F67_highlight">
		<styleUrl>https://earth.google.com/balloon_components/base/1.1.0.0/card_template.kml#main</styleUrl>
		<Style>
			<IconStyle>
				<scale>1.2</scale>
				<Icon>
					<href>https://earth.google.com/earth/document/icon?color=1976d2&amp;id=2000&amp;scale=4</href>
				</Icon>
				<hotSpot x="64" y="128" xunits="pixels" yunits="insetPixels"/>
			</IconStyle>
			<LabelStyle>
			</LabelStyle>
			<LineStyle>
				<color>ffa21f7b</color>
				<width>9.6</width>
			</LineStyle>
			<PolyStyle>
				<color>40ffffff</color>
			</PolyStyle>
			<BalloonStyle>
			</BalloonStyle>
		</Style>
	</gx:CascadingStyle>
	<StyleMap id="__managed_style_15621C3E48421B397F5F">
		<Pair>
			<key>normal</key>
			<styleUrl>#__managed_style_15621C3E48421B397F5F_normal</styleUrl>
		</Pair>
		<Pair>
			<key>highlight</key>
			<styleUrl>#__managed_style_15621C3E48421B397F5F_highlight</styleUrl>
		</Pair>
	</StyleMap>
	<gx:CascadingStyle kml:id="__managed_style_0009CD8DFB421B397F3F_normal">
		<Style>
			<IconStyle>
				<Icon>
					<href>https://earth.google.com/earth/document/icon?color=1976d2&amp;id=2000&amp;scale=4</href>
				</Icon>
				<hotSpot x="64" y="128" xunits="pixels" yunits="insetPixels"/>
			</IconStyle>
			<LabelStyle>
			</LabelStyle>
			<LineStyle>
				<color>ff2f2fd3</color>
				<width>3.2</width>
			</LineStyle>
			<PolyStyle>
				<color>40ffffff</color>
			</PolyStyle>
			<BalloonStyle>
			</BalloonStyle>
		</Style>
	</gx:CascadingStyle>
	<StyleMap id="__managed_style_3B538BC0E0421B397F56">
		<Pair>
			<key>normal</key>
			<styleUrl>#__managed_style_3B538BC0E0421B397F56_normal</styleUrl>
		</Pair>
		<Pair>
			<key>highlight</key>
			<styleUrl>#__managed_style_3B538BC0E0421B397F56_highlight</styleUrl>
		</Pair>
	</StyleMap>
	<gx:CascadingStyle kml:id="__managed_style_164CF2BE5F421B397F67_normal">
		<styleUrl>https://earth.google.com/balloon_components/base/1.1.0.0/card_template.kml#main</styleUrl>
		<Style>
			<IconStyle>
				<Icon>
					<href>https://earth.google.com/earth/document/icon?color=1976d2&amp;id=2000&amp;scale=4</href>
				</Icon>
				<hotSpot x="64" y="128" xunits="pixels" yunits="insetPixels"/>
			</IconStyle>
			<LabelStyle>
			</LabelStyle>
			<LineStyle>
				<color>ffa21f7b</color>
				<width>6.4</width>
			</LineStyle>
			<PolyStyle>
				<color>40ffffff</color>
			</PolyStyle>
			<BalloonStyle>
			</BalloonStyle>
		</Style>
	</gx:CascadingStyle>
	<gx:CascadingStyle kml:id="__managed_style_2031AA090C421B397F64_highlight">
		<Style>
			<IconStyle>
				<scale>1.2</scale>
				<Icon>
					<href>https://earth.google.com/earth/document/icon?color=f57c00&amp;id=2000&amp;scale=4</href>
				</Icon>
				<hotSpot x="64" y="128" xunits="pixels" yunits="insetPixels"/>
			</IconStyle>
			<LabelStyle>
			</LabelStyle>
			<LineStyle>
				<color>ff2dc0fb</color>
				<width>4.8</width>
			</LineStyle>
			<PolyStyle>
				<color>40ffffff</color>
			</PolyStyle>
			<BalloonStyle>
			</BalloonStyle>
		</Style>
	</gx:CascadingStyle>
	<StyleMap id="__managed_style_532102DD13421B397F58">
		<Pair>
			<key>normal</key>
			<styleUrl>#__managed_style_532102DD13421B397F58_normal</styleUrl>
		</Pair>
		<Pair>
			<key>highlight</key>
			<styleUrl>#__managed_style_532102DD13421B397F58_highlight</styleUrl>
		</Pair>
	</StyleMap>
	<StyleMap id="__managed_style_164CF2BE5F421B397F67">
		<Pair>
			<key>normal</key>
			<styleUrl>#__managed_style_164CF2BE5F421B397F67_normal</styleUrl>
		</Pair>
		<Pair>
			<key>highlight</key>
			<styleUrl>#__managed_style_164CF2BE5F421B397F67_highlight</styleUrl>
		</Pair>
	</StyleMap>
	<gx:CascadingStyle kml:id="__managed_style_590FB22FEF421B397F5C_highlight">
		<styleUrl>https://earth.google.com/balloon_components/base/1.1.0.0/card_template.kml#main</styleUrl>
		<Style>
			<IconStyle>
				<scale>1.2</scale>
				<Icon>
					<href>https://earth.google.com/earth/document/icon?color=1976d2&amp;id=2000&amp;scale=4</href>
				</Icon>
				<hotSpot x="64" y="128" xunits="pixels" yunits="insetPixels"/>
			</IconStyle>
			<LabelStyle>
			</LabelStyle>
			<LineStyle>
				<color>ffa21f7b</color>
				<width>9.6</width>
			</LineStyle>
			<PolyStyle>
				<color>40ffffff</color>
			</PolyStyle>
			<BalloonStyle>
			</BalloonStyle>
		</Style>
	</gx:CascadingStyle>
	<StyleMap id="__managed_style_3BA139BD7C421B397F61">
		<Pair>
			<key>normal</key>
			<styleUrl>#__managed_style_3BA139BD7C421B397F61_normal</styleUrl>
		</Pair>
		<Pair>
			<key>highlight</key>
			<styleUrl>#__managed_style_3BA139BD7C421B397F61_highlight</styleUrl>
		</Pair>
	</StyleMap>
	<StyleMap id="__managed_style_025DA63976421B397F56">
		<Pair>
			<key>normal</key>
			<styleUrl>#__managed_style_025DA63976421B397F56_normal</styleUrl>
		</Pair>
		<Pair>
			<key>highlight</key>
			<styleUrl>#__managed_style_025DA63976421B397F56_highlight</styleUrl>
		</Pair>
	</StyleMap>
	<StyleMap id="__managed_style_6D44E1F1B3421B397F64">
		<Pair>
			<key>normal</key>
			<styleUrl>#__managed_style_6D44E1F1B3421B397F64_normal</styleUrl>
		</Pair>
		<Pair>
			<key>highlight</key>
			<styleUrl>#__managed_style_6D44E1F1B3421B397F64_highlight</styleUrl>
		</Pair>
	</StyleMap>
	<gx:CascadingStyle kml:id="__managed_style_4652D1B3E2421B397F60_highlight">
		<Style>
			<IconStyle>
				<scale>1.2</scale>
				<Icon>
					<href>https://earth.google.com/earth/document/icon?color=1976d2&amp;id=2000&amp;scale=4</href>
				</Icon>
				<hotSpot x="64" y="128" xunits="pixels" yunits="insetPixels"/>
			</IconStyle>
			<LabelStyle>
			</LabelStyle>
			<LineStyle>
				<color>ff2dc0fb</color>
				<width>4.8</width>
			</LineStyle>
			<PolyStyle>
				<color>40ffffff</color>
			</PolyStyle>
			<BalloonStyle>
			</BalloonStyle>
		</Style>
	</gx:CascadingStyle>
	<gx:CascadingStyle kml:id="__managed_style_590FB22FEF421B397F5C_normal">
		<styleUrl>https://earth.google.com/balloon_components/base/1.1.0.0/card_template.kml#main</styleUrl>
		<Style>
			<IconStyle>
				<Icon>
					<href>https://earth.google.com/earth/document/icon?color=1976d2&amp;id=2000&amp;scale=4</href>
				</Icon>
				<hotSpot x="64" y="128" xunits="pixels" yunits="insetPixels"/>
			</IconStyle>
			<LabelStyle>
			</LabelStyle>
			<LineStyle>
				<color>ffa21f7b</color>
				<width>6.4</width>
			</LineStyle>
			<PolyStyle>
				<color>40ffffff</color>
			</PolyStyle>
			<BalloonStyle>
			</BalloonStyle>
		</Style>
	</gx:CascadingStyle>
	<gx:CascadingStyle kml:id="__managed_style_12A8B1B34B421B397F61_highlight">
		<styleUrl>https://earth.google.com/balloon_components/base/1.1.0.0/card_template.kml#main</styleUrl>
		<Style>
			<IconStyle>
				<scale>1.2</scale>
				<Icon>
					<href>https://earth.google.com/earth/document/icon?color=1976d2&amp;id=2000&amp;scale=4</href>
				</Icon>
				<hotSpot x="64" y="128" xunits="pixels" yunits="insetPixels"/>
			</IconStyle>
			<LabelStyle>
			</LabelStyle>
			<LineStyle>
				<color>ffbc47ab</color>
				<width>4.8</width>
			</LineStyle>
			<PolyStyle>
				<color>40ffffff</color>
			</PolyStyle>
			<BalloonStyle>
			</BalloonStyle>
		</Style>
	</gx:CascadingStyle>
	<StyleMap id="__managed_style_590FB22FEF421B397F5C">
		<Pair>
			<key>normal</key>
			<styleUrl>#__managed_style_590FB22FEF421B397F5C_normal</styleUrl>
		</Pair>
		<Pair>
			<key>highlight</key>
			<styleUrl>#__managed_style_590FB22FEF421B397F5C_highlight</styleUrl>
		</Pair>
	</StyleMap>
	<StyleMap id="__managed_style_05D850A503421B397F64">
		<Pair>
			<key>normal</key>
			<styleUrl>#__managed_style_05D850A503421B397F64_normal</styleUrl>
		</Pair>
		<Pair>
			<key>highlight</key>
			<styleUrl>#__managed_style_05D850A503421B397F64_highlight</styleUrl>
		</Pair>
	</StyleMap>
	<gx:CascadingStyle kml:id="__managed_style_1284837B4A421B397F59_highlight">
		<Style>
			<IconStyle>
				<scale>1.2</scale>
				<Icon>
					<href>https://earth.google.com/earth/document/icon?color=1976d2&amp;id=2000&amp;scale=4</href>
				</Icon>
				<hotSpot x="64" y="128" xunits="pixels" yunits="insetPixels"/>
			</IconStyle>
			<LabelStyle>
			</LabelStyle>
			<LineStyle>
				<color>ff9f3f30</color>
				<width>2.4</width>
			</LineStyle>
			<PolyStyle>
				<color>40ffffff</color>
			</PolyStyle>
			<BalloonStyle>
			</BalloonStyle>
		</Style>
	</gx:CascadingStyle>
	<gx:CascadingStyle kml:id="__managed_style_020CFD217C421B397F58_highlight">
		<Style>
			<IconStyle>
				<scale>1.2</scale>
				<Icon>
					<href>https://earth.google.com/earth/document/icon?color=1976d2&amp;id=2000&amp;scale=4</href>
				</Icon>
				<hotSpot x="64" y="128" xunits="pixels" yunits="insetPixels"/>
			</IconStyle>
			<LabelStyle>
			</LabelStyle>
			<LineStyle>
				<color>ff2f2fd3</color>
				<width>4.8</width>
			</LineStyle>
			<PolyStyle>
				<color>40ffffff</color>
			</PolyStyle>
			<BalloonStyle>
			</BalloonStyle>
		</Style>
	</gx:CascadingStyle>
	<gx:CascadingStyle kml:id="__managed_style_3B538BC0E0421B397F56_normal">
		<styleUrl>https://earth.google.com/balloon_components/base/1.1.0.0/card_template.kml#main</styleUrl>
		<Style>
			<IconStyle>
				<Icon>
					<href>https://earth.google.com/earth/document/icon?color=1976d2&amp;id=2000&amp;scale=4</href>
				</Icon>
				<hotSpot x="64" y="128" xunits="pixels" yunits="insetPixels"/>
			</IconStyle>
			<LabelStyle>
			</LabelStyle>
			<LineStyle>
				<color>ff9f3f30</color>
				<width>3.2</width>
			</LineStyle>
			<PolyStyle>
				<color>40ffffff</color>
			</PolyStyle>
			<BalloonStyle>
			</BalloonStyle>
		</Style>
	</gx:CascadingStyle>
	<gx:CascadingStyle kml:id="__managed_style_30D5CCEBC7421B397F57_highlight">
		<styleUrl>https://earth.google.com/balloon_components/base/1.1.0.0/card_template.kml#main</styleUrl>
		<Style>
			<IconStyle>
				<scale>1.2</scale>
				<Icon>
					<href>https://earth.google.com/earth/document/icon?color=1976d2&amp;id=2000&amp;scale=4</href>
				</Icon>
				<hotSpot x="64" y="128" xunits="pixels" yunits="insetPixels"/>
			</IconStyle>
			<LabelStyle>
			</LabelStyle>
			<LineStyle>
				<color>ff9f3f30</color>
				<width>4.8</width>
			</LineStyle>
			<PolyStyle>
				<color>40ffffff</color>
			</PolyStyle>
			<BalloonStyle>
			</BalloonStyle>
		</Style>
	</gx:CascadingStyle>
	<StyleMap id="__managed_style_37F77D8728421B397F60">
		<Pair>
			<key>normal</key>
			<styleUrl>#__managed_style_37F77D8728421B397F60_normal</styleUrl>
		</Pair>
		<Pair>
			<key>highlight</key>
			<styleUrl>#__managed_style_37F77D8728421B397F60_highlight</styleUrl>
		</Pair>
	</StyleMap>
	<StyleMap id="__managed_style_4C3CF6526C421B397F54">
		<Pair>
			<key>normal</key>
			<styleUrl>#__managed_style_4C3CF6526C421B397F54_normal</styleUrl>
		</Pair>
		<Pair>
			<key>highlight</key>
			<styleUrl>#__managed_style_4C3CF6526C421B397F54_highlight</styleUrl>
		</Pair>
	</StyleMap>
	<gx:CascadingStyle kml:id="__managed_style_4AFA8EA45F421B397F58_highlight">
		<styleUrl>https://earth.google.com/balloon_components/base/1.1.0.0/card_template.kml#main</styleUrl>
		<Style>
			<IconStyle>
				<scale>1.2</scale>
				<Icon>
					<href>https://earth.google.com/earth/document/icon?color=1976d2&amp;id=2000&amp;scale=4</href>
				</Icon>
				<hotSpot x="64" y="128" xunits="pixels" yunits="insetPixels"/>
			</IconStyle>
			<LabelStyle>
			</LabelStyle>
			<LineStyle>
				<color>ff9f3f30</color>
				<width>4.8</width>
			</LineStyle>
			<PolyStyle>
				<color>40ffffff</color>
			</PolyStyle>
			<BalloonStyle>
			</BalloonStyle>
		</Style>
	</gx:CascadingStyle>
	<gx:CascadingStyle kml:id="__managed_style_27EB8D6286421B397F67_normal">
		<Style>
			<IconStyle>
				<scale>1.5</scale>
				<Icon>
					<href>https://earth.google.com/earth/document/icon?color=26a69a&amp;id=2380&amp;scale=4</href>
				</Icon>
				<hotSpot x="64" y="128" xunits="pixels" yunits="insetPixels"/>
			</IconStyle>
			<LabelStyle>
			</LabelStyle>
			<LineStyle>
				<color>ff2dc0fb</color>
				<width>3.2</width>
			</LineStyle>
			<PolyStyle>
				<color>40ffffff</color>
			</PolyStyle>
			<BalloonStyle>
			</BalloonStyle>
		</Style>
	</gx:CascadingStyle>
	<gx:CascadingStyle kml:id="__managed_style_1A50337434421B397F56_highlight">
		<Style>
			<IconStyle>
				<scale>1.2</scale>
				<Icon>
					<href>https://earth.google.com/earth/document/icon?color=d32f2f&amp;id=2380&amp;scale=4</href>
				</Icon>
				<hotSpot x="64" y="128" xunits="pixels" yunits="insetPixels"/>
			</IconStyle>
			<LabelStyle>
			</LabelStyle>
			<LineStyle>
				<color>ff2dc0fb</color>
				<width>4.8</width>
			</LineStyle>
			<PolyStyle>
				<color>40ffffff</color>
			</PolyStyle>
			<BalloonStyle>
			</BalloonStyle>
		</Style>
	</gx:CascadingStyle>
	<gx:CascadingStyle kml:id="__managed_style_32286BCFF6421B397F5E_highlight">
		<Style>
			<IconStyle>
				<scale>1.2</scale>
				<Icon>
					<href>https://earth.google.com/earth/document/icon?color=1976d2&amp;id=2000&amp;scale=4</href>
				</Icon>
				<hotSpot x="64" y="128" xunits="pixels" yunits="insetPixels"/>
			</IconStyle>
			<LabelStyle>
			</LabelStyle>
			<LineStyle>
				<color>ff9f3f30</color>
				<width>4.8</width>
			</LineStyle>
			<PolyStyle>
				<color>40ffffff</color>
			</PolyStyle>
			<BalloonStyle>
			</BalloonStyle>
		</Style>
	</gx:CascadingStyle>
	<gx:CascadingStyle kml:id="__managed_style_02968F64D2421B397F5B_highlight">
		<Style>
			<IconStyle>
				<scale>1.2</scale>
				<Icon>
					<href>https://earth.google.com/earth/document/icon?color=1976d2&amp;id=2000&amp;scale=4</href>
				</Icon>
				<hotSpot x="64" y="128" xunits="pixels" yunits="insetPixels"/>
			</IconStyle>
			<LabelStyle>
			</LabelStyle>
			<LineStyle>
				<color>ff2f2fd3</color>
				<width>3.6</width>
			</LineStyle>
			<PolyStyle>
				<color>40ffffff</color>
			</PolyStyle>
			<BalloonStyle>
			</BalloonStyle>
		</Style>
	</gx:CascadingStyle>
	<StyleMap id="__managed_style_1245425943421B397F63">
		<Pair>
			<key>normal</key>
			<styleUrl>#__managed_style_1245425943421B397F63_normal</styleUrl>
		</Pair>
		<Pair>
			<key>highlight</key>
			<styleUrl>#__managed_style_1245425943421B397F63_highlight</styleUrl>
		</Pair>
	</StyleMap>
	<StyleMap id="__managed_style_0CD67CFA27421B397F67">
		<Pair>
			<key>normal</key>
			<styleUrl>#__managed_style_0CD67CFA27421B397F67_normal</styleUrl>
		</Pair>
		<Pair>
			<key>highlight</key>
			<styleUrl>#__managed_style_0CD67CFA27421B397F67_highlight</styleUrl>
		</Pair>
	</StyleMap>
	<StyleMap id="__managed_style_269BC00EF3421B397F5B">
		<Pair>
			<key>normal</key>
			<styleUrl>#__managed_style_269BC00EF3421B397F5B_normal</styleUrl>
		</Pair>
		<Pair>
			<key>highlight</key>
			<styleUrl>#__managed_style_269BC00EF3421B397F5B_highlight</styleUrl>
		</Pair>
	</StyleMap>
	<gx:CascadingStyle kml:id="__managed_style_264E725266421B397F5C_normal">
		<styleUrl>https://earth.google.com/balloon_components/base/1.1.0.0/card_template.kml#main</styleUrl>
		<Style>
			<IconStyle>
				<Icon>
					<href>https://earth.google.com/earth/document/icon?color=1976d2&amp;id=2000&amp;scale=4</href>
				</Icon>
				<hotSpot x="64" y="128" xunits="pixels" yunits="insetPixels"/>
			</IconStyle>
			<LabelStyle>
			</LabelStyle>
			<LineStyle>
				<color>ff9f3f30</color>
				<width>3.2</width>
			</LineStyle>
			<PolyStyle>
				<color>40ffffff</color>
			</PolyStyle>
			<BalloonStyle>
			</BalloonStyle>
		</Style>
	</gx:CascadingStyle>
	<gx:CascadingStyle kml:id="__managed_style_2FEF7A148A421B397F56_normal">
		<styleUrl>https://earth.google.com/balloon_components/base/1.1.0.0/card_template.kml#main</styleUrl>
		<Style>
			<IconStyle>
				<Icon>
					<href>https://earth.google.com/earth/document/icon?color=d32f2f&amp;id=2380&amp;scale=4</href>
				</Icon>
				<hotSpot x="64" y="128" xunits="pixels" yunits="insetPixels"/>
			</IconStyle>
			<LabelStyle>
			</LabelStyle>
			<LineStyle>
				<color>ff2dc0fb</color>
				<width>3.2</width>
			</LineStyle>
			<PolyStyle>
				<color>40ffffff</color>
			</PolyStyle>
			<BalloonStyle>
			</BalloonStyle>
		</Style>
	</gx:CascadingStyle>
	<gx:CascadingStyle kml:id="__managed_style_4154424075421B397F5C_normal">
		<styleUrl>https://earth.google.com/balloon_components/base/1.1.0.0/card_template.kml#main</styleUrl>
		<Style>
			<IconStyle>
				<Icon>
					<href>https://earth.google.com/earth/document/icon?color=1976d2&amp;id=2000&amp;scale=4</href>
				</Icon>
				<hotSpot x="64" y="128" xunits="pixels" yunits="insetPixels"/>
			</IconStyle>
			<LabelStyle>
			</LabelStyle>
			<LineStyle>
				<color>ff000000</color>
				<width>9.6</width>
			</LineStyle>
			<PolyStyle>
				<color>40ffffff</color>
			</PolyStyle>
			<BalloonStyle>
			</BalloonStyle>
		</Style>
	</gx:CascadingStyle>
	<StyleMap id="__managed_style_6E25912CAF421B397F60">
		<Pair>
			<key>normal</key>
			<styleUrl>#__managed_style_6E25912CAF421B397F60_normal</styleUrl>
		</Pair>
		<Pair>
			<key>highlight</key>
			<styleUrl>#__managed_style_6E25912CAF421B397F60_highlight</styleUrl>
		</Pair>
	</StyleMap>
	<gx:CascadingStyle kml:id="__managed_style_31DA2F59A4421B397F5C_normal">
		<Style>
			<IconStyle>
				<Icon>
					<href>https://earth.google.com/earth/document/icon?color=1976d2&amp;id=2000&amp;scale=4</href>
				</Icon>
				<hotSpot x="64" y="128" xunits="pixels" yunits="insetPixels"/>
			</IconStyle>
			<LabelStyle>
			</LabelStyle>
			<LineStyle>
				<color>ff2dc0fb</color>
				<width>3.2</width>
			</LineStyle>
			<PolyStyle>
				<color>40ffffff</color>
			</PolyStyle>
			<BalloonStyle>
			</BalloonStyle>
		</Style>
	</gx:CascadingStyle>
	<gx:CascadingStyle kml:id="__managed_style_02C455678E421B397F60_highlight">
		<Style>
			<IconStyle>
				<scale>1.2</scale>
				<Icon>
					<href>https://earth.google.com/earth/document/icon?color=1976d2&amp;id=2000&amp;scale=4</href>
				</Icon>
				<hotSpot x="64" y="128" xunits="pixels" yunits="insetPixels"/>
			</IconStyle>
			<LabelStyle>
			</LabelStyle>
			<LineStyle>
				<color>ffa21f7b</color>
				<width>4.8</width>
			</LineStyle>
			<PolyStyle>
				<color>40ffffff</color>
			</PolyStyle>
			<BalloonStyle>
			</BalloonStyle>
		</Style>
	</gx:CascadingStyle>
	<gx:CascadingStyle kml:id="__managed_style_2A54C4DF32421B397F66_normal">
		<styleUrl>https://earth.google.com/balloon_components/base/1.1.0.0/card_template.kml#main</styleUrl>
		<Style>
			<IconStyle>
				<Icon>
					<href>https://earth.google.com/earth/document/icon?color=1976d2&amp;id=2000&amp;scale=4</href>
				</Icon>
				<hotSpot x="64" y="128" xunits="pixels" yunits="insetPixels"/>
			</IconStyle>
			<LabelStyle>
			</LabelStyle>
			<LineStyle>
				<color>ffa21f7b</color>
				<width>3.2</width>
			</LineStyle>
			<PolyStyle>
				<color>40ffffff</color>
			</PolyStyle>
			<BalloonStyle>
			</BalloonStyle>
		</Style>
	</gx:CascadingStyle>
	<gx:CascadingStyle kml:id="__managed_style_200D331E60421B397F54_normal">
		<Style>
			<IconStyle>
				<Icon>
					<href>https://earth.google.com/earth/document/icon?color=d32f2f&amp;id=2380&amp;scale=4</href>
				</Icon>
				<hotSpot x="64" y="128" xunits="pixels" yunits="insetPixels"/>
			</IconStyle>
			<LabelStyle>
			</LabelStyle>
			<LineStyle>
				<color>ff2dc0fb</color>
				<width>3.2</width>
			</LineStyle>
			<PolyStyle>
				<color>40ffffff</color>
			</PolyStyle>
			<BalloonStyle>
			</BalloonStyle>
		</Style>
	</gx:CascadingStyle>
	<gx:CascadingStyle kml:id="__managed_style_2F79F894A3421B397F57_normal">
		<Style>
			<IconStyle>
				<scale>1.5</scale>
				<Icon>
					<href>https://earth.google.com/earth/document/icon?color=00796b&amp;id=2380&amp;scale=4</href>
				</Icon>
				<hotSpot x="64" y="128" xunits="pixels" yunits="insetPixels"/>
			</IconStyle>
			<LabelStyle>
			</LabelStyle>
			<LineStyle>
				<color>ff2dc0fb</color>
				<width>3.2</width>
			</LineStyle>
			<PolyStyle>
				<color>40ffffff</color>
			</PolyStyle>
			<BalloonStyle>
			</BalloonStyle>
		</Style>
	</gx:CascadingStyle>
	<gx:CascadingStyle kml:id="__managed_style_1285C978F1421B397F57_normal">
		<styleUrl>https://earth.google.com/balloon_components/base/1.1.0.0/card_template.kml#main</styleUrl>
		<Style>
			<IconStyle>
				<Icon>
					<href>https://earth.google.com/earth/document/icon?color=1976d2&amp;id=2000&amp;scale=4</href>
				</Icon>
				<hotSpot x="64" y="128" xunits="pixels" yunits="insetPixels"/>
			</IconStyle>
			<LabelStyle>
			</LabelStyle>
			<LineStyle>
				<color>ff2f2fd3</color>
				<width>3.2</width>
			</LineStyle>
			<PolyStyle>
				<color>40ffffff</color>
			</PolyStyle>
			<BalloonStyle>
			</BalloonStyle>
		</Style>
	</gx:CascadingStyle>
	<StyleMap id="__managed_style_0009CD8DFB421B397F3F">
		<Pair>
			<key>normal</key>
			<styleUrl>#__managed_style_0009CD8DFB421B397F3F_normal</styleUrl>
		</Pair>
		<Pair>
			<key>highlight</key>
			<styleUrl>#__managed_style_0009CD8DFB421B397F3F_highlight</styleUrl>
		</Pair>
	</StyleMap>
	<gx:CascadingStyle kml:id="__managed_style_0CD67CFA27421B397F67_normal">
		<Style>
			<IconStyle>
				<Icon>
					<href>https://earth.google.com/earth/document/icon?color=7b1fa2&amp;id=2380&amp;scale=4</href>
				</Icon>
				<hotSpot x="64" y="128" xunits="pixels" yunits="insetPixels"/>
			</IconStyle>
			<LabelStyle>
			</LabelStyle>
			<LineStyle>
				<color>ff2dc0fb</color>
				<width>3.2</width>
			</LineStyle>
			<PolyStyle>
				<color>40ffffff</color>
			</PolyStyle>
			<BalloonStyle>
			</BalloonStyle>
		</Style>
	</gx:CascadingStyle>
	<gx:CascadingStyle kml:id="__managed_style_1D85365285421B397F54_normal">
		<Style>
			<IconStyle>
				<Icon>
					<href>https://earth.google.com/earth/document/icon?color=1976d2&amp;id=2000&amp;scale=4</href>
				</Icon>
				<hotSpot x="64" y="128" xunits="pixels" yunits="insetPixels"/>
			</IconStyle>
			<LabelStyle>
			</LabelStyle>
			<LineStyle>
				<color>ff2dc0fb</color>
				<width>3.2</width>
			</LineStyle>
			<PolyStyle>
				<color>40ffffff</color>
			</PolyStyle>
			<BalloonStyle>
			</BalloonStyle>
		</Style>
	</gx:CascadingStyle>
	<StyleMap id="__managed_style_4154424075421B397F5C">
		<Pair>
			<key>normal</key>
			<styleUrl>#__managed_style_4154424075421B397F5C_normal</styleUrl>
		</Pair>
		<Pair>
			<key>highlight</key>
			<styleUrl>#__managed_style_4154424075421B397F5C_highlight</styleUrl>
		</Pair>
	</StyleMap>
	<StyleMap id="__managed_style_12A8B1B34B421B397F61">
		<Pair>
			<key>normal</key>
			<styleUrl>#__managed_style_12A8B1B34B421B397F61_normal</styleUrl>
		</Pair>
		<Pair>
			<key>highlight</key>
			<styleUrl>#__managed_style_12A8B1B34B421B397F61_highlight</styleUrl>
		</Pair>
	</StyleMap>
	<gx:CascadingStyle kml:id="__managed_style_4154424075421B397F5C_highlight">
		<styleUrl>https://earth.google.com/balloon_components/base/1.1.0.0/card_template.kml#main</styleUrl>
		<Style>
			<IconStyle>
				<scale>1.2</scale>
				<Icon>
					<href>https://earth.google.com/earth/document/icon?color=1976d2&amp;id=2000&amp;scale=4</href>
				</Icon>
				<hotSpot x="64" y="128" xunits="pixels" yunits="insetPixels"/>
			</IconStyle>
			<LabelStyle>
			</LabelStyle>
			<LineStyle>
				<color>ff000000</color>
				<width>14.4</width>
			</LineStyle>
			<PolyStyle>
				<color>40ffffff</color>
			</PolyStyle>
			<BalloonStyle>
			</BalloonStyle>
		</Style>
	</gx:CascadingStyle>
	<gx:CascadingStyle kml:id="__managed_style_15621C3E48421B397F5F_highlight">
		<Style>
			<IconStyle>
				<scale>1.2</scale>
				<Icon>
					<href>https://earth.google.com/earth/document/icon?color=7b1fa2&amp;id=2380&amp;scale=4</href>
				</Icon>
				<hotSpot x="64" y="128" xunits="pixels" yunits="insetPixels"/>
			</IconStyle>
			<LabelStyle>
			</LabelStyle>
			<LineStyle>
				<color>ff2dc0fb</color>
				<width>4.8</width>
			</LineStyle>
			<PolyStyle>
				<color>40ffffff</color>
			</PolyStyle>
			<BalloonStyle>
			</BalloonStyle>
		</Style>
	</gx:CascadingStyle>
	<gx:CascadingStyle kml:id="__managed_style_0C9055D6ED421B397F57_highlight">
		<styleUrl>https://earth.google.com/balloon_components/base/1.1.0.0/card_template.kml#main</styleUrl>
		<Style>
			<IconStyle>
				<scale>1.2</scale>
				<Icon>
					<href>https://earth.google.com/earth/document/icon?color=000000&amp;id=2163&amp;scale=4</href>
				</Icon>
				<hotSpot x="64" y="128" xunits="pixels" yunits="insetPixels"/>
			</IconStyle>
			<LabelStyle>
			</LabelStyle>
			<LineStyle>
				<color>ff2dc0fb</color>
				<width>4.8</width>
			</LineStyle>
			<PolyStyle>
				<color>40ffffff</color>
			</PolyStyle>
			<BalloonStyle>
			</BalloonStyle>
		</Style>
	</gx:CascadingStyle>
	<gx:CascadingStyle kml:id="__managed_style_1285C978F1421B397F57_highlight">
		<styleUrl>https://earth.google.com/balloon_components/base/1.1.0.0/card_template.kml#main</styleUrl>
		<Style>
			<IconStyle>
				<scale>1.2</scale>
				<Icon>
					<href>https://earth.google.com/earth/document/icon?color=1976d2&amp;id=2000&amp;scale=4</href>
				</Icon>
				<hotSpot x="64" y="128" xunits="pixels" yunits="insetPixels"/>
			</IconStyle>
			<LabelStyle>
			</LabelStyle>
			<LineStyle>
				<color>ff2f2fd3</color>
				<width>4.8</width>
			</LineStyle>
			<PolyStyle>
				<color>40ffffff</color>
			</PolyStyle>
			<BalloonStyle>
			</BalloonStyle>
		</Style>
	</gx:CascadingStyle>
	<gx:CascadingStyle kml:id="__managed_style_13C4CC0AEA421B397F5C_normal">
		<styleUrl>https://earth.google.com/balloon_components/base/1.1.0.0/card_template.kml#main</styleUrl>
		<Style>
			<IconStyle>
				<Icon>
					<href>https://earth.google.com/earth/document/icon?color=1976d2&amp;id=2000&amp;scale=4</href>
				</Icon>
				<hotSpot x="64" y="128" xunits="pixels" yunits="insetPixels"/>
			</IconStyle>
			<LabelStyle>
			</LabelStyle>
			<LineStyle>
				<color>ff2f2fd3</color>
				<width>3.2</width>
			</LineStyle>
			<PolyStyle>
				<color>40ffffff</color>
			</PolyStyle>
			<BalloonStyle>
			</BalloonStyle>
		</Style>
	</gx:CascadingStyle>
	<gx:CascadingStyle kml:id="__managed_style_8E9E1694F0421B397F60_normal">
		<Style>
			<IconStyle>
				<Icon>
					<href>https://earth.google.com/earth/document/icon?color=f57c00&amp;id=2000&amp;scale=4</href>
				</Icon>
				<hotSpot x="64" y="128" xunits="pixels" yunits="insetPixels"/>
			</IconStyle>
			<LabelStyle>
			</LabelStyle>
			<LineStyle>
				<color>ff2dc0fb</color>
				<width>3.2</width>
			</LineStyle>
			<PolyStyle>
				<color>40ffffff</color>
			</PolyStyle>
			<BalloonStyle>
			</BalloonStyle>
		</Style>
	</gx:CascadingStyle>
	<gx:CascadingStyle kml:id="__managed_style_4C3CF6526C421B397F54_highlight">
		<Style>
			<IconStyle>
				<scale>1.8</scale>
				<Icon>
					<href>https://earth.google.com/earth/document/icon?color=00796b&amp;id=2380&amp;scale=4</href>
				</Icon>
				<hotSpot x="64" y="128" xunits="pixels" yunits="insetPixels"/>
			</IconStyle>
			<LabelStyle>
			</LabelStyle>
			<LineStyle>
				<color>ff2dc0fb</color>
				<width>4.8</width>
			</LineStyle>
			<PolyStyle>
				<color>40ffffff</color>
			</PolyStyle>
			<BalloonStyle>
			</BalloonStyle>
		</Style>
	</gx:CascadingStyle>
	<gx:CascadingStyle kml:id="__managed_style_3B538BC0E0421B397F56_highlight">
		<styleUrl>https://earth.google.com/balloon_components/base/1.1.0.0/card_template.kml#main</styleUrl>
		<Style>
			<IconStyle>
				<scale>1.2</scale>
				<Icon>
					<href>https://earth.google.com/earth/document/icon?color=1976d2&amp;id=2000&amp;scale=4</href>
				</Icon>
				<hotSpot x="64" y="128" xunits="pixels" yunits="insetPixels"/>
			</IconStyle>
			<LabelStyle>
			</LabelStyle>
			<LineStyle>
				<color>ff9f3f30</color>
				<width>4.8</width>
			</LineStyle>
			<PolyStyle>
				<color>40ffffff</color>
			</PolyStyle>
			<BalloonStyle>
			</BalloonStyle>
		</Style>
	</gx:CascadingStyle>
	<StyleMap id="__managed_style_2E015AC77C421B397F58">
		<Pair>
			<key>normal</key>
			<styleUrl>#__managed_style_2E015AC77C421B397F58_normal</styleUrl>
		</Pair>
		<Pair>
			<key>highlight</key>
			<styleUrl>#__managed_style_2E015AC77C421B397F58_highlight</styleUrl>
		</Pair>
	</StyleMap>
	<gx:CascadingStyle kml:id="__managed_style_1779ACA20A421B397F64_normal">
		<Style>
			<IconStyle>
				<Icon>
					<href>https://earth.google.com/earth/document/icon?color=d32f2f&amp;id=2380&amp;scale=4</href>
				</Icon>
				<hotSpot x="64" y="128" xunits="pixels" yunits="insetPixels"/>
			</IconStyle>
			<LabelStyle>
			</LabelStyle>
			<LineStyle>
				<color>ff2dc0fb</color>
				<width>3.2</width>
			</LineStyle>
			<PolyStyle>
				<color>40ffffff</color>
			</PolyStyle>
			<BalloonStyle>
			</BalloonStyle>
		</Style>
	</gx:CascadingStyle>
	<gx:CascadingStyle kml:id="__managed_style_30D5CCEBC7421B397F57_normal">
		<styleUrl>https://earth.google.com/balloon_components/base/1.1.0.0/card_template.kml#main</styleUrl>
		<Style>
			<IconStyle>
				<Icon>
					<href>https://earth.google.com/earth/document/icon?color=1976d2&amp;id=2000&amp;scale=4</href>
				</Icon>
				<hotSpot x="64" y="128" xunits="pixels" yunits="insetPixels"/>
			</IconStyle>
			<LabelStyle>
			</LabelStyle>
			<LineStyle>
				<color>ff9f3f30</color>
				<width>3.2</width>
			</LineStyle>
			<PolyStyle>
				<color>40ffffff</color>
			</PolyStyle>
			<BalloonStyle>
			</BalloonStyle>
		</Style>
	</gx:CascadingStyle>
	<gx:CascadingStyle kml:id="__managed_style_07F46A17C5421B397F66_highlight">
		<Style>
			<IconStyle>
				<scale>1.8</scale>
				<Icon>
					<href>https://earth.google.com/earth/document/icon?color=f57c00&amp;id=2184&amp;scale=4</href>
				</Icon>
				<hotSpot x="64" y="128" xunits="pixels" yunits="insetPixels"/>
			</IconStyle>
			<LabelStyle>
			</LabelStyle>
			<LineStyle>
				<color>ff2dc0fb</color>
				<width>4.8</width>
			</LineStyle>
			<PolyStyle>
				<color>40ffffff</color>
			</PolyStyle>
			<BalloonStyle>
			</BalloonStyle>
		</Style>
	</gx:CascadingStyle>
	<StyleMap id="__managed_style_3780264BAD421B397F64">
		<Pair>
			<key>normal</key>
			<styleUrl>#__managed_style_3780264BAD421B397F64_normal</styleUrl>
		</Pair>
		<Pair>
			<key>highlight</key>
			<styleUrl>#__managed_style_3780264BAD421B397F64_highlight</styleUrl>
		</Pair>
	</StyleMap>
	<gx:CascadingStyle kml:id="__managed_style_4C3CF6526C421B397F54_normal">
		<Style>
			<IconStyle>
				<scale>1.5</scale>
				<Icon>
					<href>https://earth.google.com/earth/document/icon?color=00796b&amp;id=2380&amp;scale=4</href>
				</Icon>
				<hotSpot x="64" y="128" xunits="pixels" yunits="insetPixels"/>
			</IconStyle>
			<LabelStyle>
			</LabelStyle>
			<LineStyle>
				<color>ff2dc0fb</color>
				<width>3.2</width>
			</LineStyle>
			<PolyStyle>
				<color>40ffffff</color>
			</PolyStyle>
			<BalloonStyle>
			</BalloonStyle>
		</Style>
	</gx:CascadingStyle>
	<gx:CascadingStyle kml:id="__managed_style_37F77D8728421B397F60_normal">
		<Style>
			<IconStyle>
				<Icon>
					<href>https://earth.google.com/earth/document/icon?color=1976d2&amp;id=2000&amp;scale=4</href>
				</Icon>
				<hotSpot x="64" y="128" xunits="pixels" yunits="insetPixels"/>
			</IconStyle>
			<LabelStyle>
			</LabelStyle>
			<LineStyle>
				<width>3.2</width>
			</LineStyle>
			<PolyStyle>
				<color>40eeeeee</color>
			</PolyStyle>
			<BalloonStyle>
			</BalloonStyle>
		</Style>
	</gx:CascadingStyle>
	<gx:CascadingStyle kml:id="__managed_style_6D44E1F1B3421B397F64_highlight">
		<Style>
			<IconStyle>
				<scale>1.2</scale>
				<Icon>
					<href>https://earth.google.com/earth/document/icon?color=1976d2&amp;id=2000&amp;scale=4</href>
				</Icon>
				<hotSpot x="64" y="128" xunits="pixels" yunits="insetPixels"/>
			</IconStyle>
			<LabelStyle>
			</LabelStyle>
			<LineStyle>
				<color>ffa21f7b</color>
				<width>4.8</width>
			</LineStyle>
			<PolyStyle>
				<color>40ffffff</color>
			</PolyStyle>
			<BalloonStyle>
			</BalloonStyle>
		</Style>
	</gx:CascadingStyle>
	<gx:CascadingStyle kml:id="__managed_style_1779ACA20A421B397F64_highlight">
		<Style>
			<IconStyle>
				<scale>1.2</scale>
				<Icon>
					<href>https://earth.google.com/earth/document/icon?color=d32f2f&amp;id=2380&amp;scale=4</href>
				</Icon>
				<hotSpot x="64" y="128" xunits="pixels" yunits="insetPixels"/>
			</IconStyle>
			<LabelStyle>
			</LabelStyle>
			<LineStyle>
				<color>ff2dc0fb</color>
				<width>4.8</width>
			</LineStyle>
			<PolyStyle>
				<color>40ffffff</color>
			</PolyStyle>
			<BalloonStyle>
			</BalloonStyle>
		</Style>
	</gx:CascadingStyle>
	<StyleMap id="__managed_style_1EF83D37FE421B397F5B">
		<Pair>
			<key>normal</key>
			<styleUrl>#__managed_style_1EF83D37FE421B397F5B_normal</styleUrl>
		</Pair>
		<Pair>
			<key>highlight</key>
			<styleUrl>#__managed_style_1EF83D37FE421B397F5B_highlight</styleUrl>
		</Pair>
	</StyleMap>
	<StyleMap id="__managed_style_5CC3F700FB421B397F54">
		<Pair>
			<key>normal</key>
			<styleUrl>#__managed_style_5CC3F700FB421B397F54_normal</styleUrl>
		</Pair>
		<Pair>
			<key>highlight</key>
			<styleUrl>#__managed_style_5CC3F700FB421B397F54_highlight</styleUrl>
		</Pair>
	</StyleMap>
	<gx:CascadingStyle kml:id="__managed_style_4652D1B3E2421B397F60_normal">
		<Style>
			<IconStyle>
				<Icon>
					<href>https://earth.google.com/earth/document/icon?color=1976d2&amp;id=2000&amp;scale=4</href>
				</Icon>
				<hotSpot x="64" y="128" xunits="pixels" yunits="insetPixels"/>
			</IconStyle>
			<LabelStyle>
			</LabelStyle>
			<LineStyle>
				<color>ff2dc0fb</color>
				<width>3.2</width>
			</LineStyle>
			<PolyStyle>
				<color>40ffffff</color>
			</PolyStyle>
			<BalloonStyle>
			</BalloonStyle>
		</Style>
	</gx:CascadingStyle>
	<StyleMap id="__managed_style_2A54C4DF32421B397F66">
		<Pair>
			<key>normal</key>
			<styleUrl>#__managed_style_2A54C4DF32421B397F66_normal</styleUrl>
		</Pair>
		<Pair>
			<key>highlight</key>
			<styleUrl>#__managed_style_2A54C4DF32421B397F66_highlight</styleUrl>
		</Pair>
	</StyleMap>
	<gx:CascadingStyle kml:id="__managed_style_1245425943421B397F63_normal">
		<styleUrl>https://earth.google.com/balloon_components/base/1.1.0.0/card_template.kml#main</styleUrl>
		<Style>
			<IconStyle>
				<scale>0.75</scale>
				<Icon>
					<href>https://earth.google.com/earth/document/icon?color=d32f2f&amp;id=2380&amp;scale=4</href>
				</Icon>
				<hotSpot x="64" y="128" xunits="pixels" yunits="insetPixels"/>
			</IconStyle>
			<LabelStyle>
			</LabelStyle>
			<LineStyle>
				<color>ff2dc0fb</color>
				<width>3.2</width>
			</LineStyle>
			<PolyStyle>
				<color>40ffffff</color>
			</PolyStyle>
			<BalloonStyle>
			</BalloonStyle>
		</Style>
	</gx:CascadingStyle>
	<gx:CascadingStyle kml:id="__managed_style_01C6D2021E421B397F5F_highlight">
		<Style>
			<IconStyle>
				<scale>1.2</scale>
				<Icon>
					<href>https://earth.google.com/earth/document/icon?color=00796b&amp;id=2380&amp;scale=4</href>
				</Icon>
				<hotSpot x="64" y="128" xunits="pixels" yunits="insetPixels"/>
			</IconStyle>
			<LabelStyle>
			</LabelStyle>
			<LineStyle>
				<color>ff2dc0fb</color>
				<width>4.8</width>
			</LineStyle>
			<PolyStyle>
				<color>40ffffff</color>
			</PolyStyle>
			<BalloonStyle>
			</BalloonStyle>
		</Style>
	</gx:CascadingStyle>
	<gx:CascadingStyle kml:id="__managed_style_72A0DB9AD7421B397F64_highlight">
		<Style>
			<IconStyle>
				<scale>1.2</scale>
				<Icon>
					<href>https://earth.google.com/earth/document/icon?color=1976d2&amp;id=2000&amp;scale=4</href>
				</Icon>
				<hotSpot x="64" y="128" xunits="pixels" yunits="insetPixels"/>
			</IconStyle>
			<LabelStyle>
			</LabelStyle>
			<LineStyle>
				<color>ffa21f7b</color>
				<width>9.6</width>
			</LineStyle>
			<PolyStyle>
				<color>40ffffff</color>
			</PolyStyle>
			<BalloonStyle>
			</BalloonStyle>
		</Style>
	</gx:CascadingStyle>
	<gx:CascadingStyle kml:id="__managed_style_2299CE3C2B421B397F63_normal">
		<Style>
			<IconStyle>
				<scale>1.5</scale>
				<Icon>
					<href>https://earth.google.com/earth/document/icon?color=00796b&amp;id=2380&amp;scale=4</href>
				</Icon>
				<hotSpot x="64" y="128" xunits="pixels" yunits="insetPixels"/>
			</IconStyle>
			<LabelStyle>
			</LabelStyle>
			<LineStyle>
				<color>ff2dc0fb</color>
				<width>3.2</width>
			</LineStyle>
			<PolyStyle>
				<color>40ffffff</color>
			</PolyStyle>
			<BalloonStyle>
			</BalloonStyle>
		</Style>
	</gx:CascadingStyle>
	<gx:CascadingStyle kml:id="__managed_style_01E622A2A4421B397F54_normal">
		<Style>
			<IconStyle>
				<Icon>
					<href>https://earth.google.com/earth/document/icon?color=d32f2f&amp;id=2380&amp;scale=4</href>
				</Icon>
				<hotSpot x="64" y="128" xunits="pixels" yunits="insetPixels"/>
			</IconStyle>
			<LabelStyle>
			</LabelStyle>
			<LineStyle>
				<color>ff2dc0fb</color>
				<width>3.2</width>
			</LineStyle>
			<PolyStyle>
				<color>40ffffff</color>
			</PolyStyle>
			<BalloonStyle>
			</BalloonStyle>
		</Style>
	</gx:CascadingStyle>
	<StyleMap id="__managed_style_1285C978F1421B397F57">
		<Pair>
			<key>normal</key>
			<styleUrl>#__managed_style_1285C978F1421B397F57_normal</styleUrl>
		</Pair>
		<Pair>
			<key>highlight</key>
			<styleUrl>#__managed_style_1285C978F1421B397F57_highlight</styleUrl>
		</Pair>
	</StyleMap>
	<gx:CascadingStyle kml:id="__managed_style_02968F64D2421B397F5B_normal">
		<Style>
			<IconStyle>
				<Icon>
					<href>https://earth.google.com/earth/document/icon?color=1976d2&amp;id=2000&amp;scale=4</href>
				</Icon>
				<hotSpot x="64" y="128" xunits="pixels" yunits="insetPixels"/>
			</IconStyle>
			<LabelStyle>
			</LabelStyle>
			<LineStyle>
				<color>ff2f2fd3</color>
				<width>2.4</width>
			</LineStyle>
			<PolyStyle>
				<color>40ffffff</color>
			</PolyStyle>
			<BalloonStyle>
			</BalloonStyle>
		</Style>
	</gx:CascadingStyle>
	<Placemark id="5170251B18000002">
		<name>KANTOR NEXUS INDONESIA CORP</name>
		<description><![CDATA[<div>Kabel 4 Core<br></div><div><br></div><div><br></div>]]></description>
		<LookAt>
			<longitude>109.3983776634431</longitude>
			<latitude>-0.1032564802467365</latitude>
			<altitude>2.902129532513322</altitude>
			<heading>0</heading>
			<tilt>0</tilt>
			<gx:fovy>35</gx:fovy>
			<range>999.1004585716291</range>
			<altitudeMode>absolute</altitudeMode>
		</LookAt>
		<styleUrl>#__managed_style_0C9055D6ED421B397F57</styleUrl>
		<Point>
			<coordinates>109.3965821886063,-0.1016581117753744,2.504513566093385</coordinates>
		</Point>
	</Placemark>
	<Folder id="5170251B18000003">
		<name>ODC 1 - Teluk Mulus &amp; Parit Bugis</name>
		<styleUrl>#__managed_style_1D85365285421B397F54</styleUrl>
		<Placemark id="5170251B18000004">
			<name>Jalur Kantor --&gt; ODC 1.1</name>
			<description><![CDATA[<div>- kabel 4 core, warna : biru<br></div><div>- Jarak : 505 m<br></div>]]></description>
			<LookAt>
				<longitude>109.3981470097922</longitude>
				<latitude>-0.1053581866537438</latitude>
				<altitude>2.08288661922359</altitude>
				<heading>29.00598559044405</heading>
				<tilt>26.01497457148774</tilt>
				<gx:fovy>35</gx:fovy>
				<range>54.71921787890096</range>
				<altitudeMode>absolute</altitudeMode>
			</LookAt>
			<styleUrl>#__managed_style_4154424075421B397F5C</styleUrl>
			<LineString>
				<coordinates>
					109.3966487072872,-0.1017040823599595,2.58581267939151 109.3967166463888,-0.1017594119554556,2.421768171042609 109.396665259546,-0.1018234751106317,2.270906612677994 109.3968122986507,-0.1019503270861037,2.734527155149418 109.3969161449355,-0.1020526646000939,2.579972764653997 109.3970505435167,-0.1021819325789599,2.371630744316022 109.3971858806173,-0.1023005830716455,2.163288723978047 109.3973260573208,-0.1024480515825276,2.615214373798298 109.3974528635432,-0.1025676341992512,2.580000636056743 109.3974801811798,-0.1025958973463601,2.609937931908306 109.3975172116958,-0.1026328367590099,2.622030933497115 109.3977343978065,-0.102848282141989,2.276436654342426 109.3980329936149,-0.1031512114457453,1.912549524210811 109.398198293087,-0.1033167735763356,2.379365059992613 109.3982139315588,-0.1033321333288452,2.560796160188201 109.3981878721971,-0.1037818730796106,2.710910433365645 109.398132250683,-0.1050304547657132,1.973850413941922 109.3981163559075,-0.1053280917558159,2.099247029366005 109.3980876217363,-0.1053285243563808,2.009206391750642 
				</coordinates>
			</LineString>
		</Placemark>
		<Placemark id="5170251B18000005">
			<name>ODC 1 </name>
			<description><![CDATA[<div>Area :<br></div><div>ODP 1 : Teluk Mulus (di samping gg. masjid) &nbsp;<br></div><div>ODP 2 : Gg. Polindo<br></div><div>ODP 3 : -<br></div><div>ODP 4 : Gg. Lanjut<br></div><div>ODP 5 : Jl. Parit Bugis (samping ihsan mart)<br></div><div>ODP 6 : Gg. Nusantara 1<br></div><div>ODP 7 : Jl. Musa (di antara gg mandiri 2 &amp; mandiri 3)<br></div><div>ODP 8 : Gg. Mandiri 4<br></div>]]></description>
			<LookAt>
				<longitude>109.3976126259256</longitude>
				<latitude>-0.1060069981937585</latitude>
				<altitude>3.900966535930441</altitude>
				<heading>0</heading>
				<tilt>0</tilt>
				<gx:fovy>35</gx:fovy>
				<range>785.6419998791534</range>
				<altitudeMode>absolute</altitudeMode>
			</LookAt>
			<styleUrl>#__managed_style_2C0D363476421B397F5E</styleUrl>
			<Point>
				<coordinates>109.3980883226842,-0.1053294011671069,2.004801157283092</coordinates>
			</Point>
		</Placemark>
		<Placemark id="5170251B18000006">
			<name>Jalur ODP 1.1</name>
			<description><![CDATA[<div>Deskripsi:<br></div><div>- Kabel 1 Core<br></div><div>- Jarak dari ODC 1 = 500 m<br></div>]]></description>
			<LookAt>
				<longitude>109.3974773677619</longitude>
				<latitude>-0.1056856579136293</latitude>
				<altitude>2.541650454472724</altitude>
				<heading>-8.05721806659697</heading>
				<tilt>18.37162002197472</tilt>
				<gx:fovy>35</gx:fovy>
				<range>273.864775715083</range>
				<altitudeMode>absolute</altitudeMode>
			</LookAt>
			<styleUrl>#__managed_style_3B538BC0E0421B397F56</styleUrl>
			<LineString>
				<coordinates>
					109.3976712117055,-0.1013117318335085,2.605196038964681 109.3977918842034,-0.1014157193474134,2.579959319835619 109.3981372656901,-0.1017431139892213,2.63093045686398 109.3982427479737,-0.1018396399237318,2.429050110454352 109.3982879085635,-0.1019863876034606,2.270932502158334 109.3982221395686,-0.102608813867823,2.231574327004502 109.3982010719595,-0.1029322183470518,2.549756568041388 109.3982043365857,-0.1033018407346287,2.343593594290683 109.3981904440507,-0.1037160929088787,2.73001438856294 109.3981354339761,-0.1049446440811129,2.287865238017948 109.3981194867366,-0.105336686124592,2.084236662044305 109.3980922361701,-0.1053278873968259,2.034138786057642 
				</coordinates>
			</LineString>
		</Placemark>
		<Placemark id="5170251B18000007">
			<name>ODP 1.1 </name>
			<description><![CDATA[<div>User :<br></div><div>- My Equipment Indonesia<br></div><div>- Iltizam Indonesia<br></div><div>- Renold Wijaya<br></div><div>- Silvia Wijaya Kusumah<br></div><div>- R. Ayu Isniarti<br></div>]]></description>
			<LookAt>
				<longitude>109.3981341224955</longitude>
				<latitude>-0.1014331616076836</latitude>
				<altitude>2.547286016175843</altitude>
				<heading>-8.057219269163022</heading>
				<tilt>18.37177949453035</tilt>
				<gx:fovy>35</gx:fovy>
				<range>274.0675101766828</range>
				<altitudeMode>absolute</altitudeMode>
			</LookAt>
			<styleUrl>#__managed_style_2FEF7A148A421B397F56</styleUrl>
			<Point>
				<coordinates>109.3976676079302,-0.1013196088977098,2.598342680644568</coordinates>
			</Point>
		</Placemark>
		<Placemark id="5170251B18000008">
			<name>Jalur ODP 1.2</name>
			<description><![CDATA[<div>Deskripsi:<br></div><div>- Kabel 2 Core, warna biru<br></div><div><br></div>]]></description>
			<LookAt>
				<longitude>109.3969123961353</longitude>
				<latitude>-0.1059733590541275</latitude>
				<altitude>2.144940517809291</altitude>
				<heading>0</heading>
				<tilt>0</tilt>
				<gx:fovy>35</gx:fovy>
				<range>347.9056864026643</range>
				<altitudeMode>absolute</altitudeMode>
			</LookAt>
			<styleUrl>#__managed_style_1285C978F1421B397F57</styleUrl>
			<LineString>
				<coordinates>
					109.3980855622507,-0.1053296375532252,2.160665716869252 109.3964537024057,-0.1053097833260822,3.157934702781834 109.3960213061358,-0.1052703089811531,2.37406741110848 109.396024991796,-0.1058117106391137,2.274091226005749 109.3960619222913,-0.1063329111098709,2.174115040903017 
				</coordinates>
			</LineString>
		</Placemark>
		<Placemark id="5170251B18000009">
			<name>ODP 1.2 </name>
			<description><![CDATA[<div>User :<br></div><div>- Yusmin<br></div><div>-&nbsp; Gilang Rahmadan<br></div>]]></description>
			<LookAt>
				<longitude>109.3969348364029</longitude>
				<latitude>-0.1062569257886322</latitude>
				<altitude>2.096899215224803</altitude>
				<heading>0</heading>
				<tilt>0</tilt>
				<gx:fovy>35</gx:fovy>
				<range>347.9537335661371</range>
				<altitudeMode>absolute</altitudeMode>
			</LookAt>
			<styleUrl>#__managed_style_2FEF7A148A421B397F56</styleUrl>
			<Point>
				<coordinates>109.3960510319113,-0.1063391563680376,2.129851899417575</coordinates>
			</Point>
		</Placemark>
		<Placemark id="5170251B1900002E">
			<name>Jalur SUB ODP 1.2 </name>
			<description><![CDATA[<div>4 core</div>]]></description>
			<LookAt>
				<longitude>109.3974336277846</longitude>
				<latitude>-0.1055747633052458</latitude>
				<altitude>2.146013327739422</altitude>
				<heading>353.5828724485668</heading>
				<tilt>0</tilt>
				<gx:fovy>35</gx:fovy>
				<range>317.7094464047696</range>
				<altitudeMode>absolute</altitudeMode>
			</LookAt>
			<styleUrl>#__managed_style_12A8B1B34B421B397F61</styleUrl>
			<LineString>
				<coordinates>
					109.3960466649484,-0.1063088147166433,0 109.3960110646673,-0.1052659774580182,0 109.3966832139731,-0.1052961100939926,0 109.3974736063444,-0.1053129459967456,0 109.3980321542545,-0.1053362891999749,0 109.3980836402478,-0.1053343047809107,0 109.3980665663298,-0.105590599486314,0 109.397916920777,-0.1055729609243802,0 
				</coordinates>
			</LineString>
		</Placemark>
		<Placemark id="5170251B1800000B">
			<name>SUB ODP 1.2</name>
			<LookAt>
				<longitude>109.3978645362626</longitude>
				<latitude>-0.1050892870010384</latitude>
				<altitude>2.824351277998105</altitude>
				<heading>0</heading>
				<tilt>0</tilt>
				<gx:fovy>35</gx:fovy>
				<range>310.9003544424559</range>
				<altitudeMode>absolute</altitudeMode>
			</LookAt>
			<styleUrl>#__managed_style_0CD67CFA27421B397F67</styleUrl>
			<Point>
				<coordinates>109.3979279045591,-0.1053399640850503,2.172676335796651</coordinates>
			</Point>
		</Placemark>
		<Placemark id="5170251B1800000C">
			<name>Jalur  ODP 1.2 --&gt; ODP 1.3</name>
			<description><![CDATA[<div><div>Deskripsi:<br></div><div>- Kabel 1 Core<br></div><div>- Jarak dari ODC 1 : 780 m<br></div><div>- Redaman in =? &amp; out=?<br></div></div><div><br></div>]]></description>
			<LookAt>
				<longitude>109.3968988160024</longitude>
				<latitude>-0.1071747273187214</latitude>
				<altitude>1.990919485126286</altitude>
				<heading>0</heading>
				<tilt>0</tilt>
				<gx:fovy>35</gx:fovy>
				<range>376.0965309711537</range>
				<altitudeMode>absolute</altitudeMode>
			</LookAt>
			<styleUrl>#__managed_style_3B538BC0E0421B397F56</styleUrl>
			<LineString>
				<coordinates>
					109.3960629584555,-0.1063370868944838,2.164832631629932 109.3961368325656,-0.1073812354453353,2.264845473809287 109.3962243295156,-0.1090128516843697,2.573936844014964 109.3951740389721,-0.1089855546931876,2.883028214220642 
				</coordinates>
			</LineString>
		</Placemark>
		<Placemark id="5170251B1800000D">
			<name>ODP 1.3</name>
			<LookAt>
				<longitude>109.396281255682</longitude>
				<latitude>-0.1077905094532513</latitude>
				<altitude>2.858830006871291</altitude>
				<heading>0</heading>
				<tilt>0</tilt>
				<gx:fovy>35</gx:fovy>
				<range>284.6322308064555</range>
				<altitudeMode>absolute</altitudeMode>
			</LookAt>
			<styleUrl>#__managed_style_1A50337434421B397F56</styleUrl>
			<Point>
				<coordinates>109.3951750958829,-0.1089907985251029,2.856360370280572</coordinates>
			</Point>
		</Placemark>
		<Placemark id="5170251B1800000E">
			<name>Jalur --&gt; ODP 1.4</name>
			<description><![CDATA[<div><div>Deskripsi:<br></div><div>- Kabel 2 Core<br></div><div>- Jarak dari ODC 1 =<br></div><div>- Redaman in =? &amp; out=?<br></div></div><div><br></div>]]></description>
			<LookAt>
				<longitude>109.3965577608506</longitude>
				<latitude>-0.1065580079999224</latitude>
				<altitude>2.350801877204265</altitude>
				<heading>-8.057217220993692</heading>
				<tilt>0.1545854577815519</tilt>
				<gx:fovy>35</gx:fovy>
				<range>285.448383612711</range>
				<altitudeMode>absolute</altitudeMode>
			</LookAt>
			<styleUrl>#__managed_style_1285C978F1421B397F57</styleUrl>
			<LineString>
				<coordinates>
					109.3980828230183,-0.1053272142070519,2.1240128403362 109.3969503664926,-0.1053085039221344,2.792396298843487 109.3964384236712,-0.1053157479090891,3.223551684776532 109.3964614955468,-0.1058061242295768,2.296973522463617 109.3964874157894,-0.1061293452118234,2.474748792071908 
				</coordinates>
			</LineString>
		</Placemark>
		<Placemark id="5170251B1800000F">
			<name>ODP 1.4</name>
			<LookAt>
				<longitude>109.3966956394235</longitude>
				<latitude>-0.1078765859513088</latitude>
				<altitude>2.283930110568053</altitude>
				<heading>-8.057217668899304</heading>
				<tilt>0.1545944989683991</tilt>
				<gx:fovy>35</gx:fovy>
				<range>658.1012795813878</range>
				<altitudeMode>absolute</altitudeMode>
			</LookAt>
			<styleUrl>#__managed_style_1A50337434421B397F56</styleUrl>
			<Point>
				<coordinates>109.3964834578258,-0.1061345963979358,2.445427203053523</coordinates>
			</Point>
		</Placemark>
		<Placemark id="0AEB82E50E3E471E30E0">
			<name>Jalur ODP 1.5</name>
			<description><![CDATA[<div>1 Core<br></div>]]></description>
			<LookAt>
				<longitude>109.4004604086816</longitude>
				<latitude>-0.1064290079161197</latitude>
				<altitude>2.215049394667998</altitude>
				<heading>0</heading>
				<tilt>0</tilt>
				<gx:fovy>35</gx:fovy>
				<range>683.736307090876</range>
				<altitudeMode>absolute</altitudeMode>
			</LookAt>
			<styleUrl>#__managed_style_4AFA8EA45F421B397F58</styleUrl>
			<LineString>
				<coordinates>
					109.3980874892645,-0.1052995968540162,0 109.3980707037834,-0.1056182536140292,0 109.4006515975063,-0.1058320749968905,0 109.4006472170616,-0.1063716918174704,0 
				</coordinates>
			</LineString>
		</Placemark>
		<Placemark id="03A9F991DA3819784111">
			<name>ODP 1.5</name>
			<LookAt>
				<longitude>109.3996883993623</longitude>
				<latitude>-0.1057122449798966</latitude>
				<altitude>2.342659295414538</altitude>
				<heading>0</heading>
				<tilt>0</tilt>
				<gx:fovy>35</gx:fovy>
				<range>683.6087375839998</range>
				<altitudeMode>absolute</altitudeMode>
			</LookAt>
			<styleUrl>#__managed_style_01E622A2A4421B397F54</styleUrl>
			<Point>
				<coordinates>109.4006653035525,-0.1063669681561336,2.142572061118659</coordinates>
			</Point>
		</Placemark>
		<Placemark id="5170251B18000010">
			<name>Jalur --&gt; ODP 1.6</name>
			<description><![CDATA[<div><div>Deskripsi:<br></div><div>- Kabel 1 Core.<br></div><div>- Jarak dari ODC 1 =<br></div><div>- Redaman in = -8 &amp; out= -18<br></div></div><div><br></div>]]></description>
			<LookAt>
				<longitude>109.3986457169935</longitude>
				<latitude>-0.10637665187241</latitude>
				<altitude>2.761302686366833</altitude>
				<heading>1.295373578727518</heading>
				<tilt>9.170029201899355</tilt>
				<gx:fovy>35</gx:fovy>
				<range>204.606887141781</range>
				<altitudeMode>absolute</altitudeMode>
			</LookAt>
			<styleUrl>#__managed_style_165CA51C69421B397F68</styleUrl>
			<LineString>
				<coordinates>
					109.3980878857157,-0.1053299418211618,2.010626127224706 109.3980666153711,-0.1056024790268633,2.065766521671495 109.3987533170499,-0.1056330707865398,2.160722483880184 109.3989168253546,-0.1056478341632656,1.847069464619946 109.3989471897689,-0.1065426401186599,2.087757045706047 
				</coordinates>
			</LineString>
		</Placemark>
		<Placemark id="5170251B18000011">
			<name>ODP 1.6</name>
			<LookAt>
				<longitude>109.3997765942942</longitude>
				<latitude>-0.1056834825911361</latitude>
				<altitude>2.500818273688319</altitude>
				<heading>-2.684937336570461</heading>
				<tilt>9.705816340618044</tilt>
				<gx:fovy>35</gx:fovy>
				<range>554.075531779672</range>
				<altitudeMode>absolute</altitudeMode>
			</LookAt>
			<styleUrl>#__managed_style_1A50337434421B397F56</styleUrl>
			<Point>
				<coordinates>109.398928507737,-0.1065189247460627,2.507951394400417</coordinates>
			</Point>
		</Placemark>
		<Placemark id="5170251B18000012">
			<name>Jalur Sub ODP 1.6</name>
			<description><![CDATA[<div>4 core</div>]]></description>
			<LookAt>
				<longitude>109.3979983707619</longitude>
				<latitude>-0.1055988802878381</latitude>
				<altitude>2.159835673336126</altitude>
				<heading>355.0205830086065</heading>
				<tilt>0</tilt>
				<gx:fovy>35</gx:fovy>
				<range>586.7013404528552</range>
				<altitudeMode>absolute</altitudeMode>
			</LookAt>
			<styleUrl>#__managed_style_2A54C4DF32421B397F66</styleUrl>
			<LineString>
				<coordinates>
					109.3989450095576,-0.106519410991578,0 109.3989169023898,-0.1056496484403521,0 109.3979267053881,-0.1055690542495965,0 
				</coordinates>
			</LineString>
		</Placemark>
		<Placemark id="5170251B18000013">
			<name>SUB ODP 1.6</name>
			<LookAt>
				<longitude>109.3978224418098</longitude>
				<latitude>-0.1056341738140165</latitude>
				<altitude>2.655525920117983</altitude>
				<heading>0</heading>
				<tilt>0</tilt>
				<gx:fovy>35</gx:fovy>
				<range>189.475994017339</range>
				<altitudeMode>absolute</altitudeMode>
			</LookAt>
			<styleUrl>#__managed_style_0CD67CFA27421B397F67</styleUrl>
			<Point>
				<coordinates>109.3979281608329,-0.1055540938500923,2.177934796917986</coordinates>
			</Point>
		</Placemark>
		<Placemark id="5170251B18000014">
			<name>Jalur ODP 1.7</name>
			<description><![CDATA[<div>Jalur ODP 1.7<br></div><div><br></div><div>Kabel 2 Core<br></div><div>155.55 m<br></div><div><br></div>]]></description>
			<LookAt>
				<longitude>109.3978888055048</longitude>
				<latitude>-0.1060329638496909</latitude>
				<altitude>2.281162575905633</altitude>
				<heading>-0.03694241997248165</heading>
				<tilt>7.36291982892783</tilt>
				<gx:fovy>35</gx:fovy>
				<range>423.4316090588254</range>
				<altitudeMode>absolute</altitudeMode>
			</LookAt>
			<styleUrl>#__managed_style_1285C978F1421B397F57</styleUrl>
			<LineString>
				<coordinates>
					109.3980871442144,-0.1053195812751585,2.189112755609441 109.3980651796419,-0.1056092599981073,2.345157377752565 109.398512095969,-0.1056136170027554,2.10635870452581 109.3989180511481,-0.1056388304373624,1.955866857446882 109.3991226969727,-0.1056670458729491,1.955966866015408 109.3992025935261,-0.1056689253588276,1.996175663592619 
				</coordinates>
			</LineString>
		</Placemark>
		<Placemark id="5170251B18000015">
			<name>ODP 1.7</name>
			<LookAt>
				<longitude>109.3986509257597</longitude>
				<latitude>-0.1057587376091881</latitude>
				<altitude>2.264980895271171</altitude>
				<heading>0</heading>
				<tilt>0</tilt>
				<gx:fovy>35</gx:fovy>
				<range>275.7067227138032</range>
				<altitudeMode>absolute</altitudeMode>
			</LookAt>
			<styleUrl>#__managed_style_1A50337434421B397F56</styleUrl>
			<Point>
				<coordinates>109.3991892524562,-0.1056424558935086,1.992090963548993</coordinates>
			</Point>
		</Placemark>
		<Placemark id="0897CDC89D3651B06C0A">
			<name>Jalur ODP 1.8 - 1 Core</name>
			<description><![CDATA[<div>1 core<br></div><div><br></div>]]></description>
			<LookAt>
				<longitude>109.3980698628713</longitude>
				<latitude>-0.1094028881434598</latitude>
				<altitude>1.640737038625484</altitude>
				<heading>351.7637513887644</heading>
				<tilt>0</tilt>
				<gx:fovy>35</gx:fovy>
				<range>1138.648334217723</range>
				<altitudeMode>absolute</altitudeMode>
			</LookAt>
			<styleUrl>#__managed_style_30D5CCEBC7421B397F57</styleUrl>
			<LineString>
				<coordinates>
					109.3992032478363,-0.1056394223003132,0 109.3989606107564,-0.105626315164775,0 109.3989559468954,-0.1090578285684823,0 109.3982882878605,-0.1090099366916486,0 109.3980409668749,-0.1111971642754226,0 
				</coordinates>
			</LineString>
		</Placemark>
		<Placemark id="5170251B18000017">
			<name>ODP 1.8</name>
			<LookAt>
				<longitude>109.4000117183134</longitude>
				<latitude>-0.1038761233134963</latitude>
				<altitude>3.362044318626172</altitude>
				<heading>0</heading>
				<tilt>0</tilt>
				<gx:fovy>35</gx:fovy>
				<range>109.672911941725</range>
				<altitudeMode>absolute</altitudeMode>
			</LookAt>
			<styleUrl>#__managed_style_1A50337434421B397F56</styleUrl>
			<Point>
				<coordinates>109.3980688110693,-0.1112256075253163,2.377325796661846</coordinates>
			</Point>
		</Placemark>
	</Folder>
	<Folder id="5170251B18000018">
		<name>ODC 2  - Parit Bugis &amp; Patria</name>
		<styleUrl>#__managed_style_1D85365285421B397F54</styleUrl>
		<Placemark id="5170251B18000019">
			<name>Jalur ODC 1 --&gt; ODC 2</name>
			<description><![CDATA[<div>- Kabel 4 Core, warna : oranye<br></div><div>- Jarak :<br></div>]]></description>
			<LookAt>
				<longitude>109.3985655016016</longitude>
				<latitude>-0.1084699790191455</latitude>
				<altitude>2.655345938646196</altitude>
				<heading>0</heading>
				<tilt>0</tilt>
				<gx:fovy>35</gx:fovy>
				<range>643.1478341576441</range>
				<altitudeMode>absolute</altitudeMode>
			</LookAt>
			<styleUrl>#__managed_style_2A54C4DF32421B397F66</styleUrl>
			<LineString>
				<coordinates>
					109.3980881753234,-0.1053344316263558,2.012202113443673 109.3980773901807,-0.1056098264206049,2.090614826448396 109.3984204781117,-0.1056301033456889,2.286163882828616 109.3984456379753,-0.1066871644322271,1.955897617561657 109.398505551099,-0.1084083632704564,2.417269399572737 109.3985079955753,-0.1086805245704264,2.262376958330111 109.3985087321999,-0.1088187754122335,2.184930737708799 109.3985108525586,-0.108958381137263,2.146207627398142 109.3984895623745,-0.1089580820090719,2.107484517087486 
				</coordinates>
			</LineString>
		</Placemark>
		<Placemark id="5170251B1800001A">
			<name>ODC 2</name>
			<LookAt>
				<longitude>109.3984901890984</longitude>
				<latitude>-0.1087915588157009</latitude>
				<altitude>2.836072887698931</altitude>
				<heading>0</heading>
				<tilt>0</tilt>
				<gx:fovy>35</gx:fovy>
				<range>123.2743616396147</range>
				<altitudeMode>absolute</altitudeMode>
			</LookAt>
			<styleUrl>#__managed_style_4C3CF6526C421B397F54</styleUrl>
			<Point>
				<coordinates>109.3984947498465,-0.1089861468574449,2.217976315482352</coordinates>
			</Point>
		</Placemark>
		<Placemark id="5170251B1800001B">
			<name>Jalur --&gt; ODP 2.1</name>
			<description><![CDATA[<div>Kabel 2 Core<br></div><div><br></div><div>115.95 m<br></div>]]></description>
			<LookAt>
				<longitude>109.398629485489</longitude>
				<latitude>-0.1094407983466412</latitude>
				<altitude>2.708778544082737</altitude>
				<heading>0</heading>
				<tilt>0</tilt>
				<gx:fovy>35</gx:fovy>
				<range>298.3715872205358</range>
				<altitudeMode>absolute</altitudeMode>
			</LookAt>
			<styleUrl>#__managed_style_1285C978F1421B397F57</styleUrl>
			<LineString>
				<coordinates>
					109.3984929544414,-0.1089665811868515,2.233455128928525 109.3985015979328,-0.1090960637872455,1.989046807528014 109.3993960769856,-0.1091391820644157,1.961814994201523 
				</coordinates>
			</LineString>
		</Placemark>
		<Placemark id="5170251B1900001C">
			<name>ODP 2.1</name>
			<LookAt>
				<longitude>109.398567426081</longitude>
				<latitude>-0.1094086522464653</latitude>
				<altitude>2.66744144416267</altitude>
				<heading>1.202020768472143e-10</heading>
				<tilt>0</tilt>
				<gx:fovy>35</gx:fovy>
				<range>269.163987723332</range>
				<altitudeMode>absolute</altitudeMode>
			</LookAt>
			<styleUrl>#__managed_style_2FEF7A148A421B397F56</styleUrl>
			<Point>
				<coordinates>109.3993976547016,-0.1091528186938173,1.963988696427921</coordinates>
			</Point>
		</Placemark>
		<Placemark id="5170251B1900001D">
			<name>Jalur ODP 2.1 --&gt; ODP 2.2</name>
			<description><![CDATA[<div>1 core</div>]]></description>
			<LookAt>
				<longitude>109.3996905386526</longitude>
				<latitude>-0.1116212516645023</latitude>
				<altitude>2.903632007942913</altitude>
				<heading>350.6891796270901</heading>
				<tilt>0</tilt>
				<gx:fovy>35</gx:fovy>
				<range>671.245296178313</range>
				<altitudeMode>absolute</altitudeMode>
			</LookAt>
			<styleUrl>#__managed_style_3B538BC0E0421B397F56</styleUrl>
			<LineString>
				<coordinates>
					109.399396006583,-0.1091769394722826,0 109.4010505747735,-0.1092260498467536,0 109.4009413769502,-0.1100303307088093,0 109.4007791140083,-0.11106471748583,0 109.4005923304576,-0.1124390422926211,0 109.4006069105603,-0.1125525616776017,0 109.4008733957089,-0.1126135224810722,0 109.4013201231842,-0.1127041228419625,0 109.4014770748621,-0.1127343798181676,0 109.4014462063083,-0.1127912617919061,0 
				</coordinates>
			</LineString>
		</Placemark>
		<Placemark id="5170251B1900001E">
			<name>ODP 2.2 &amp; Sub ODP 2.4</name>
			<LookAt>
				<longitude>109.4012628175789</longitude>
				<latitude>-0.1125148627217837</latitude>
				<altitude>1.820634403905821</altitude>
				<heading>350.6891768235377</heading>
				<tilt>0</tilt>
				<gx:fovy>35</gx:fovy>
				<range>303.3413976080556</range>
				<altitudeMode>absolute</altitudeMode>
			</LookAt>
			<styleUrl>#__managed_style_1A50337434421B397F56</styleUrl>
			<Point>
				<coordinates>109.4014559314758,-0.1128015717553527,1.958004847499242</coordinates>
			</Point>
		</Placemark>
		<Placemark id="5170251B1900001F">
			<name>Jalur ODP 2.3</name>
			<description><![CDATA[<div>Kabel 2 Core<br></div><div>710.62 m<br></div>]]></description>
			<LookAt>
				<longitude>109.4018019581218</longitude>
				<latitude>-0.1091395038754401</latitude>
				<altitude>1.799526544080872</altitude>
				<heading>0</heading>
				<tilt>0</tilt>
				<gx:fovy>35</gx:fovy>
				<range>1177.8812420748</range>
				<altitudeMode>absolute</altitudeMode>
			</LookAt>
			<styleUrl>#__managed_style_1285C978F1421B397F57</styleUrl>
			<LineString>
				<coordinates>
					109.3993974876934,-0.1091413600858658,0 109.4016639190775,-0.1092979536439788,0 109.4033314543051,-0.1094005601687871,0 109.4046206668469,-0.1095022350406869,0 109.4046331171511,-0.1093890606267943,0 
				</coordinates>
			</LineString>
		</Placemark>
		<Placemark id="5170251B19000020">
			<name>ODP 2.3</name>
			<LookAt>
				<longitude>109.4000357413993</longitude>
				<latitude>-0.1096557692557583</latitude>
				<altitude>2.28408312459742</altitude>
				<heading>0</heading>
				<tilt>0</tilt>
				<gx:fovy>35</gx:fovy>
				<range>962.6499751624942</range>
				<altitudeMode>absolute</altitudeMode>
			</LookAt>
			<styleUrl>#__managed_style_1A50337434421B397F56</styleUrl>
			<Point>
				<coordinates>109.4046264955567,-0.1093907176525088,1.667643698370099</coordinates>
			</Point>
		</Placemark>
		<Placemark id="5170251B1900002B">
			<name>Jalur ODP 2.3 --&gt; ODP 2.4</name>
			<description><![CDATA[<div>1 core<br></div>]]></description>
			<LookAt>
				<longitude>109.4003005059512</longitude>
				<latitude>-0.108904376463255</latitude>
				<altitude>2.029491978706117</altitude>
				<heading>4.770169203297383</heading>
				<tilt>0</tilt>
				<gx:fovy>35</gx:fovy>
				<range>572.7219104646065</range>
				<altitudeMode>absolute</altitudeMode>
			</LookAt>
			<styleUrl>#__managed_style_3B538BC0E0421B397F56</styleUrl>
			<LineString>
				<coordinates>
					109.4046328900338,-0.1093433121259147,0 109.4046183549824,-0.1094762690337174,0 109.4018564227587,-0.109316764303961,0 
				</coordinates>
			</LineString>
		</Placemark>
		<Placemark id="5170251B1900002C">
			<name>ODP 2.4</name>
			<LookAt>
				<longitude>109.4007142159415</longitude>
				<latitude>-0.1091650422648351</latitude>
				<altitude>1.955872119938924</altitude>
				<heading>4.770169203296695</heading>
				<tilt>0</tilt>
				<gx:fovy>35</gx:fovy>
				<range>294.468572198748</range>
				<altitudeMode>absolute</altitudeMode>
			</LookAt>
			<styleUrl>#__managed_style_1A50337434421B397F56</styleUrl>
			<Point>
				<coordinates>109.4018525206579,-0.1093175494111642,1.958152506566414</coordinates>
			</Point>
		</Placemark>
		<Placemark id="5170251B1900002F">
			<name>Jalur SUB ODP 2.4 -  4 Core</name>
			<description><![CDATA[<div>4 core</div>]]></description>
			<LookAt>
				<longitude>109.4007999587532</longitude>
				<latitude>-0.1125504014638334</latitude>
				<altitude>1.711818158059679</altitude>
				<heading>8.537736462515939e-07</heading>
				<tilt>0</tilt>
				<gx:fovy>35</gx:fovy>
				<range>721.5012385149021</range>
				<altitudeMode>absolute</altitudeMode>
			</LookAt>
			<styleUrl>#__managed_style_12A8B1B34B421B397F61</styleUrl>
			<LineString>
				<coordinates>
					109.4018520510831,-0.1093191527762444,0 109.4010342642827,-0.1092347943181357,0 109.4006422246301,-0.1119909951788454,0 109.4005909911736,-0.1124899108964847,0 109.4006349659789,-0.1125522347011799,0 109.4013941394062,-0.1127136179757837,0 109.4014601323227,-0.1127466194643681,0 
				</coordinates>
			</LineString>
		</Placemark>
		<Placemark id="0388256F713E542E6D58">
			<name>SUB ODP 2.4</name>
			<LookAt>
				<longitude>109.4013983422194</longitude>
				<latitude>-0.1126586478681489</latitude>
				<altitude>1.807316961883647</altitude>
				<heading>350.7560953539721</heading>
				<tilt>0</tilt>
				<gx:fovy>35</gx:fovy>
				<range>309.3860923434841</range>
				<altitudeMode>absolute</altitudeMode>
			</LookAt>
			<styleUrl>#__managed_style_15621C3E48421B397F5F</styleUrl>
			<Point>
				<coordinates>109.4014653743385,-0.1128091734957189,1.961870663445298</coordinates>
			</Point>
		</Placemark>
		<Placemark id="5170251B19000021">
			<name>Jalur ODP 2.5 - 4 core</name>
			<description><![CDATA[<div>1 core<br></div>]]></description>
			<LookAt>
				<longitude>109.4032858596821</longitude>
				<latitude>-0.1043909551584802</latitude>
				<altitude>1.343724098422787</altitude>
				<heading>0</heading>
				<tilt>0</tilt>
				<gx:fovy>35</gx:fovy>
				<range>238.3825365192024</range>
				<altitudeMode>absolute</altitudeMode>
			</LookAt>
			<styleUrl>#__managed_style_590FB22FEF421B397F5C</styleUrl>
			<LineString>
				<coordinates>
					109.398481780407,-0.1089608521273956,0 109.3984294054509,-0.1071022422130591,0 109.3984155978139,-0.1063625654550097,0 109.398410954728,-0.1059930829865057,0 109.39840740794,-0.1057975612688205,0 109.3984056455418,-0.1056301421233642,0 109.3988270445241,-0.1056480492562892,0 109.3992198553819,-0.1056842980597507,0 109.3999991766644,-0.1057462094225458,0 109.4006626974787,-0.1057964264826991,0 109.4006942886857,-0.1051649927155043,0 109.4007216949288,-0.1044305502386751,0 109.4007288425181,-0.1040449944091148,0 109.4007423961339,-0.1038155445096007,0 109.4012833965824,-0.1038636729582521,0 109.4022130909648,-0.1039828924408629,0 109.4029884194391,-0.1040819201110917,0 109.4035490935147,-0.104175308768189,0 109.4034948924662,-0.1043736649970118,0 
				</coordinates>
			</LineString>
		</Placemark>
		<Placemark id="5170251B19000022">
			<name>ODP 2.5</name>
			<LookAt>
				<longitude>109.4032418128839</longitude>
				<latitude>-0.1049357236165573</latitude>
				<altitude>2.028828518509795</altitude>
				<heading>0</heading>
				<tilt>0</tilt>
				<gx:fovy>35</gx:fovy>
				<range>704.5813128510781</range>
				<altitudeMode>absolute</altitudeMode>
			</LookAt>
			<styleUrl>#__managed_style_1A50337434421B397F56</styleUrl>
			<Point>
				<coordinates>109.4034986341519,-0.1043830237859478,1.091624878577629</coordinates>
			</Point>
		</Placemark>
		<Placemark id="5170251B19000023">
			<name>Jalur ODP 2.5 --&gt; ODP 2.6</name>
			<description><![CDATA[<div>Kabel 1 Core<br></div>]]></description>
			<LookAt>
				<longitude>109.4041267017139</longitude>
				<latitude>-0.104603268456846</latitude>
				<altitude>1.739009591662286</altitude>
				<heading>359.8230615164635</heading>
				<tilt>0</tilt>
				<gx:fovy>35</gx:fovy>
				<range>711.7977047669411</range>
				<altitudeMode>absolute</altitudeMode>
			</LookAt>
			<styleUrl>#__managed_style_3B538BC0E0421B397F56</styleUrl>
			<LineString>
				<coordinates>
					109.4034892801807,-0.1043867671408894,0 109.4034555968537,-0.1045644915305586,0 109.4045364093984,-0.1046500642485977,0 109.4053588035993,-0.1046934160141141,0 109.4060896764829,-0.1047454405596704,0 109.4064757591858,-0.1047527260651414,0 109.4065204137756,-0.1047507429907883,0 
				</coordinates>
			</LineString>
		</Placemark>
		<Placemark id="5170251B19000024">
			<name>ODP 2.6</name>
			<LookAt>
				<longitude>109.4057123333768</longitude>
				<latitude>-0.105038615343929</latitude>
				<altitude>1.718719401440922</altitude>
				<heading>0</heading>
				<tilt>0</tilt>
				<gx:fovy>35</gx:fovy>
				<range>888.1071072055784</range>
				<altitudeMode>absolute</altitudeMode>
			</LookAt>
			<styleUrl>#__managed_style_1A50337434421B397F56</styleUrl>
			<Point>
				<coordinates>109.4065192193362,-0.1047663303839601,1.667782809067497</coordinates>
			</Point>
		</Placemark>
		<Placemark id="0FDAC374DA3E4992B99C">
			<name>Jalur ODP 2.5 --&gt; ODP 2.7</name>
			<description><![CDATA[<div>1 core</div>]]></description>
			<LookAt>
				<longitude>109.4048929365135</longitude>
				<latitude>-0.1046102553588841</latitude>
				<altitude>1.767007578561364</altitude>
				<heading>1.611443596503627</heading>
				<tilt>0</tilt>
				<gx:fovy>35</gx:fovy>
				<range>719.5944174155738</range>
				<altitudeMode>absolute</altitudeMode>
			</LookAt>
			<styleUrl>#__managed_style_4AFA8EA45F421B397F58</styleUrl>
			<LineString>
				<coordinates>
					109.4034983287324,-0.1043998463587794,0 109.4034715161043,-0.1045858216780184,0 109.4064468215717,-0.1047849797309098,0 109.4063671899299,-0.1059160699562574,0 109.405865018308,-0.1058830298037981,0 
				</coordinates>
			</LineString>
		</Placemark>
		<Placemark id="5170251B19000027">
			<name>ODP 2.7</name>
			<LookAt>
				<longitude>109.4039246841654</longitude>
				<latitude>-0.103694739897147</latitude>
				<altitude>2.393038945313144</altitude>
				<heading>0.08928753519643826</heading>
				<tilt>0.1348134523253255</tilt>
				<gx:fovy>35</gx:fovy>
				<range>113.6455756495889</range>
				<altitudeMode>absolute</altitudeMode>
			</LookAt>
			<styleUrl>#__managed_style_1A50337434421B397F56</styleUrl>
			<Point>
				<coordinates>109.4058633309803,-0.1058925283928332,1.80401458802166</coordinates>
			</Point>
		</Placemark>
		<Placemark id="5170251B19000028">
			<name>Jalur ODP 2.5 --&gt; ODP 2.8</name>
			<description><![CDATA[<div>1 core</div>]]></description>
			<LookAt>
				<longitude>109.4049002839343</longitude>
				<latitude>-0.1041196182621579</latitude>
				<altitude>2.934956232157533</altitude>
				<heading>1.611443596986569</heading>
				<tilt>0</tilt>
				<gx:fovy>35</gx:fovy>
				<range>283.5666406758901</range>
				<altitudeMode>absolute</altitudeMode>
			</LookAt>
			<styleUrl>#__managed_style_3B538BC0E0421B397F56</styleUrl>
			<LineString>
				<coordinates>
					109.4034955326519,-0.1043710806285998,0 109.4035602790536,-0.1042534414572527,0 109.4035896472868,-0.1040138423104153,0 109.403611968111,-0.1038815848415783,0 109.4037088160083,-0.103889450413971,0 109.403726053928,-0.1036391501913551,0 109.4050545253778,-0.1037180945940447,0 109.4053981572306,-0.1037426187100502,0 
				</coordinates>
			</LineString>
		</Placemark>
		<Placemark id="5170251B19000029">
			<name>ODP 2.8</name>
			<LookAt>
				<longitude>109.4051802614833</longitude>
				<latitude>-0.1038089302016784</latitude>
				<altitude>2.51635013133702</altitude>
				<heading>1.611443597014675</heading>
				<tilt>0.7250257695474021</tilt>
				<gx:fovy>35</gx:fovy>
				<range>283.9852512979269</range>
				<altitudeMode>absolute</altitudeMode>
			</LookAt>
			<styleUrl>#__managed_style_1A50337434421B397F56</styleUrl>
			<Point>
				<coordinates>109.4054142220431,-0.1037327531227487,1.795957408197348</coordinates>
			</Point>
		</Placemark>
	</Folder>
	<Folder id="0E51B51E162DE144DB78">
		<name>ODC 3 - Mandiri &amp;  Tlk Mulus)</name>
		<styleUrl>#__managed_style_1D85365285421B397F54</styleUrl>
		<Placemark id="03284BC88C2DE943FC62">
			<name>JALUR ODC 3 - 4 core</name>
			<description><![CDATA[<div>4 core</div>]]></description>
			<LookAt>
				<longitude>109.3995561806061</longitude>
				<latitude>-0.1077373874468666</latitude>
				<altitude>1.641123288565596</altitude>
				<heading>0.0002537216476356148</heading>
				<tilt>0</tilt>
				<gx:fovy>35</gx:fovy>
				<range>1033.693025616085</range>
				<altitudeMode>absolute</altitudeMode>
			</LookAt>
			<styleUrl>#__managed_style_164CF2BE5F421B397F67</styleUrl>
			<LineString>
				<coordinates>
					109.3966617862671,-0.1017019977849131,0 109.3967032326478,-0.101780254685078,0 109.3966665692196,-0.1018539747111899,0 109.3977469247372,-0.1028424395093787,0 109.3982115230746,-0.1033299429355717,0 109.3981287362261,-0.1049301589599805,0 109.3981290901245,-0.1053366759655912,0 109.3980844100174,-0.105336733191725,0 109.3980781650068,-0.1055972162134001,0 109.398445133973,-0.1056372973531387,0 109.3989272884671,-0.1056443580973479,0 109.3989298264196,-0.1070077731844917,0 109.3989675377016,-0.1085351769899664,0 109.3989631548454,-0.1090577662166953,0 
				</coordinates>
			</LineString>
		</Placemark>
		<Placemark id="0889A17ADD2DE136B93A">
			<name>ODC 3 EPON</name>
			<LookAt>
				<longitude>109.4011374707055</longitude>
				<latitude>-0.1101069912822904</latitude>
				<altitude>1.72381984409437</altitude>
				<heading>2.123540568098648</heading>
				<tilt>3.031844573376144</tilt>
				<gx:fovy>35</gx:fovy>
				<range>2030.425382505928</range>
				<altitudeMode>absolute</altitudeMode>
			</LookAt>
			<styleUrl>#__managed_style_079CFDFFE0421B397F63</styleUrl>
			<Point>
				<coordinates>109.3989452296403,-0.1090489954815673,1.721634118450509</coordinates>
			</Point>
		</Placemark>
		<Placemark id="0629860A382DE13AA1FE">
			<name>Jalur ODP 3.1 - 2 Core</name>
			<description><![CDATA[<div>2 core<br></div>]]></description>
			<LookAt>
				<longitude>109.3928674599273</longitude>
				<latitude>-0.1086138438263615</latitude>
				<altitude>2.092969679880028</altitude>
				<heading>2.123540579854786</heading>
				<tilt>0</tilt>
				<gx:fovy>35</gx:fovy>
				<range>1395.487656659098</range>
				<altitudeMode>absolute</altitudeMode>
			</LookAt>
			<styleUrl>#__managed_style_30D5CCEBC7421B397F57</styleUrl>
			<LineString>
				<coordinates>
					109.3989384917965,-0.1090595578696257,0 109.3983638312414,-0.1090474803102767,0 109.3969679338163,-0.108982765504884,0 109.3956941541488,-0.1089732101357376,0 109.3949906468305,-0.1089517985926663,0 109.394254959941,-0.1089818996728951,0 109.3928116953408,-0.1091199521099177,0 
				</coordinates>
			</LineString>
		</Placemark>
		<Placemark id="0F239955C62DE13B47B7">
			<name>ODP 3.1 </name>
			<LookAt>
				<longitude>109.3930038476834</longitude>
				<latitude>-0.1086726751323641</latitude>
				<altitude>1.716181734411411</altitude>
				<heading>2.123540579764144</heading>
				<tilt>0</tilt>
				<gx:fovy>35</gx:fovy>
				<range>1197.767807746277</range>
				<altitudeMode>absolute</altitudeMode>
			</LookAt>
			<styleUrl>#__managed_style_01E622A2A4421B397F54</styleUrl>
			<Point>
				<coordinates>109.3928055163417,-0.1091190908847941,1.642077042573483</coordinates>
			</Point>
		</Placemark>
		<Placemark id="0681E21C852F75865C34">
			<name>Jalur ODP 3.2 - 2 Core</name>
			<description><![CDATA[<div>2 core</div>]]></description>
			<LookAt>
				<longitude>109.3949135212232</longitude>
				<latitude>-0.1129044259172148</latitude>
				<altitude>2.883082693745114</altitude>
				<heading>7.875022316796718e-10</heading>
				<tilt>0</tilt>
				<gx:fovy>35</gx:fovy>
				<range>446.6617752139427</range>
				<altitudeMode>absolute</altitudeMode>
			</LookAt>
			<styleUrl>#__managed_style_30D5CCEBC7421B397F57</styleUrl>
			<LineString>
				<coordinates>
					109.3989468084133,-0.1090454229184672,0 109.398941523394,-0.1091010211186742,0 109.3984915669216,-0.1090689169088546,0 109.3969782725713,-0.109014324837843,0 109.3955359343148,-0.1089868050348227,0 109.395508733261,-0.1094427954512173,0 109.395422164041,-0.1105699943215487,0 109.3952249814577,-0.1122945228787852,0 109.3952288972537,-0.1133515684950881,0 109.3952353922815,-0.1133546838361631,0 109.3951853569357,-0.1133834508681115,0 
				</coordinates>
			</LineString>
		</Placemark>
		<Placemark id="0F010DAAF22F7F5484C8">
			<name>ODP 3.2</name>
			<LookAt>
				<longitude>109.395210151629</longitude>
				<latitude>-0.1132509625903759</latitude>
				<altitude>2.608259573243339</altitude>
				<heading>0</heading>
				<tilt>0</tilt>
				<gx:fovy>35</gx:fovy>
				<range>407.7025948053052</range>
				<altitudeMode>absolute</altitudeMode>
			</LookAt>
			<styleUrl>#__managed_style_01E622A2A4421B397F54</styleUrl>
			<Point>
				<coordinates>109.3951903897842,-0.1133639448907196,1.717407744102456</coordinates>
			</Point>
		</Placemark>
		<Placemark id="0ECBCB6C3C2DE1442BF4">
			<name>Jalur ODP 3.3 - 2 Core</name>
			<description><![CDATA[<div>2 core<br></div>]]></description>
			<LookAt>
				<longitude>109.396422557763</longitude>
				<latitude>-0.1113697137519353</latitude>
				<altitude>2.758806334143797</altitude>
				<heading>357.8263529102561</heading>
				<tilt>0</tilt>
				<gx:fovy>35</gx:fovy>
				<range>611.2924488871797</range>
				<altitudeMode>absolute</altitudeMode>
			</LookAt>
			<styleUrl>#__managed_style_4683A5998E421B397F64</styleUrl>
			<LineString>
				<coordinates>
					109.3989429499511,-0.1090597146078532,0 109.398700149555,-0.1090764147857513,0 109.3984297611476,-0.1090790955971961,0 109.3973935512309,-0.1090976229470686,0 109.3972470478759,-0.110394492207376,0 109.3971884510708,-0.1110167355546637,0 109.3970898231869,-0.1118491874750317,0 109.3968223529855,-0.1119084935717542,0 
				</coordinates>
			</LineString>
		</Placemark>
		<Placemark id="0365D7A3622DE1436C3B">
			<name>ODP 3.3</name>
			<LookAt>
				<longitude>109.3962048479721</longitude>
				<latitude>-0.1104441035972668</latitude>
				<altitude>2.521169105642578</altitude>
				<heading>357.8263536321697</heading>
				<tilt>0</tilt>
				<gx:fovy>35</gx:fovy>
				<range>986.3822608301416</range>
				<altitudeMode>absolute</altitudeMode>
			</LookAt>
			<styleUrl>#__managed_style_01E622A2A4421B397F54</styleUrl>
			<Point>
				<coordinates>109.3968155208301,-0.1118889381752921,2.919409847337028</coordinates>
			</Point>
		</Placemark>
		<Placemark id="053F0E49462DE94E1A42">
			<name>Jalur ODP 3.4 - 1 Core</name>
			<description><![CDATA[<div>1 core</div>]]></description>
			<LookAt>
				<longitude>109.3962520569293</longitude>
				<latitude>-0.1117011518550088</latitude>
				<altitude>2.661120954973784</altitude>
				<heading>1.365503514896579</heading>
				<tilt>31.21485817560389</tilt>
				<gx:fovy>35</gx:fovy>
				<range>377.1561644586836</range>
				<altitudeMode>absolute</altitudeMode>
			</LookAt>
			<styleUrl>#__managed_style_30D5CCEBC7421B397F57</styleUrl>
			<LineString>
				<coordinates>
					109.3968307771271,-0.1118963663057529,0 109.3963608849275,-0.1120538812142628,0 109.3964769811014,-0.1124379118367216,0 
				</coordinates>
			</LineString>
		</Placemark>
		<Placemark id="0AA6430FFB2DE94D8850">
			<name>ODP 3.4</name>
			<LookAt>
				<longitude>109.3962520569293</longitude>
				<latitude>-0.1117011518550088</latitude>
				<altitude>2.661120954973784</altitude>
				<heading>1.365503514896579</heading>
				<tilt>31.21485817560389</tilt>
				<gx:fovy>35</gx:fovy>
				<range>377.1561644586836</range>
				<altitudeMode>absolute</altitudeMode>
			</LookAt>
			<styleUrl>#__managed_style_01E622A2A4421B397F54</styleUrl>
			<Point>
				<coordinates>109.3964737638106,-0.1124573216526249,2.978320719539867</coordinates>
			</Point>
		</Placemark>
		<Placemark id="033E36CB062E16557A98">
			<name>Jalur ODP 3.5 - 1 Core</name>
			<description><![CDATA[<div>1 core</div>]]></description>
			<LookAt>
				<longitude>109.3971395223967</longitude>
				<latitude>-0.1077692805129955</latitude>
				<altitude>1.955194533063696</altitude>
				<heading>5.01333895919041</heading>
				<tilt>0</tilt>
				<gx:fovy>30.00001479493145</gx:fovy>
				<range>1046.647171319055</range>
				<altitudeMode>absolute</altitudeMode>
			</LookAt>
			<styleUrl>#__managed_style_30D5CCEBC7421B397F57</styleUrl>
			<LineString>
				<coordinates>
					109.3989476799935,-0.1090734219592721,0 109.3972666035964,-0.1090407960124859,0 109.3968376230052,-0.1090344696105992,0 
				</coordinates>
			</LineString>
		</Placemark>
		<Placemark id="03B761FBBF2E1652D4ED">
			<name>ODP 3.5</name>
			<LookAt>
				<longitude>109.3996492827406</longitude>
				<latitude>-0.10853524176533</latitude>
				<altitude>1.640492262013105</altitude>
				<heading>5.013338251804416</heading>
				<tilt>5.063814746226752</tilt>
				<gx:fovy>30.00001479493145</gx:fovy>
				<range>1366.235486638325</range>
				<altitudeMode>absolute</altitudeMode>
			</LookAt>
			<styleUrl>#__managed_style_01E622A2A4421B397F54</styleUrl>
			<Point>
				<coordinates>109.3968336391214,-0.1090304657355035,1.642102553140871</coordinates>
			</Point>
		</Placemark>
		<Placemark id="035CE4C7682E4EF57C02">
			<name>Jalur ODP 3.6 - 1 Core</name>
			<description><![CDATA[<div>1 core</div>]]></description>
			<LookAt>
				<longitude>109.3971907514082</longitude>
				<latitude>-0.1095375185146991</latitude>
				<altitude>2.467893393201313</altitude>
				<heading>1.983654888780425</heading>
				<tilt>0</tilt>
				<gx:fovy>35</gx:fovy>
				<range>1438.781279924006</range>
				<altitudeMode>absolute</altitudeMode>
			</LookAt>
			<styleUrl>#__managed_style_30D5CCEBC7421B397F57</styleUrl>
			<LineString>
				<coordinates>
					109.3989421285175,-0.1090455212259505,0 109.3959710256066,-0.1089571549636813,0 109.3955476811851,-0.1089940990169443,0 109.3953087557955,-0.111672141274919,0 
				</coordinates>
			</LineString>
		</Placemark>
		<Placemark id="0BEE7672732DEDA18670">
			<name>ODP 3.6</name>
			<LookAt>
				<longitude>109.4066192272798</longitude>
				<latitude>-0.1092417541464056</latitude>
				<altitude>2.627027018952859</altitude>
				<heading>6.80385958583711</heading>
				<tilt>4.646289167582349</tilt>
				<gx:fovy>35</gx:fovy>
				<range>524.4154823653663</range>
				<altitudeMode>absolute</altitudeMode>
			</LookAt>
			<styleUrl>#__managed_style_01E622A2A4421B397F54</styleUrl>
			<Point>
				<coordinates>109.3953028997329,-0.1116665856475165,1.820163359248942</coordinates>
			</Point>
		</Placemark>
		<Placemark id="054C19866633F34DEB2B">
			<name>Jalur ODP 3.1 --&gt; ODP 3.7</name>
			<description><![CDATA[<div>1 core</div>]]></description>
			<LookAt>
				<longitude>109.3931386038065</longitude>
				<latitude>-0.1089632235469694</latitude>
				<altitude>3.356913046540178</altitude>
				<heading>-69.47052819230052</heading>
				<tilt>32.30453224323949</tilt>
				<gx:fovy>56.95029801941809</gx:fovy>
				<range>127.8193845748683</range>
				<altitudeMode>absolute</altitudeMode>
			</LookAt>
			<styleUrl>#__managed_style_4683A5998E421B397F64</styleUrl>
			<LineString>
				<coordinates>
					109.3927828826109,-0.1091195524244524,0 109.3934175403502,-0.109099762879062,0 
				</coordinates>
			</LineString>
		</Placemark>
		<Placemark id="08080B499533F34CAD3C">
			<name>ODP 3.7</name>
			<description><![CDATA[<div>ODP<br></div>]]></description>
			<LookAt>
				<longitude>109.3928733984126</longitude>
				<latitude>-0.1088338209279171</latitude>
				<altitude>2.572169192035765</altitude>
				<heading>-69.47052715386143</heading>
				<tilt>32.3051150160321</tilt>
				<gx:fovy>56.95029801941809</gx:fovy>
				<range>249.0773761917808</range>
				<altitudeMode>absolute</altitudeMode>
			</LookAt>
			<styleUrl>#__managed_style_1245425943421B397F63</styleUrl>
			<Point>
				<coordinates>109.3934163651645,-0.1091029673899967,2.783328989688678</coordinates>
			</Point>
		</Placemark>
		<Placemark id="0213AA6870324B859FC4">
			<name>Jalur ODP 3.2 --&gt; ODP 3.8</name>
			<description><![CDATA[<div>1 core</div>]]></description>
			<LookAt>
				<longitude>109.3952373461313</longitude>
				<latitude>-0.1139312342818114</latitude>
				<altitude>2.579983841350957</altitude>
				<heading>-110.5121659914123</heading>
				<tilt>24.9075149422135</tilt>
				<gx:fovy>56.4438817185145</gx:fovy>
				<range>136.5192239713543</range>
				<altitudeMode>absolute</altitudeMode>
			</LookAt>
			<styleUrl>#__managed_style_30D5CCEBC7421B397F57</styleUrl>
			<LineString>
				<coordinates>
					109.3949259640431,-0.1141302365906111,0 109.3948491735862,-0.1138872300833712,0 109.3948255763315,-0.1136210393684583,0 109.3948391123744,-0.1134126958102523,0 109.3951681053947,-0.1133626571302412,0 
				</coordinates>
			</LineString>
		</Placemark>
		<Placemark id="01B86834DE3046118759">
			<name>ODP 3.8</name>
			<LookAt>
				<longitude>109.3946739188041</longitude>
				<latitude>-0.114513362989229</latitude>
				<altitude>2.853733536550547</altitude>
				<heading>0</heading>
				<tilt>0</tilt>
				<gx:fovy>35</gx:fovy>
				<range>575.1286260269262</range>
				<altitudeMode>absolute</altitudeMode>
			</LookAt>
			<styleUrl>#__managed_style_01E622A2A4421B397F54</styleUrl>
			<Point>
				<coordinates>109.394925521406,-0.1141307310440836,2.843825944964753</coordinates>
			</Point>
		</Placemark>
	</Folder>
	<Folder id="092D52ECF32DEDB8308A">
		<name>ODC 4 - EPON (Area Psrit Bugis)</name>
		<styleUrl>#__managed_style_1D85365285421B397F54</styleUrl>
		<Placemark id="08D362A6222E4FE30F8D">
			<name>Jalur ODC 3 --&gt; ODC 4</name>
			<description><![CDATA[<div>1 core</div>]]></description>
			<LookAt>
				<longitude>109.4027273546301</longitude>
				<latitude>-0.1093841449010397</latitude>
				<altitude>1.736930212713279</altitude>
				<heading>6.211842194398502</heading>
				<tilt>0</tilt>
				<gx:fovy>35</gx:fovy>
				<range>422.9387142308406</range>
				<altitudeMode>absolute</altitudeMode>
			</LookAt>
			<styleUrl>#__managed_style_30D5CCEBC7421B397F57</styleUrl>
			<LineString>
				<coordinates>
					109.3989480349424,-0.1090402446394316,0 109.3989706595107,-0.1090907063393723,0 109.4000463858508,-0.1091419270927802,0 109.4011515619158,-0.1092291512407729,0 109.4021962015564,-0.109309804555492,0 109.4030305460451,-0.1093573451468285,0 109.4034426682115,-0.1093793310250603,0 109.4035242817174,-0.1093844845534503,0 109.4035725731774,-0.109401101560033,0 109.403563133749,-0.1094323726051014,0 
				</coordinates>
			</LineString>
		</Placemark>
		<Placemark id="0DB1A6D0892DE9FF173C">
			<name>ODC 4 EPON</name>
			<LookAt>
				<longitude>109.4008671870961</longitude>
				<latitude>-0.1024023377925321</latitude>
				<altitude>1.896203990510954</altitude>
				<heading>3.67468955564661</heading>
				<tilt>23.37304015819309</tilt>
				<gx:fovy>35</gx:fovy>
				<range>468.948195878329</range>
				<altitudeMode>absolute</altitudeMode>
			</LookAt>
			<styleUrl>#__managed_style_079CFDFFE0421B397F63</styleUrl>
			<Point>
				<coordinates>109.4035593395923,-0.109432653918291,2.267537624927434</coordinates>
			</Point>
		</Placemark>
		<Placemark id="08BC24833630CE53ED19">
			<name>Jalur ODP 4.1</name>
			<description><![CDATA[<div>1 core</div>]]></description>
			<LookAt>
				<longitude>109.4027883615161</longitude>
				<latitude>-0.1094868767844289</latitude>
				<altitude>1.896211430146881</altitude>
				<heading>207.4557805542427</heading>
				<tilt>0</tilt>
				<gx:fovy>57.46367905185197</gx:fovy>
				<range>114.5027064515125</range>
				<altitudeMode>absolute</altitudeMode>
			</LookAt>
			<styleUrl>#__managed_style_30D5CCEBC7421B397F57</styleUrl>
			<LineString>
				<coordinates>
					109.4035596124315,-0.1094313324099484,0 109.4023552893358,-0.1093619101762725,0 
				</coordinates>
			</LineString>
		</Placemark>
		<Placemark id="0778AA433C2DED9D74CE">
			<name>ODP 4.1</name>
			<LookAt>
				<longitude>109.4027835530182</longitude>
				<latitude>-0.1095348310681572</latitude>
				<altitude>1.844513183646808</altitude>
				<heading>6.803868884266247</heading>
				<tilt>4.646372075797154</tilt>
				<gx:fovy>35</gx:fovy>
				<range>638.2311236502574</range>
				<altitudeMode>absolute</altitudeMode>
			</LookAt>
			<styleUrl>#__managed_style_01E622A2A4421B397F54</styleUrl>
			<Point>
				<coordinates>109.4023505487593,-0.1093508414473806,1.827331630412542</coordinates>
			</Point>
		</Placemark>
		<Placemark id="0EBC99075E2F76208E94">
			<name>Jalur ODP 4.2</name>
			<LookAt>
				<longitude>109.4041448193255</longitude>
				<latitude>-0.1089981958986949</latitude>
				<altitude>1.388653263653592</altitude>
				<heading>0</heading>
				<tilt>0</tilt>
				<gx:fovy>35</gx:fovy>
				<range>435.4513266660069</range>
				<altitudeMode>absolute</altitudeMode>
			</LookAt>
			<styleUrl>#__managed_style_2E015AC77C421B397F58</styleUrl>
			<LineString>
				<coordinates>
					109.4035594663426,-0.1093923327468234,0 109.4050445565135,-0.1095091727990597,0 
				</coordinates>
			</LineString>
		</Placemark>
		<Placemark id="0B930E6AD52DED9DFEE9">
			<name>ODP 4.2</name>
			<LookAt>
				<longitude>109.4040749404479</longitude>
				<latitude>-0.1095396414517247</latitude>
				<altitude>1.665762362600425</altitude>
				<heading>6.80386430144631</heading>
				<tilt>4.646291994276239</tilt>
				<gx:fovy>35</gx:fovy>
				<range>528.293697355839</range>
				<altitudeMode>absolute</altitudeMode>
			</LookAt>
			<styleUrl>#__managed_style_01E622A2A4421B397F54</styleUrl>
			<Point>
				<coordinates>109.4050565962859,-0.1095187449820242,1.667613249405527</coordinates>
			</Point>
		</Placemark>
		<Placemark id="04755FCD002E4FE1CB41">
			<name>Jalur ODP 4.3 - 1 Core</name>
			<LookAt>
				<longitude>109.4031777759354</longitude>
				<latitude>-0.1109428702308335</latitude>
				<altitude>1.904564589423956</altitude>
				<heading>6.211843351663752</heading>
				<tilt>0</tilt>
				<gx:fovy>35</gx:fovy>
				<range>381.9032381163561</range>
				<altitudeMode>absolute</altitudeMode>
			</LookAt>
			<styleUrl>#__managed_style_2E015AC77C421B397F58</styleUrl>
			<LineString>
				<coordinates>
					109.4035557312732,-0.1094330019355824,0 109.4033602935476,-0.10941191725871,0 109.4032368812958,-0.1103433499334192,0 109.4031904793088,-0.1106593475427739,0 109.4031419262699,-0.1109727313811103,0 109.4030412383218,-0.1115436891927938,0 
				</coordinates>
			</LineString>
		</Placemark>
		<Placemark id="007C7D88DC2DED9E3BD8">
			<name>ODP 4.3</name>
			<LookAt>
				<longitude>109.4040136680854</longitude>
				<latitude>-0.108741914373259</latitude>
				<altitude>1.665802525883104</altitude>
				<heading>6.803864427850672</heading>
				<tilt>4.646291994177137</tilt>
				<gx:fovy>35</gx:fovy>
				<range>528.293697355839</range>
				<altitudeMode>absolute</altitudeMode>
			</LookAt>
			<styleUrl>#__managed_style_01E622A2A4421B397F54</styleUrl>
			<Point>
				<coordinates>109.4030217655349,-0.1115401240687744,1.667461466273944</coordinates>
			</Point>
		</Placemark>
		<Placemark id="084B9A549530B4A91037">
			<name>Jalur ODP 4.4 - 1 Core</name>
			<LookAt>
				<longitude>109.4005629562078</longitude>
				<latitude>-0.1121493799170646</latitude>
				<altitude>1.646833962440077</altitude>
				<heading>0</heading>
				<tilt>0</tilt>
				<gx:fovy>35</gx:fovy>
				<range>387.2155902448139</range>
				<altitudeMode>absolute</altitudeMode>
			</LookAt>
			<styleUrl>#__managed_style_2E015AC77C421B397F58</styleUrl>
			<LineString>
				<coordinates>
					109.4035565215533,-0.1094117048443096,0 109.4010645795754,-0.1092693779137644,0 109.4006107173556,-0.1125565443171297,0 
				</coordinates>
			</LineString>
		</Placemark>
		<Placemark id="05FC08F11E30B4AA54D3">
			<name>ODP 4.4</name>
			<LookAt>
				<longitude>109.4006484109574</longitude>
				<latitude>-0.1124993186231018</latitude>
				<altitude>1.81254716316144</altitude>
				<heading>0</heading>
				<tilt>0</tilt>
				<gx:fovy>35</gx:fovy>
				<range>224.8842734936625</range>
				<altitudeMode>absolute</altitudeMode>
			</LookAt>
			<styleUrl>#__managed_style_01E622A2A4421B397F54</styleUrl>
			<Point>
				<coordinates>109.4006214583311,-0.1125714599045898,1.930071338453444</coordinates>
			</Point>
		</Placemark>
		<Placemark id="0E96A5EDA62EF9965E3B">
			<name>Jalur ODP 4.5 - 2 Core</name>
			<LookAt>
				<longitude>109.405721557864</longitude>
				<latitude>-0.1118119099152015</latitude>
				<altitude>1.955850716308656</altitude>
				<heading>150.9005706628649</heading>
				<tilt>0</tilt>
				<gx:fovy>35</gx:fovy>
				<range>681.2973283102475</range>
				<altitudeMode>absolute</altitudeMode>
			</LookAt>
			<styleUrl>#__managed_style_5CC3F700FB421B397F54</styleUrl>
			<LineString>
				<coordinates>
					109.4035651020212,-0.1094148036099227,0 109.4048121337462,-0.1094856753643189,0 109.4045484986223,-0.1111387915698127,0 109.4043141851942,-0.1124484199953284,0 109.4042306477301,-0.1128413718826728,0 109.4042210634235,-0.1133952601682633,0 109.4051927295129,-0.1133697805436808,0 109.4051909371154,-0.113462822696178,0 
				</coordinates>
			</LineString>
		</Placemark>
		<Placemark id="0FDD6E09342DED9F93A6">
			<name>ODP 4.5</name>
			<LookAt>
				<longitude>109.4053356533041</longitude>
				<latitude>-0.1083617167523421</latitude>
				<altitude>1.449564250822426</altitude>
				<heading>6.803862549000558</heading>
				<tilt>4.646186849965499</tilt>
				<gx:fovy>35</gx:fovy>
				<range>383.9501678038141</range>
				<altitudeMode>absolute</altitudeMode>
			</LookAt>
			<styleUrl>#__managed_style_01E622A2A4421B397F54</styleUrl>
			<Point>
				<coordinates>109.4051878419475,-0.1134513224191957,1.552819491659972</coordinates>
			</Point>
		</Placemark>
		<Placemark id="0D91DF43443168E1277D">
			<name>Jalur ODP 4.6 - 1 Core</name>
			<LookAt>
				<longitude>109.4061710764834</longitude>
				<latitude>-0.113245409001028</latitude>
				<altitude>2.863022999260547</altitude>
				<heading>24.33206977063958</heading>
				<tilt>29.37609530691627</tilt>
				<gx:fovy>57.25766446750109</gx:fovy>
				<range>299.8240346620151</range>
				<altitudeMode>absolute</altitudeMode>
			</LookAt>
			<styleUrl>#__managed_style_2E015AC77C421B397F58</styleUrl>
			<LineString>
				<coordinates>
					109.4051881138214,-0.1134441639952666,0 109.4052422336759,-0.1135546358552949,0 109.4057009238014,-0.1135263262536616,0 109.4061294068942,-0.113525211968066,0 109.4063642115454,-0.11352745144524,0 
				</coordinates>
			</LineString>
		</Placemark>
		<Placemark id="0989E4B8C72E4F0A454A">
			<name>ODP 4.6</name>
			<LookAt>
				<longitude>109.4069068990654</longitude>
				<latitude>-0.1135874582178518</latitude>
				<altitude>1.967120514189344</altitude>
				<heading>5.184759019753353</heading>
				<tilt>1.831333447604534</tilt>
				<gx:fovy>30.00026622106971</gx:fovy>
				<range>559.2058470427584</range>
				<altitudeMode>absolute</altitudeMode>
			</LookAt>
			<styleUrl>#__managed_style_01E622A2A4421B397F54</styleUrl>
			<Point>
				<coordinates>109.406369825095,-0.1135251982214073,1.958099396491046</coordinates>
			</Point>
		</Placemark>
		<Placemark id="0A00BCDAB33004B7F236">
			<name>Jalur ODP 4.7 - 1 Core</name>
			<LookAt>
				<longitude>109.4012881205891</longitude>
				<latitude>-0.1106888333882312</latitude>
				<altitude>1.692091545369818</altitude>
				<heading>6.803899762424058</heading>
				<tilt>0</tilt>
				<gx:fovy>35</gx:fovy>
				<range>817.6113262280705</range>
				<altitudeMode>absolute</altitudeMode>
			</LookAt>
			<styleUrl>#__managed_style_2E015AC77C421B397F58</styleUrl>
			<LineString>
				<coordinates>
					109.4018921241684,-0.1093005204935735,0 109.4010082393729,-0.1092792571386923,0 109.400589703871,-0.1124985554084581,0 109.4005272873897,-0.1125661370232036,0 109.4003473706417,-0.1125580378352412,0 
				</coordinates>
			</LineString>
		</Placemark>
		<Placemark id="0D863BF2F42DE1476AB7">
			<name>ODP 4.7</name>
			<LookAt>
				<longitude>109.4008327007649</longitude>
				<latitude>-0.1128758688676015</latitude>
				<altitude>1.945497075853051</altitude>
				<heading>357.8263311103093</heading>
				<tilt>0</tilt>
				<gx:fovy>35</gx:fovy>
				<range>369.2488714835054</range>
				<altitudeMode>absolute</altitudeMode>
			</LookAt>
			<styleUrl>#__managed_style_01E622A2A4421B397F54</styleUrl>
			<Point>
				<coordinates>109.4003514174529,-0.1125677483262476,1.930495275846602</coordinates>
			</Point>
		</Placemark>
		<Placemark id="031B72007F3430682781">
			<name>Jalur ODP 4.8 - 1 core</name>
			<LookAt>
				<longitude>109.4015977493649</longitude>
				<latitude>-0.1093157465365223</latitude>
				<altitude>2.11037475410804</altitude>
				<heading>0</heading>
				<tilt>0</tilt>
				<gx:fovy>35</gx:fovy>
				<range>403.759158050234</range>
				<altitudeMode>absolute</altitudeMode>
			</LookAt>
			<styleUrl>#__managed_style_2E015AC77C421B397F58</styleUrl>
			<LineString>
				<coordinates>
					109.4035477066574,-0.1094208555123953,0 109.4025159383783,-0.1093580316151453,0 109.4020160540231,-0.1093169555080296,0 
				</coordinates>
			</LineString>
		</Placemark>
		<Placemark id="04D0ABFEC03430672EF8">
			<name>ODP 4.8</name>
			<LookAt>
				<longitude>109.4019523129872</longitude>
				<latitude>-0.109212048562406</latitude>
				<altitude>1.807284084040219</altitude>
				<heading>0</heading>
				<tilt>0</tilt>
				<gx:fovy>35</gx:fovy>
				<range>160.3507097642614</range>
				<altitudeMode>absolute</altitudeMode>
			</LookAt>
			<styleUrl>#__managed_style_01E622A2A4421B397F54</styleUrl>
			<Point>
				<coordinates>109.4020204195687,-0.1093065341794499,1.807262388992381</coordinates>
			</Point>
		</Placemark>
	</Folder>
	<Folder id="0FDF4D48EC2DEDB9CD80">
		<name>ODC 5 - EPON (Area Wonodadi 1)</name>
		<styleUrl>#__managed_style_1D85365285421B397F54</styleUrl>
		<Placemark id="0D43FA561D2E165B2622">
			<name>Jalur ODC 5 - 2 Core</name>
			<LookAt>
				<longitude>109.3974487306559</longitude>
				<latitude>-0.1162400102696183</latitude>
				<altitude>5.031221981976007</altitude>
				<heading>3.580919117927542</heading>
				<tilt>13.18474852173952</tilt>
				<gx:fovy>30.00001479493145</gx:fovy>
				<range>1597.752076543984</range>
				<altitudeMode>absolute</altitudeMode>
			</LookAt>
			<styleUrl>#__managed_style_5CC3F700FB421B397F54</styleUrl>
			<LineString>
				<coordinates>
					109.398948695253,-0.1090518238495882,0 109.3989489911279,-0.1091088598005458,0 109.3978217662577,-0.1090653434541091,0 109.3975330007572,-0.1119892003917537,0 109.397381643145,-0.1137145900475019,0 109.3976851453404,-0.1149339727544106,0 109.3988684088092,-0.1185642372286466,0 
				</coordinates>
			</LineString>
		</Placemark>
		<Placemark id="042A24717B2DE131BEE6">
			<name>ODC 5 EPON</name>
			<LookAt>
				<longitude>109.4062661597792</longitude>
				<latitude>-0.1148619042079036</latitude>
				<altitude>2.520489391136158</altitude>
				<heading>2.123540587399601</heading>
				<tilt>3.031488995556292</tilt>
				<gx:fovy>35</gx:fovy>
				<range>1282.63268051247</range>
				<altitudeMode>absolute</altitudeMode>
			</LookAt>
			<styleUrl>#__managed_style_079CFDFFE0421B397F63</styleUrl>
			<Point>
				<coordinates>109.398865247143,-0.1186062805322302,2.161900713486053</coordinates>
			</Point>
		</Placemark>
		<Placemark id="0F222BA2D12F57EEEC19">
			<name>Jalur ODP 5.1 - 1 Core</name>
			<LookAt>
				<longitude>109.401163347897</longitude>
				<latitude>-0.1169317004877013</latitude>
				<altitude>6.003676333158216</altitude>
				<heading>0</heading>
				<tilt>0</tilt>
				<gx:fovy>35</gx:fovy>
				<range>1018.726044474315</range>
				<altitudeMode>absolute</altitudeMode>
			</LookAt>
			<styleUrl>#__managed_style_2E015AC77C421B397F58</styleUrl>
			<LineString>
				<coordinates>
					109.3988747096789,-0.1186114601009054,0 109.4030585086248,-0.1177967480854606,0 109.402490683902,-0.1155217919467717,0 
				</coordinates>
			</LineString>
		</Placemark>
		<Placemark id="02FB2B113B2F57E2A794">
			<name>ODP 5.1</name>
			<LookAt>
				<longitude>109.4024399606459</longitude>
				<latitude>-0.1155845073484005</latitude>
				<altitude>1.911073659732243</altitude>
				<heading>-121.7851043816329</heading>
				<tilt>34.30641331589312</tilt>
				<gx:fovy>57.31950185185082</gx:fovy>
				<range>61.09496406038488</range>
				<altitudeMode>absolute</altitudeMode>
			</LookAt>
			<styleUrl>#__managed_style_01E622A2A4421B397F54</styleUrl>
			<Point>
				<coordinates>109.4024688214904,-0.1155501748241489,1.901861289078942</coordinates>
			</Point>
		</Placemark>
		<Placemark id="0955FF7CB43E54051B0C">
			<name>Jalur ODP 5.2 - core</name>
			<LookAt>
				<longitude>109.3984641607202</longitude>
				<latitude>-0.1173932866618673</latitude>
				<altitude>1.961893088451709</altitude>
				<heading>0</heading>
				<tilt>0</tilt>
				<gx:fovy>34.9999999999995</gx:fovy>
				<range>363.2742889861402</range>
				<altitudeMode>absolute</altitudeMode>
			</LookAt>
			<styleUrl>#__managed_style_6663787490421B397F54</styleUrl>
			<LineString>
				<coordinates>
					109.3988844464693,-0.1185888421050996,0 109.3983616841092,-0.1169911788956863,0 
				</coordinates>
			</LineString>
		</Placemark>
		<Placemark id="02E36D04FB3D8A5F3100">
			<name>ODP 5.2</name>
			<LookAt>
				<longitude>109.3985790996462</longitude>
				<latitude>-0.1174256139222158</latitude>
				<altitude>3.614964788807959</altitude>
				<heading>0</heading>
				<tilt>0</tilt>
				<gx:fovy>35</gx:fovy>
				<range>1473.710849263152</range>
				<altitudeMode>absolute</altitudeMode>
			</LookAt>
			<styleUrl>#__managed_style_532102DD13421B397F58</styleUrl>
			<Point>
				<coordinates>109.3983667403361,-0.1170055126932459,3.912173782302897</coordinates>
			</Point>
		</Placemark>
		<Placemark id="058587FFCC301246275B">
			<name>Jalur ODP 5.3 - 2 Core</name>
			<LookAt>
				<longitude>109.3986269369217</longitude>
				<latitude>-0.1177819635451031</latitude>
				<altitude>3.569131603835329</altitude>
				<heading>0</heading>
				<tilt>0</tilt>
				<gx:fovy>35</gx:fovy>
				<range>558.4831694947206</range>
				<altitudeMode>absolute</altitudeMode>
			</LookAt>
			<styleUrl>#__managed_style_5CC3F700FB421B397F54</styleUrl>
			<LineString>
				<coordinates>
					109.398853322045,-0.1184991025581825,0 109.3983497247802,-0.1169319597192119,0 
				</coordinates>
			</LineString>
		</Placemark>
		<Placemark id="05782264CA301245DB19">
			<name>ODP 5.3</name>
			<LookAt>
				<longitude>109.3984836390988</longitude>
				<latitude>-0.1170500751933825</latitude>
				<altitude>5.033993786047293</altitude>
				<heading>0</heading>
				<tilt>0</tilt>
				<gx:fovy>35</gx:fovy>
				<range>557.0182988599845</range>
				<altitudeMode>absolute</altitudeMode>
			</LookAt>
			<styleUrl>#__managed_style_01E622A2A4421B397F54</styleUrl>
			<Point>
				<coordinates>109.3983500780312,-0.1169515740751883,3.89301405346662</coordinates>
			</Point>
		</Placemark>
		<Placemark id="0C8EC3326A304E84C17D">
			<name>Jalur ODP 5.4 - 1  Core</name>
			<LookAt>
				<longitude>109.3980431732228</longitude>
				<latitude>-0.1169463629996336</latitude>
				<altitude>2.891666822666199</altitude>
				<heading>314.4073264348497</heading>
				<tilt>0</tilt>
				<gx:fovy>57.40000000001163</gx:fovy>
				<range>556.0319992968289</range>
				<altitudeMode>absolute</altitudeMode>
			</LookAt>
			<styleUrl>#__managed_style_2E015AC77C421B397F58</styleUrl>
			<LineString>
				<coordinates>
					109.3977619941669,-0.1151961503460746,0 109.3989264224639,-0.1185462046086368,0 
				</coordinates>
			</LineString>
		</Placemark>
		<Placemark id="02996D4F5D304E837DBA">
			<name>ODP 5.4</name>
			<LookAt>
				<longitude>109.3975272951657</longitude>
				<latitude>-0.1154928932704839</latitude>
				<altitude>2.975984938726743</altitude>
				<heading>-45.5926738782895</heading>
				<tilt>27.83071890567301</tilt>
				<gx:fovy>57.40000000001163</gx:fovy>
				<range>163.8849112362368</range>
				<altitudeMode>absolute</altitudeMode>
			</LookAt>
			<styleUrl>#__managed_style_1DAD1049F2421B397F60</styleUrl>
			<Point>
				<coordinates>109.3977886051046,-0.1152200945340889,3.137539557666577</coordinates>
			</Point>
		</Placemark>
		<Placemark id="0FB1395DB73048739E0F">
			<name>Jalur ODP 5.5 - 2 Core</name>
			<LookAt>
				<longitude>109.3977932238897</longitude>
				<latitude>-0.119149048185096</latitude>
				<altitude>5.331726152766249</altitude>
				<heading>262.7078380289142</heading>
				<tilt>0</tilt>
				<gx:fovy>35</gx:fovy>
				<range>381.0116654017838</range>
				<altitudeMode>absolute</altitudeMode>
			</LookAt>
			<styleUrl>#__managed_style_5CC3F700FB421B397F54</styleUrl>
			<LineString>
				<coordinates>
					109.3988920721435,-0.1185376386729685,0 109.3989055390763,-0.1186250979409206,0 109.3972314289124,-0.1189864704943309,0 
				</coordinates>
			</LineString>
		</Placemark>
		<Placemark id="0CCE0F9FC03048722075">
			<name>ODP 5.5</name>
			<LookAt>
				<longitude>109.3972996026508</longitude>
				<latitude>-0.1188314412740216</latitude>
				<altitude>2.400707492571044</altitude>
				<heading>-94.1015538133892</heading>
				<tilt>33.77489579677599</tilt>
				<gx:fovy>57.39359837051556</gx:fovy>
				<range>117.5090380980691</range>
				<altitudeMode>absolute</altitudeMode>
			</LookAt>
			<styleUrl>#__managed_style_01E622A2A4421B397F54</styleUrl>
			<Point>
				<coordinates>109.3972323494072,-0.1189896472731801,2.553016496438334</coordinates>
			</Point>
		</Placemark>
		<Placemark id="0D413A3C7239E6CE5758">
			<name>Jalur ODP 5.5 --&gt; ODP 5.6</name>
			<description><![CDATA[<div>1 core</div>]]></description>
			<LookAt>
				<longitude>109.3972889588793</longitude>
				<latitude>-0.1185363454409114</latitude>
				<altitude>3.118268956187864</altitude>
				<heading>0</heading>
				<tilt>0</tilt>
				<gx:fovy>35</gx:fovy>
				<range>342.3925930861515</range>
				<altitudeMode>absolute</altitudeMode>
			</LookAt>
			<styleUrl>#__managed_style_30D5CCEBC7421B397F57</styleUrl>
			<LineString>
				<coordinates>
					109.3972479419963,-0.1189824035611676,0 109.3978651494686,-0.1188059857378153,0 109.3978296291368,-0.1186807286597649,0 
				</coordinates>
			</LineString>
		</Placemark>
		<Placemark id="0E691026D03651BA02A8">
			<name>ODP 5.6</name>
			<LookAt>
				<longitude>109.397834804373</longitude>
				<latitude>-0.1180124000371826</latitude>
				<altitude>3.141040797606107</altitude>
				<heading>357.8513566842663</heading>
				<tilt>0</tilt>
				<gx:fovy>35</gx:fovy>
				<range>520.2327600745048</range>
				<altitudeMode>absolute</altitudeMode>
			</LookAt>
			<styleUrl>#__managed_style_01E622A2A4421B397F54</styleUrl>
			<Point>
				<coordinates>109.3978445134103,-0.1186861101999941,3.274932734568767</coordinates>
			</Point>
		</Placemark>
		<Placemark id="09CFA2B2893088139A76">
			<name>Jalur ODP 5.7 - 1 Core</name>
			<LookAt>
				<longitude>109.4003350232238</longitude>
				<latitude>-0.1185863164667352</latitude>
				<altitude>2.406129899297433</altitude>
				<heading>171.0101865174165</heading>
				<tilt>0</tilt>
				<gx:fovy>57.49208819672126</gx:fovy>
				<range>183.9814543691136</range>
				<altitudeMode>absolute</altitudeMode>
			</LookAt>
			<styleUrl>#__managed_style_2E015AC77C421B397F58</styleUrl>
			<LineString>
				<coordinates>
					109.4001040475275,-0.1184006458471077,0 109.3989780218128,-0.1186041492305365,0 109.3989546715522,-0.1185384294271576,0 
				</coordinates>
			</LineString>
		</Placemark>
		<Placemark id="00F2601B5330865AED9F">
			<name>ODP 5.7</name>
			<LookAt>
				<longitude>109.4007786663657</longitude>
				<latitude>-0.1188468850139232</latitude>
				<altitude>2.876522164186686</altitude>
				<heading>334.3584071225048</heading>
				<tilt>0</tilt>
				<gx:fovy>57.39995053862952</gx:fovy>
				<range>979.4613369509173</range>
				<altitudeMode>absolute</altitudeMode>
			</LookAt>
			<styleUrl>#__managed_style_01E622A2A4421B397F54</styleUrl>
			<Point>
				<coordinates>109.400098655346,-0.1183928802710192,2.286541778256415</coordinates>
			</Point>
		</Placemark>
		<Placemark id="07805F5174346322438A">
			<name>Jalur ODP 5.8 - 1 Core</name>
			<LookAt>
				<longitude>109.3992250486885</longitude>
				<latitude>-0.1186890622297117</latitude>
				<altitude>2.22996312028436</altitude>
				<heading>176.4944668024636</heading>
				<tilt>29.54090683895027</tilt>
				<gx:fovy>56.70773218190111</gx:fovy>
				<range>72.50657099316413</range>
				<altitudeMode>absolute</altitudeMode>
			</LookAt>
			<styleUrl>#__managed_style_2E015AC77C421B397F58</styleUrl>
			<LineString>
				<coordinates>
					109.4027524536785,-0.1179318101665041,0 109.3990076917246,-0.1186174980810226,0 109.3989465303759,-0.1185655503878222,0 
				</coordinates>
			</LineString>
		</Placemark>
		<Placemark id="083C065934346320A30B">
			<name>ODP 5.8</name>
			<LookAt>
				<longitude>109.4027461551341</longitude>
				<latitude>-0.1178618031349615</latitude>
				<altitude>2.514325861431022</altitude>
				<heading>176.4944598777661</heading>
				<tilt>29.54089797617171</tilt>
				<gx:fovy>56.70773218190109</gx:fovy>
				<range>70.50775220757714</range>
				<altitudeMode>absolute</altitudeMode>
			</LookAt>
			<styleUrl>#__managed_style_01E622A2A4421B397F54</styleUrl>
			<Point>
				<coordinates>109.4027503495145,-0.117930271671896,2.571843548462338</coordinates>
			</Point>
		</Placemark>
	</Folder>
	<Folder id="0317AC96042E84B48B60">
		<name>ODC 6 (Area Podorukun 1 &amp; Wonodadi 1)</name>
		<styleUrl>#__managed_style_1D85365285421B397F54</styleUrl>
		<Placemark id="0DB9BAAD4C2E84B63E7E">
			<name>Jalur ODC 5 --&gt; ODC 6</name>
			<description><![CDATA[<div>1</div>]]></description>
			<LookAt>
				<longitude>109.408180260106</longitude>
				<latitude>-0.1159703790914935</latitude>
				<altitude>3.097006650709369</altitude>
				<heading>-14.3239587389514</heading>
				<tilt>13.60165367623092</tilt>
				<gx:fovy>35</gx:fovy>
				<range>484.077281150021</range>
				<altitudeMode>absolute</altitudeMode>
			</LookAt>
			<styleUrl>#__managed_style_30D5CCEBC7421B397F57</styleUrl>
			<LineString>
				<coordinates>
					109.3988818842058,-0.118573883331782,0 109.4001295733086,-0.1183528326635616,0 109.4013140241679,-0.1181467757700234,0 109.4022129349533,-0.117986884367486,0 109.4041458692823,-0.1176059811106547,0 109.4047565327151,-0.1174747107307761,0 109.4052478307474,-0.1173608559040498,0 109.4050989041232,-0.1167811167497186,0 109.4047312693804,-0.1152146603291284,0 109.4063757997073,-0.1149290744638446,0 109.4071192579786,-0.114742466436168,0 109.4078856916104,-0.1146688906606124,0 109.4080352296551,-0.1146920970827329,0 109.4081278334104,-0.1146816871950424,0 109.4081942871107,-0.114685477818152,0 109.4082496964718,-0.1146881486808023,0 109.4082703022774,-0.1146833868108108,0 109.408271486606,-0.1146529439230279,0 
				</coordinates>
			</LineString>
		</Placemark>
		<Placemark id="0868ED00E82E84B50AAA">
			<name>ODC 6 EPON</name>
			<LookAt>
				<longitude>109.4083314556987</longitude>
				<latitude>-0.1149834615814056</latitude>
				<altitude>2.362772968638043</altitude>
				<heading>0</heading>
				<tilt>0</tilt>
				<gx:fovy>35</gx:fovy>
				<range>345.7255318740863</range>
				<altitudeMode>absolute</altitudeMode>
			</LookAt>
			<styleUrl>#__managed_style_079CFDFFE0421B397F63</styleUrl>
			<Point>
				<coordinates>109.4082757858464,-0.1146799717797381,2.505442347319145</coordinates>
			</Point>
		</Placemark>
		<Placemark id="0705894E403004C29BA1">
			<name>Jalur ODP 6.1 - 2 Core</name>
			<LookAt>
				<longitude>109.4059627449783</longitude>
				<latitude>-0.1147709690266518</latitude>
				<altitude>2.529559572027216</altitude>
				<heading>6.803890900560412</heading>
				<tilt>0</tilt>
				<gx:fovy>35</gx:fovy>
				<range>704.6508920043561</range>
				<altitudeMode>absolute</altitudeMode>
			</LookAt>
			<styleUrl>#__managed_style_5CC3F700FB421B397F54</styleUrl>
			<LineString>
				<coordinates>
					109.4082807516745,-0.1146467436346725,0 109.4072972863262,-0.1147284173883746,0 109.4063248414062,-0.1149395025856469,0 109.4047517773629,-0.1152741505880182,0 109.4045873155323,-0.114558047650904,0 109.4044906593908,-0.1140704005227248,0 109.4048906246537,-0.1140039012527195,0 109.4048612985177,-0.1141787831004225,0 
				</coordinates>
			</LineString>
		</Placemark>
		<Placemark id="0C4F13039A3004BF81EB">
			<name>ODP 6.1</name>
			<LookAt>
				<longitude>109.4048880608226</longitude>
				<latitude>-0.1144085857645372</latitude>
				<altitude>2.365194023370776</altitude>
				<heading>6.803896327704818</heading>
				<tilt>0</tilt>
				<gx:fovy>35</gx:fovy>
				<range>484.1832491342939</range>
				<altitudeMode>absolute</altitudeMode>
			</LookAt>
			<styleUrl>#__managed_style_01E622A2A4421B397F54</styleUrl>
			<Point>
				<coordinates>109.4048831624372,-0.1142060852904538,1.958098745024827</coordinates>
			</Point>
		</Placemark>
		<Placemark id="0271A3D4AD3004C31284">
			<name>Jalur ODP 6.1 --&gt; ODP 6.2</name>
			<description><![CDATA[<div>1 core</div>]]></description>
			<LookAt>
				<longitude>109.4058814080489</longitude>
				<latitude>-0.1148842688345029</latitude>
				<altitude>2.804386952035318</altitude>
				<heading>6.803891064194469</heading>
				<tilt>0</tilt>
				<gx:fovy>35</gx:fovy>
				<range>704.3761447415455</range>
				<altitudeMode>absolute</altitudeMode>
			</LookAt>
			<styleUrl>#__managed_style_30D5CCEBC7421B397F57</styleUrl>
			<LineString>
				<coordinates>
					109.404846883756,-0.1141938989509258,0 109.4049361673201,-0.1145792492376178,0 
				</coordinates>
			</LineString>
		</Placemark>
		<Placemark id="0F98D357603004C1D1C1">
			<name>ODP 6.2</name>
			<LookAt>
				<longitude>109.4064637206359</longitude>
				<latitude>-0.1147672962690154</latitude>
				<altitude>2.047290567093767</altitude>
				<heading>6.803889895384791</heading>
				<tilt>0</tilt>
				<gx:fovy>35</gx:fovy>
				<range>705.1332178470329</range>
				<altitudeMode>absolute</altitudeMode>
			</LookAt>
			<styleUrl>#__managed_style_01E622A2A4421B397F54</styleUrl>
			<Point>
				<coordinates>109.4049376836942,-0.1145787573331159,2.097586338289427</coordinates>
			</Point>
		</Placemark>
		<Placemark id="09D239D6963004C3BFF0">
			<name>Jalur ODP 6.3 - 2 Core</name>
			<LookAt>
				<longitude>109.4051592505564</longitude>
				<latitude>-0.1157178362340783</latitude>
				<altitude>2.691156268983577</altitude>
				<heading>6.803894584178337</heading>
				<tilt>0</tilt>
				<gx:fovy>35</gx:fovy>
				<range>191.7722799075091</range>
				<altitudeMode>absolute</altitudeMode>
			</LookAt>
			<styleUrl>#__managed_style_5CC3F700FB421B397F54</styleUrl>
			<LineString>
				<coordinates>
					109.4082729882154,-0.1146323306514949,0 109.4079616999204,-0.1146872313242278,0 109.4078239659198,-0.1146641018085553,0 109.4071675419655,-0.1147426405291758,0 109.4065039667548,-0.1148942417435704,0 109.405062034272,-0.1152032618282342,0 109.404756018999,-0.115271139451163,0 109.4048497248947,-0.1156775937182945,0 109.4050942172207,-0.1155755061172751,0 
				</coordinates>
			</LineString>
		</Placemark>
		<Placemark id="07A846E57A3004C0C0CE">
			<name>ODP 6.3</name>
			<LookAt>
				<longitude>109.4052910315456</longitude>
				<latitude>-0.1155263926068934</latitude>
				<altitude>1.961863745814629</altitude>
				<heading>6.803896018347563</heading>
				<tilt>0</tilt>
				<gx:fovy>35</gx:fovy>
				<range>243.8309411559022</range>
				<altitudeMode>absolute</altitudeMode>
			</LookAt>
			<styleUrl>#__managed_style_01E622A2A4421B397F54</styleUrl>
			<Point>
				<coordinates>109.4050921511266,-0.1155762204309947,1.975762370650565</coordinates>
			</Point>
		</Placemark>
		<Placemark id="09440BE6533004C4C566">
			<name>Jalur ODP 6.3 --&gt; ODP 6.4</name>
			<description><![CDATA[<div>1 core</div>]]></description>
			<LookAt>
				<longitude>109.4051712007675</longitude>
				<latitude>-0.1160988415876378</latitude>
				<altitude>2.650287713344903</altitude>
				<heading>6.803895123762065</heading>
				<tilt>0</tilt>
				<gx:fovy>35</gx:fovy>
				<range>215.5809705314459</range>
				<altitudeMode>absolute</altitudeMode>
			</LookAt>
			<styleUrl>#__managed_style_30D5CCEBC7421B397F57</styleUrl>
			<LineString>
				<coordinates>
					109.405077017964,-0.1156023997646939,0 109.4048404528704,-0.1156955951290898,0 109.4052723486615,-0.1173622981122315,0 109.4059116696679,-0.1172495516990113,0 
				</coordinates>
			</LineString>
		</Placemark>
		<Placemark id="04DB7C005F3004C134DF">
			<name>ODP 6.4</name>
			<LookAt>
				<longitude>109.4053178722054</longitude>
				<latitude>-0.1160711645006965</latitude>
				<altitude>3.512972743176634</altitude>
				<heading>6.803895873309969</heading>
				<tilt>0</tilt>
				<gx:fovy>35</gx:fovy>
				<range>331.4198308196501</range>
				<altitudeMode>absolute</altitudeMode>
			</LookAt>
			<styleUrl>#__managed_style_01E622A2A4421B397F54</styleUrl>
			<Point>
				<coordinates>109.4059133071745,-0.1173027901456017,2.068669911175091</coordinates>
			</Point>
		</Placemark>
		<Placemark id="0E5B704A8231DB0AAFE8">
			<name>Jalur ODP 6.5 - 2 Core</name>
			<LookAt>
				<longitude>109.4052069875354</longitude>
				<latitude>-0.1174690819535338</latitude>
				<altitude>2.283770925842372</altitude>
				<heading>351.2659738874275</heading>
				<tilt>0</tilt>
				<gx:fovy>35</gx:fovy>
				<range>575.3155765433621</range>
				<altitudeMode>absolute</altitudeMode>
			</LookAt>
			<styleUrl>#__managed_style_5CC3F700FB421B397F54</styleUrl>
			<LineString>
				<coordinates>
					109.4082852850755,-0.1146885815282395,0 109.4076216096464,-0.1146922729953258,0 109.4061504468939,-0.1149803756277024,0 109.4047736976046,-0.1152692128634129,0 109.4049144450599,-0.1157806540668787,0 109.4050515745147,-0.116286378082245,0 109.4051669839106,-0.1168102569835887,0 109.405298998763,-0.117338551113169,0 109.4059242984263,-0.1172508064707876,0 109.4060395564981,-0.1177637886074679,0 109.4054974685084,-0.1179246425129186,0 
				</coordinates>
			</LineString>
		</Placemark>
		<Placemark id="04113C33B531DB096F37">
			<name>ODP 6.5</name>
			<LookAt>
				<longitude>109.4049393450291</longitude>
				<latitude>-0.11805409238222</latitude>
				<altitude>1.646801385916759</altitude>
				<heading>351.2659788286827</heading>
				<tilt>0</tilt>
				<gx:fovy>35</gx:fovy>
				<range>265.8411775463173</range>
				<altitudeMode>absolute</altitudeMode>
			</LookAt>
			<styleUrl>#__managed_style_01E622A2A4421B397F54</styleUrl>
			<Point>
				<coordinates>109.4055026087763,-0.1179461606896514,1.728946380643223</coordinates>
			</Point>
		</Placemark>
		<Placemark id="5170259B0500000D">
			<name>Jalur ODP 6.5 --&gt; ODP 6.6</name>
			<description><![CDATA[<div>1 core</div>]]></description>
			<LookAt>
				<longitude>109.4060067288813</longitude>
				<latitude>-0.1180992252266445</latitude>
				<altitude>1.118810285520111</altitude>
				<heading>23.57047876179872</heading>
				<tilt>34.58393756715764</tilt>
				<gx:fovy>35</gx:fovy>
				<range>59.9854639678324</range>
				<altitudeMode>absolute</altitudeMode>
			</LookAt>
			<styleUrl>#__managed_style_3B538BC0E0421B397F56</styleUrl>
			<LineString>
				<coordinates>
					109.4055018012426,-0.1179269121431256,0 109.4060680293422,-0.1177536128795498,0 109.4061812005177,-0.1183591178142521,0 
				</coordinates>
			</LineString>
		</Placemark>
		<Placemark id="5170259B0500000C">
			<name>ODP 6.6</name>
			<LookAt>
				<longitude>109.4061775114304</longitude>
				<latitude>-0.1183854167699687</latitude>
				<altitude>1.768762099066805</altitude>
				<heading>23.57047874460547</heading>
				<tilt>34.58392903471918</tilt>
				<gx:fovy>35</gx:fovy>
				<range>58.31395344600423</range>
				<altitudeMode>absolute</altitudeMode>
			</LookAt>
			<styleUrl>#__managed_style_1A50337434421B397F56</styleUrl>
			<Point>
				<coordinates>109.4061861925377,-0.1183590780011066,1.6687313212223</coordinates>
			</Point>
		</Placemark>
		<Placemark id="0A36E56337398445262C">
			<name>Jalur ODP 6.7 - 2 core</name>
			<description><![CDATA[<div>2 Core<br></div>]]></description>
			<LookAt>
				<longitude>109.4068989287031</longitude>
				<latitude>-0.1142046324819968</latitude>
				<altitude>2.759074078987573</altitude>
				<heading>357.5618807010561</heading>
				<tilt>0</tilt>
				<gx:fovy>30.00033672346972</gx:fovy>
				<range>958.8829662937496</range>
				<altitudeMode>absolute</altitudeMode>
			</LookAt>
			<styleUrl>#__managed_style_30D5CCEBC7421B397F57</styleUrl>
			<LineString>
				<coordinates>
					109.4055203454209,-0.1145734912156064,0 109.4064542523458,-0.1144616188124554,0 109.407433075747,-0.1144078261723219,0 109.4084749145445,-0.1144042802107339,0 109.4084601984582,-0.1146438724061757,0 109.4082702595983,-0.1146611281317741,0 
				</coordinates>
			</LineString>
		</Placemark>
		<Placemark id="0780262BBD398444A48C">
			<name>ODP 6.7</name>
			<LookAt>
				<longitude>109.4054735059858</longitude>
				<latitude>-0.1141518685806577</latitude>
				<altitude>2.04903921256441</altitude>
				<heading>0</heading>
				<tilt>0</tilt>
				<gx:fovy>30.00033672346972</gx:fovy>
				<range>1007.472671012365</range>
				<altitudeMode>absolute</altitudeMode>
			</LookAt>
			<styleUrl>#__managed_style_01E622A2A4421B397F54</styleUrl>
			<Point>
				<coordinates>109.4055294911107,-0.1145970822677127,1.665632715733303</coordinates>
			</Point>
		</Placemark>
		<Placemark id="0A8C207E0E398445B228">
			<name>Jalur ODP 6.7 --&gt; ODP 6.8</name>
			<description><![CDATA[<div>1 Core<br></div>]]></description>
			<LookAt>
				<longitude>109.4047213714751</longitude>
				<latitude>-0.1144439914144574</latitude>
				<altitude>2.284084335536449</altitude>
				<heading>357.5618797804251</heading>
				<tilt>0</tilt>
				<gx:fovy>30.00033672346972</gx:fovy>
				<range>959.3581997910223</range>
				<altitudeMode>absolute</altitudeMode>
			</LookAt>
			<styleUrl>#__managed_style_30D5CCEBC7421B397F57</styleUrl>
			<LineString>
				<coordinates>
					109.4055334889423,-0.1145949495836791,0 109.4049375431531,-0.1146863820479157,0 109.4048440840297,-0.1140450721948605,0 109.4045103588646,-0.1140844441154413,0 109.4047475573624,-0.1152379642402846,0 109.4060723736239,-0.1149632510329946,0 
				</coordinates>
			</LineString>
		</Placemark>
		<Placemark id="0019FE5681398443BDA8">
			<name>ODP 6.8</name>
			<LookAt>
				<longitude>109.405884826193</longitude>
				<latitude>-0.1147985597243943</latitude>
				<altitude>2.596400841673254</altitude>
				<heading>0</heading>
				<tilt>0</tilt>
				<gx:fovy>30.00033672346972</gx:fovy>
				<range>957.2496872220654</range>
				<altitudeMode>absolute</altitudeMode>
			</LookAt>
			<styleUrl>#__managed_style_1779ACA20A421B397F64</styleUrl>
			<Point>
				<coordinates>109.4060596548256,-0.1149733879996393,2.187131396233313</coordinates>
			</Point>
		</Placemark>
	</Folder>
	<Folder id="0146BA4DE534DEA794C3">
		<name>ODC 7 (Perbatasan Mandiri &amp; Parit Bugis)</name>
		<styleUrl>#__managed_style_1D85365285421B397F54</styleUrl>
		<Placemark id="5170259B05000002">
			<name>Jalur ODC 7 - 4 Core</name>
			<LookAt>
				<longitude>109.3987746159873</longitude>
				<latitude>-0.1053470078174395</latitude>
				<altitude>2.248567186835697</altitude>
				<heading>0</heading>
				<tilt>0</tilt>
				<gx:fovy>35</gx:fovy>
				<range>400.2604994268768</range>
				<altitudeMode>absolute</altitudeMode>
			</LookAt>
			<styleUrl>#__managed_style_044545DFCA421B397F68</styleUrl>
			<LineString>
				<coordinates>
					109.3965803005688,-0.1016325246872849,0 109.3967183873075,-0.1017482565361646,0 109.3966615607571,-0.1018642039832857,0 109.3976843821185,-0.1028221013159029,0 109.398220787331,-0.1033198218083484,0 109.3981191245371,-0.1051519222533032,0 109.3981357921448,-0.105341927033732,0 109.3980727937372,-0.1053215803588361,0 109.398070384557,-0.1056164819783636,0 109.4001085333128,-0.1057294249350977,0 109.4001561082192,-0.1057276167188621,0 109.4002165029049,-0.1057267459429534,0 
				</coordinates>
			</LineString>
		</Placemark>
		<Placemark id="5170259B05000003">
			<name>ODC 7</name>
			<LookAt>
				<longitude>109.399859570209</longitude>
				<latitude>-0.1055143143738679</latitude>
				<altitude>2.751370135812097</altitude>
				<heading>0</heading>
				<tilt>0</tilt>
				<gx:fovy>35</gx:fovy>
				<range>129.4832117225087</range>
				<altitudeMode>absolute</altitudeMode>
			</LookAt>
			<styleUrl>#__managed_style_4C3CF6526C421B397F54</styleUrl>
			<Point>
				<coordinates>109.4002461297888,-0.1058020820481365,1.823660374678178</coordinates>
			</Point>
		</Placemark>
		<Placemark id="5170259B05000004">
			<name>Jalur ODP 7.1 - 2 Core</name>
			<LookAt>
				<longitude>109.4007579024485</longitude>
				<latitude>-0.104937276600468</latitude>
				<altitude>1.691441180573721</altitude>
				<heading>112.1442831617437</heading>
				<tilt>0</tilt>
				<gx:fovy>35</gx:fovy>
				<range>345.4508541440737</range>
				<altitudeMode>absolute</altitudeMode>
			</LookAt>
			<styleUrl>#__managed_style_02968F64D2421B397F5B</styleUrl>
			<LineString>
				<coordinates>
					109.3973425211519,-0.102169947619742,0 109.3972012732269,-0.1023389953754974,0 109.3979391222527,-0.1030432295974933,0 109.3982205717418,-0.1032907991777282,0 109.3981559280869,-0.1053687917489529,0 109.398077999075,-0.1053737716452098,0 109.3980576117832,-0.1055806724931772,0 109.4002604691336,-0.1057433159629383,0 
				</coordinates>
			</LineString>
		</Placemark>
		<Placemark id="5170259B05000005">
			<name>ODP 7.1</name>
			<LookAt>
				<longitude>109.396745317465</longitude>
				<latitude>-0.1033464465891501</latitude>
				<altitude>2.493242971564953</altitude>
				<heading>0</heading>
				<tilt>0</tilt>
				<gx:fovy>35</gx:fovy>
				<range>771.5755611829081</range>
				<altitudeMode>absolute</altitudeMode>
			</LookAt>
			<styleUrl>#__managed_style_1A50337434421B397F56</styleUrl>
			<Point>
				<coordinates>109.3973426326459,-0.1021703637040806,2.653342769979181</coordinates>
			</Point>
		</Placemark>
		<Placemark id="01B928CA0A39892B4434">
			<name>Jalur ODP 7.3 --&gt; ODP 7.2</name>
			<description><![CDATA[<div>1 core<br></div>]]></description>
			<LookAt>
				<longitude>109.3931072233479</longitude>
				<latitude>-0.1084822554239546</latitude>
				<altitude>2.228442640624602</altitude>
				<heading>0</heading>
				<tilt>0</tilt>
				<gx:fovy>35</gx:fovy>
				<range>937.738042397832</range>
				<altitudeMode>absolute</altitudeMode>
			</LookAt>
			<styleUrl>#__managed_style_30D5CCEBC7421B397F57</styleUrl>
			<LineString>
				<coordinates>
					109.3951998701058,-0.1089696631383556,0 109.3927891993749,-0.1091212198649616,0 
				</coordinates>
			</LineString>
		</Placemark>
		<Placemark id="09B92112F539892A66EC">
			<name>ODP 7.2</name>
			<LookAt>
				<longitude>109.3927441967609</longitude>
				<latitude>-0.108910977185208</latitude>
				<altitude>2.29432250814583</altitude>
				<heading>0</heading>
				<tilt>0</tilt>
				<gx:fovy>35</gx:fovy>
				<range>640.4536236528656</range>
				<altitudeMode>absolute</altitudeMode>
			</LookAt>
			<styleUrl>#__managed_style_01E622A2A4421B397F54</styleUrl>
			<Point>
				<coordinates>109.3927860531075,-0.1091242451469625,2.388659715876884</coordinates>
			</Point>
		</Placemark>
		<Placemark id="5170259B05000006">
			<name>Jalur ODP 7.3 - 2 Core</name>
			<LookAt>
				<longitude>109.3967023884203</longitude>
				<latitude>-0.1071457610860179</latitude>
				<altitude>2.296228997255472</altitude>
				<heading>352.6590050310351</heading>
				<tilt>0</tilt>
				<gx:fovy>35</gx:fovy>
				<range>1695.504250816593</range>
				<altitudeMode>absolute</altitudeMode>
			</LookAt>
			<styleUrl>#__managed_style_0009CD8DFB421B397F3F</styleUrl>
			<LineString>
				<coordinates>
					109.4002374831812,-0.1057706330599043,0 109.3989738825682,-0.1056547811857822,0 109.3989457019895,-0.1090551086436161,0 109.3985576356722,-0.1090532282271137,0 109.3981289206007,-0.109042417691678,0 109.3973637180927,-0.1089933011966005,0 109.3957932164188,-0.1089951777947477,0 109.3952077798996,-0.1089866287214129,0 
				</coordinates>
			</LineString>
		</Placemark>
		<Placemark id="5170259B05000007">
			<name>ODP 7.3</name>
			<LookAt>
				<longitude>109.3952766158073</longitude>
				<latitude>-0.1089984425844442</latitude>
				<altitude>2.166253351699281</altitude>
				<heading>352.6590042162319</heading>
				<tilt>0</tilt>
				<gx:fovy>35</gx:fovy>
				<range>84.95849867880679</range>
				<altitudeMode>absolute</altitudeMode>
			</LookAt>
			<styleUrl>#__managed_style_1A50337434421B397F56</styleUrl>
			<Point>
				<coordinates>109.3951941796591,-0.1089914707648053,2.153424268414356</coordinates>
			</Point>
		</Placemark>
		<Placemark id="068EC9FB7C3651B31BBB">
			<name>Jalur ODP 7.4 - 1 Core</name>
			<LookAt>
				<longitude>109.3990157784344</longitude>
				<latitude>-0.105523613532051</latitude>
				<altitude>1.705367628731416</altitude>
				<heading>357.851413879173</heading>
				<tilt>0</tilt>
				<gx:fovy>35</gx:fovy>
				<range>715.7006270783313</range>
				<altitudeMode>absolute</altitudeMode>
			</LookAt>
			<styleUrl>#__managed_style_2E015AC77C421B397F58</styleUrl>
			<LineString>
				<coordinates>
					109.4002008212375,-0.1057253524534952,0 109.3989641014534,-0.1056305016656237,0 109.3989804929066,-0.1060664827212388,0 
				</coordinates>
			</LineString>
		</Placemark>
		<Placemark id="0C52ADB8393651B2A701">
			<name>ODP 7.4</name>
			<LookAt>
				<longitude>109.399015778519</longitude>
				<latitude>-0.105523613532051</latitude>
				<altitude>1.705367628731416</altitude>
				<heading>357.851413879173</heading>
				<tilt>0</tilt>
				<gx:fovy>35</gx:fovy>
				<range>715.70067343353</range>
				<altitudeMode>absolute</altitudeMode>
			</LookAt>
			<styleUrl>#__managed_style_01E622A2A4421B397F54</styleUrl>
			<Point>
				<coordinates>109.398977821516,-0.1061093923536948,2.284049744553811</coordinates>
			</Point>
		</Placemark>
		<Placemark id="082B82A7CB3E58769144">
			<name>Jalur SUB ODP 7.4 - 4 core</name>
			<description><![CDATA[<div>4 core<br></div>]]></description>
			<LookAt>
				<longitude>109.3989321403858</longitude>
				<latitude>-0.1091597428208053</latitude>
				<altitude>2.284050361340513</altitude>
				<heading>357.9349887655975</heading>
				<tilt>0</tilt>
				<gx:fovy>35</gx:fovy>
				<range>1172.450452413614</range>
				<altitudeMode>absolute</altitudeMode>
			</LookAt>
			<styleUrl>#__managed_style_0DC408A35F421B397F59</styleUrl>
			<LineString>
				<coordinates>
					109.3989735072063,-0.1061327794339375,0 109.398985412173,-0.109139780038101,0 109.3995037868984,-0.1091539844925146,0 109.3994074979603,-0.1097741171126992,0 
				</coordinates>
			</LineString>
		</Placemark>
		<Placemark id="0EB1053B893E5875235E">
			<name>SUB ODP 7.4</name>
			<LookAt>
				<longitude>109.3993054676034</longitude>
				<latitude>-0.1093039593005028</latitude>
				<altitude>2.264930532373539</altitude>
				<heading>0</heading>
				<tilt>0</tilt>
				<gx:fovy>35</gx:fovy>
				<range>635.4098999009876</range>
				<altitudeMode>absolute</altitudeMode>
			</LookAt>
			<styleUrl>#__managed_style_15621C3E48421B397F5F</styleUrl>
			<Point>
				<coordinates>109.399430177726,-0.1097947531916761,2.079539279597888</coordinates>
			</Point>
		</Placemark>
		<Placemark id="5170259B05000008">
			<name>Jalur ODP 7.5 - 4 Core</name>
			<LookAt>
				<longitude>109.4027383327078</longitude>
				<latitude>-0.1047199625237714</latitude>
				<altitude>1.632739404539956</altitude>
				<heading>350.8645082821507</heading>
				<tilt>0</tilt>
				<gx:fovy>35</gx:fovy>
				<range>239.7718713576251</range>
				<altitudeMode>absolute</altitudeMode>
			</LookAt>
			<styleUrl>#__managed_style_72A0DB9AD7421B397F64</styleUrl>
			<LineString>
				<coordinates>
					109.400220899152,-0.1057366385215,0 109.4006640429156,-0.1057871140401624,0 109.4007311401377,-0.1040190700480141,0 109.4018872976097,-0.1041796875762692,0 109.4034791872297,-0.1044037723585642,0 109.4034276225119,-0.1047410226516783,0 
				</coordinates>
			</LineString>
		</Placemark>
		<Placemark id="5170259B05000009">
			<name>ODP 7.5</name>
			<LookAt>
				<longitude>109.4034066493323</longitude>
				<latitude>-0.1047529501175485</latitude>
				<altitude>1.498217301131031</altitude>
				<heading>-83.79907220204745</heading>
				<tilt>36.55009573222134</tilt>
				<gx:fovy>35</gx:fovy>
				<range>62.80318789959892</range>
				<altitudeMode>absolute</altitudeMode>
			</LookAt>
			<styleUrl>#__managed_style_1A50337434421B397F56</styleUrl>
			<Point>
				<coordinates>109.4034361633791,-0.1047605818155128,1.50697927653122</coordinates>
			</Point>
		</Placemark>
		<Placemark id="5170259B0500000A">
			<name>Jalur ODP 7.5 --&gt; ODP 7.6</name>
			<description><![CDATA[<div>1 core</div>]]></description>
			<LookAt>
				<longitude>109.4046629344758</longitude>
				<latitude>-0.1043615875723286</latitude>
				<altitude>1.907412995291369</altitude>
				<heading>359.8209506876861</heading>
				<tilt>0</tilt>
				<gx:fovy>35</gx:fovy>
				<range>668.7369700203999</range>
				<altitudeMode>absolute</altitudeMode>
			</LookAt>
			<styleUrl>#__managed_style_3B538BC0E0421B397F56</styleUrl>
			<LineString>
				<coordinates>
					109.4034165827144,-0.1047341264792749,0 109.4033918927492,-0.1049535002828107,0 109.4055498315709,-0.1051252701069313,0 
				</coordinates>
			</LineString>
		</Placemark>
		<Placemark id="5170259B0500000B">
			<name>ODP 7.6</name>
			<LookAt>
				<longitude>109.4046629344705</longitude>
				<latitude>-0.1043615875723286</latitude>
				<altitude>1.907412995291369</altitude>
				<heading>359.8209506876861</heading>
				<tilt>0</tilt>
				<gx:fovy>35</gx:fovy>
				<range>668.7369700204</range>
				<altitudeMode>absolute</altitudeMode>
			</LookAt>
			<styleUrl>#__managed_style_1A50337434421B397F56</styleUrl>
			<Point>
				<coordinates>109.405573750254,-0.1051570294287372,1.997139227300182</coordinates>
			</Point>
		</Placemark>
		<Placemark id="04CEE1005E34D51AFE1E">
			<name>Jalur ODP 7.5 --&gt; ODP 7.7</name>
			<description><![CDATA[<div>1 core</div>]]></description>
			<LookAt>
				<longitude>109.4036996740082</longitude>
				<latitude>-0.1041559214187151</latitude>
				<altitude>1.461763314260258</altitude>
				<heading>-177.3319100216543</heading>
				<tilt>18.83952385592018</tilt>
				<gx:fovy>55.70831763966276</gx:fovy>
				<range>272.8991969257549</range>
				<altitudeMode>absolute</altitudeMode>
			</LookAt>
			<styleUrl>#__managed_style_30D5CCEBC7421B397F57</styleUrl>
			<LineString>
				<coordinates>
					109.4058283153675,-0.1038525070224531,0 109.4037201856722,-0.103702758621746,0 109.4036985502435,-0.1039029082548754,0 109.4035946002374,-0.1038956977871247,0 109.4034322453347,-0.1047689986392369,0 
				</coordinates>
			</LineString>
		</Placemark>
		<Placemark id="00A7C3C8F234D0A2EA87">
			<name>ODP 7.7</name>
			<LookAt>
				<longitude>109.4042654892695</longitude>
				<latitude>-0.1040108150490541</latitude>
				<altitude>2.2648277525088</altitude>
				<heading>0</heading>
				<tilt>0</tilt>
				<gx:fovy>34.99999988745893</gx:fovy>
				<range>441.357859731652</range>
				<altitudeMode>absolute</altitudeMode>
			</LookAt>
			<styleUrl>#__managed_style_01E622A2A4421B397F54</styleUrl>
			<Point>
				<coordinates>109.405827952991,-0.1038499959348815,2.508752453719936</coordinates>
			</Point>
		</Placemark>
		<Placemark id="000DE48FD83E53F92446">
			<name>Jalur ODP 7.5 --&gt; ODP 7.8</name>
			<description><![CDATA[<div>1 core</div>]]></description>
			<LookAt>
				<longitude>109.4049090979766</longitude>
				<latitude>-0.1046208721610464</latitude>
				<altitude>1.825257320675193</altitude>
				<heading>0</heading>
				<tilt>0</tilt>
				<gx:fovy>34.99999999990788</gx:fovy>
				<range>496.612283146169</range>
				<altitudeMode>absolute</altitudeMode>
			</LookAt>
			<styleUrl>#__managed_style_1A96FCEA49421B397F58</styleUrl>
			<LineString>
				<coordinates>
					109.4034368924605,-0.1047604247930084,0 109.40340245624,-0.1049936962657332,0 109.4062661332076,-0.105201363640986,0 
				</coordinates>
			</LineString>
		</Placemark>
		<Placemark id="0DE316787A381956B808">
			<name>ODP 7.8</name>
			<LookAt>
				<longitude>109.406065214266</longitude>
				<latitude>-0.1053079616777918</latitude>
				<altitude>2.093691425005013</altitude>
				<heading>0</heading>
				<tilt>0</tilt>
				<gx:fovy>35</gx:fovy>
				<range>317.983405629202</range>
				<altitudeMode>absolute</altitudeMode>
			</LookAt>
			<styleUrl>#__managed_style_01E622A2A4421B397F54</styleUrl>
			<Point>
				<coordinates>109.4062636410039,-0.1052239341741812,1.961868159517632</coordinates>
			</Point>
		</Placemark>
	</Folder>
	<Folder id="5170259B0500000F">
		<name>ODC 8 - (Back Up Parit Bugis)</name>
		<styleUrl>#__managed_style_1D85365285421B397F54</styleUrl>
		<Placemark id="0EFB16C82434DE9D9F31">
			<name>Jalur ODC 7 -- ODC 8</name>
			<description><![CDATA[<div>2 core</div>]]></description>
			<LookAt>
				<longitude>109.3990360385719</longitude>
				<latitude>-0.1063092101193181</latitude>
				<altitude>2.331616364697504</altitude>
				<heading>0</heading>
				<tilt>0</tilt>
				<gx:fovy>35</gx:fovy>
				<range>1323.863126592769</range>
				<altitudeMode>absolute</altitudeMode>
			</LookAt>
			<styleUrl>#__managed_style_4683A5998E421B397F64</styleUrl>
			<LineString>
				<coordinates>
					109.4002562923125,-0.1058060544287368,0 109.3989330343562,-0.1056555267559094,0 109.3989726486548,-0.1090627083246339,0 109.3978237027081,-0.1090389427921541,0 
				</coordinates>
			</LineString>
		</Placemark>
		<Placemark id="0AB9B9266034DE9C2FD1">
			<name>ODC 8</name>
			<LookAt>
				<longitude>109.3983268160027</longitude>
				<latitude>-0.1091532629485284</latitude>
				<altitude>2.120743355885106</altitude>
				<heading>0</heading>
				<tilt>0</tilt>
				<gx:fovy>35</gx:fovy>
				<range>826.0662363433223</range>
				<altitudeMode>absolute</altitudeMode>
			</LookAt>
			<styleUrl>#__managed_style_079CFDFFE0421B397F63</styleUrl>
			<Point>
				<coordinates>109.3977979445863,-0.1091310207314515,1.944920711314675</coordinates>
			</Point>
		</Placemark>
		<Placemark id="0D5DA566793605C70B32">
			<name>Jalur ODP 8.1 - 1 Core</name>
			<LookAt>
				<longitude>109.4022005657799</longitude>
				<latitude>-0.1097956624021836</latitude>
				<altitude>1.725689958349743</altitude>
				<heading>0</heading>
				<tilt>0</tilt>
				<gx:fovy>35</gx:fovy>
				<range>1992.468447848805</range>
				<altitudeMode>absolute</altitudeMode>
			</LookAt>
			<styleUrl>#__managed_style_2E015AC77C421B397F58</styleUrl>
			<LineString>
				<coordinates>
					109.3977903843172,-0.1090030243132033,0 109.3997570958676,-0.1091579788274688,0 109.4014973215033,-0.1093486886283917,0 109.4042010717621,-0.1094952097751689,0 109.4043286209351,-0.107829677349829,0 
				</coordinates>
			</LineString>
		</Placemark>
		<Placemark id="011DE4FFAB3D2D54B196">
			<name>ODP 8.1</name>
			<LookAt>
				<longitude>109.4040960813945</longitude>
				<latitude>-0.1069817282207831</latitude>
				<altitude>1.503972055449607</altitude>
				<heading>359.9999991404968</heading>
				<tilt>0</tilt>
				<gx:fovy>30.00026107283444</gx:fovy>
				<range>1215.629114785697</range>
				<altitudeMode>absolute</altitudeMode>
			</LookAt>
			<styleUrl>#__managed_style_025DA63976421B397F56</styleUrl>
			<Point>
				<coordinates>109.4043426991816,-0.1077889737276921,1.633631777481517</coordinates>
			</Point>
		</Placemark>
		<Placemark id="05024B4AF939E6D541C3">
			<name>Jalur ODP 8.2 - 1 Core</name>
			<LookAt>
				<longitude>109.3992766181204</longitude>
				<latitude>-0.1099254523514488</latitude>
				<altitude>1.89107896268299</altitude>
				<heading>0</heading>
				<tilt>0</tilt>
				<gx:fovy>35</gx:fovy>
				<range>862.0470488790306</range>
				<altitudeMode>absolute</altitudeMode>
			</LookAt>
			<styleUrl>#__managed_style_2E015AC77C421B397F58</styleUrl>
			<LineString>
				<coordinates>
					109.3978225845336,-0.1090102375425477,0 109.3995344575552,-0.1091235743479025,0 109.3995085735653,-0.1094074193366895,0 
				</coordinates>
			</LineString>
		</Placemark>
		<Placemark id="0B473D609239E6D08748">
			<name>ODP 8.2</name>
			<LookAt>
				<longitude>109.3992766181927</longitude>
				<latitude>-0.1100480695364505</latitude>
				<altitude>2.284306100063331</altitude>
				<heading>0</heading>
				<tilt>0</tilt>
				<gx:fovy>35</gx:fovy>
				<range>861.6538640834915</range>
				<altitudeMode>absolute</altitudeMode>
			</LookAt>
			<styleUrl>#__managed_style_01E622A2A4421B397F54</styleUrl>
			<Point>
				<coordinates>109.399472875793,-0.109465360413535,2.283910073488138</coordinates>
			</Point>
		</Placemark>
		<Placemark id="07BB39DB2A39E6D70298">
			<name>Jalur ODP 8.3 - 1 Core</name>
			<LookAt>
				<longitude>109.3980531017494</longitude>
				<latitude>-0.1109894858408654</latitude>
				<altitude>2.876282703822988</altitude>
				<heading>0</heading>
				<tilt>0</tilt>
				<gx:fovy>35</gx:fovy>
				<range>1928.610824038333</range>
				<altitudeMode>absolute</altitudeMode>
			</LookAt>
			<styleUrl>#__managed_style_2E015AC77C421B397F58</styleUrl>
			<LineString>
				<coordinates>
					109.3977414014468,-0.1089288029914692,0 109.3976377593429,-0.1115259687176818,0 109.3974070134091,-0.1122758911046042,0 109.3974185492224,-0.1136257611922551,0 
				</coordinates>
			</LineString>
		</Placemark>
		<Placemark id="0AB612062039E6CF2A23">
			<name>ODP 8.3</name>
			<LookAt>
				<longitude>109.3963615249113</longitude>
				<latitude>-0.1130367391763125</latitude>
				<altitude>2.878527327851415</altitude>
				<heading>0</heading>
				<tilt>0</tilt>
				<gx:fovy>35</gx:fovy>
				<range>1808.464638685109</range>
				<altitudeMode>absolute</altitudeMode>
			</LookAt>
			<styleUrl>#__managed_style_01E622A2A4421B397F54</styleUrl>
			<Point>
				<coordinates>109.3974217458689,-0.1136804435053631,2.876457427046677</coordinates>
			</Point>
		</Placemark>
		<Placemark id="0296C5E9773E5E29F70C">
			<name>Jalur ODP 8.4 - 1 core</name>
			<LookAt>
				<longitude>109.4062457002507</longitude>
				<latitude>-0.1105808376150179</latitude>
				<altitude>3.445336811768562</altitude>
				<heading>0</heading>
				<tilt>0</tilt>
				<gx:fovy>30.00035965985464</gx:fovy>
				<range>1290.065273075161</range>
				<altitudeMode>absolute</altitudeMode>
			</LookAt>
			<styleUrl>#__managed_style_6663787490421B397F54</styleUrl>
			<LineString>
				<coordinates>
					109.3977832367414,-0.1090537474065633,0 109.4058814522112,-0.109570859447838,0 109.405776660831,-0.111095042614809,0 109.4066660656008,-0.1111366916967559,0 
				</coordinates>
			</LineString>
		</Placemark>
		<Placemark id="08AFB8C9123D3D011DB0">
			<name>ODP 8.4</name>
			<LookAt>
				<longitude>109.4052730701729</longitude>
				<latitude>-0.1109877205540854</latitude>
				<altitude>1.721900600514767</altitude>
				<heading>0</heading>
				<tilt>0</tilt>
				<gx:fovy>30.00034125697861</gx:fovy>
				<range>1689.667760456214</range>
				<altitudeMode>absolute</altitudeMode>
			</LookAt>
			<styleUrl>#__managed_style_532102DD13421B397F58</styleUrl>
			<Point>
				<coordinates>109.4066821088277,-0.1111218186535546,2.126449686789005</coordinates>
			</Point>
		</Placemark>
		<Placemark id="08E6878F5239E6D4A629">
			<name>Jalur ODP 8.5 - 1 Core</name>
			<LookAt>
				<longitude>109.3999814465116</longitude>
				<latitude>-0.1101034680172331</latitude>
				<altitude>2.090964138504177</altitude>
				<heading>358.7039024353327</heading>
				<tilt>0</tilt>
				<gx:fovy>35</gx:fovy>
				<range>1104.501055212168</range>
				<altitudeMode>absolute</altitudeMode>
			</LookAt>
			<styleUrl>#__managed_style_2E015AC77C421B397F58</styleUrl>
			<LineString>
				<coordinates>
					109.3977625773805,-0.109052816967054,0 109.4010928568613,-0.1092551655406458,0 109.4006726929064,-0.1117367758935113,0 
				</coordinates>
			</LineString>
		</Placemark>
		<Placemark id="08A54E517E3651B83FD3">
			<name>ODP 8.5</name>
			<LookAt>
				<longitude>109.4003138263892</longitude>
				<latitude>-0.1115916490343846</latitude>
				<altitude>2.709263110671891</altitude>
				<heading>357.8513793125433</heading>
				<tilt>0</tilt>
				<gx:fovy>35</gx:fovy>
				<range>366.0082954290192</range>
				<altitudeMode>absolute</altitudeMode>
			</LookAt>
			<styleUrl>#__managed_style_01E622A2A4421B397F54</styleUrl>
			<Point>
				<coordinates>109.400701831289,-0.1118211404002956,1.355498740462773</coordinates>
			</Point>
		</Placemark>
		<Placemark id="0A088F5AA139E6D3EAA9">
			<name>Jalur ODP 8.6 - 1 core</name>
			<LookAt>
				<longitude>109.3975541117362</longitude>
				<latitude>-0.1098700174912709</latitude>
				<altitude>2.309622766631982</altitude>
				<heading>0</heading>
				<tilt>0</tilt>
				<gx:fovy>35</gx:fovy>
				<range>801.3119112543066</range>
				<altitudeMode>absolute</altitudeMode>
			</LookAt>
			<styleUrl>#__managed_style_2E015AC77C421B397F58</styleUrl>
			<LineString>
				<coordinates>
					109.3977794566048,-0.1089998058220089,0 109.397731480068,-0.1097909209784433,0 
				</coordinates>
			</LineString>
		</Placemark>
		<Placemark id="06FE9D6573376CABEBD0">
			<name>ODP 8.6</name>
			<LookAt>
				<longitude>109.3970984445719</longitude>
				<latitude>-0.109772599476021</latitude>
				<altitude>2.724063648855246</altitude>
				<heading>0</heading>
				<tilt>0</tilt>
				<gx:fovy>35</gx:fovy>
				<range>628.5780243585033</range>
				<altitudeMode>absolute</altitudeMode>
			</LookAt>
			<styleUrl>#__managed_style_01E622A2A4421B397F54</styleUrl>
			<Point>
				<coordinates>109.3977698022193,-0.1098944021565628,2.397611333671021</coordinates>
			</Point>
		</Placemark>
		<Placemark id="09E2799BEA3E54350F63">
			<name>Jalur SUB ODP 8.6</name>
			<description><![CDATA[<div>4 core</div>]]></description>
			<LookAt>
				<longitude>109.3983630715843</longitude>
				<latitude>-0.1104027053783596</latitude>
				<altitude>3.225842908737853</altitude>
				<heading>350.7560713654289</heading>
				<tilt>0</tilt>
				<gx:fovy>35</gx:fovy>
				<range>860.9377689736721</range>
				<altitudeMode>absolute</altitudeMode>
			</LookAt>
			<styleUrl>#__managed_style_02B20B96B7421B397F5C</styleUrl>
			<LineString>
				<coordinates>
					109.3964770104374,-0.1124199033140021,0 109.3964114756682,-0.1120745305918132,0 109.3975234453941,-0.1118291422329863,0 109.3977727033297,-0.109887246249476,0 
				</coordinates>
			</LineString>
		</Placemark>
		<Placemark id="00694FA31F3E5433BC56">
			<name>SUB ODP 8.6</name>
			<LookAt>
				<longitude>109.3980992863049</longitude>
				<latitude>-0.1112964228877278</latitude>
				<altitude>2.657118965581986</altitude>
				<heading>350.756073117061</heading>
				<tilt>0</tilt>
				<gx:fovy>35</gx:fovy>
				<range>861.5064545515636</range>
				<altitudeMode>absolute</altitudeMode>
			</LookAt>
			<styleUrl>#__managed_style_15621C3E48421B397F5F</styleUrl>
			<Point>
				<coordinates>109.3964960970709,-0.1124706557753444,2.337661461453373</coordinates>
			</Point>
		</Placemark>
		<Placemark id="03ECA527D439E6D36D24">
			<name>Jalur ODP 8.7 - 2 Core</name>
			<LookAt>
				<longitude>109.3992574217149</longitude>
				<latitude>-0.111629028123604</latitude>
				<altitude>2.641756571494229</altitude>
				<heading>0</heading>
				<tilt>0</tilt>
				<gx:fovy>35</gx:fovy>
				<range>913.8159785466269</range>
				<altitudeMode>absolute</altitudeMode>
			</LookAt>
			<styleUrl>#__managed_style_5CC3F700FB421B397F54</styleUrl>
			<LineString>
				<coordinates>
					109.3977965476795,-0.1090544151994293,0 109.4011722753866,-0.1092569645506612,0 109.4015655338159,-0.1093392044801176,0 109.4013697828632,-0.1108984999372253,0 109.4012548603556,-0.1109149169555394,0 109.4010742821012,-0.1125183026856756,0 
				</coordinates>
			</LineString>
		</Placemark>
		<Placemark id="0ACD40B1FB39E6D290F7">
			<name>ODP 8.7</name>
			<LookAt>
				<longitude>109.4007226244883</longitude>
				<latitude>-0.1122191557618506</latitude>
				<altitude>1.665855388464457</altitude>
				<heading>0</heading>
				<tilt>0</tilt>
				<gx:fovy>35</gx:fovy>
				<range>681.1026364756253</range>
				<altitudeMode>absolute</altitudeMode>
			</LookAt>
			<styleUrl>#__managed_style_01E622A2A4421B397F54</styleUrl>
			<Point>
				<coordinates>109.4010974767939,-0.1125471506385309,1.665959089265303</coordinates>
			</Point>
		</Placemark>
		<Placemark id="0BED4EA33B3E543EA867">
			<name>Jalur ODP 8.7 --&gt; ODP 8.8</name>
			<description><![CDATA[<div>1 core<br></div>]]></description>
			<LookAt>
				<longitude>109.400724863611</longitude>
				<latitude>-0.1125910984779959</latitude>
				<altitude>1.928887906863015</altitude>
				<heading>357.4379540143348</heading>
				<tilt>0</tilt>
				<gx:fovy>35</gx:fovy>
				<range>376.2689723103904</range>
				<altitudeMode>absolute</altitudeMode>
			</LookAt>
			<styleUrl>#__managed_style_1A96FCEA49421B397F58</styleUrl>
			<LineString>
				<coordinates>
					109.4003489079513,-0.1126579043795508,0 109.4003845128075,-0.1125168411775319,0 109.40108078745,-0.1126659850280583,0 109.4010905861024,-0.1125479744712034,0 
				</coordinates>
			</LineString>
		</Placemark>
		<Placemark id="09177F72413D196809A4">
			<name>ODP 8.8</name>
			<LookAt>
				<longitude>109.4001564801686</longitude>
				<latitude>-0.112273515988667</latitude>
				<altitude>1.955829069358863</altitude>
				<heading>357.8263702881518</heading>
				<tilt>0</tilt>
				<gx:fovy>34.99971954366148</gx:fovy>
				<range>516.0439652526111</range>
				<altitudeMode>absolute</altitudeMode>
			</LookAt>
			<styleUrl>#__managed_style_025DA63976421B397F56</styleUrl>
			<Point>
				<coordinates>109.4003497369766,-0.1126632994016105,1.825938688905591</coordinates>
			</Point>
		</Placemark>
	</Folder>
	<Folder id="0A60EF00BD37D930A2D0">
		<name>ODC 9 (Adis Dekat Makam Pahalwan)</name>
		<styleUrl>#__managed_style_1D85365285421B397F54</styleUrl>
		<Placemark id="07BF34160C37D92F42CB">
			<name>Jalur ODC 9 - 2 Core</name>
			<LookAt>
				<longitude>109.4057213626927</longitude>
				<latitude>-0.1052326395305717</latitude>
				<altitude>2.839169633678038</altitude>
				<heading>3.256211051420553</heading>
				<tilt>1.449762392711883</tilt>
				<gx:fovy>35</gx:fovy>
				<range>1504.402904466551</range>
				<altitudeMode>absolute</altitudeMode>
			</LookAt>
			<styleUrl>#__managed_style_5CC3F700FB421B397F54</styleUrl>
			<LineString>
				<coordinates>
					109.4002101722142,-0.1057589087237458,0 109.3995419305667,-0.1056947542435427,0 109.3989480673843,-0.1056761563777529,0 109.3989696894139,-0.1076865209696773,0 109.3989543242887,-0.1090498761303665,0 109.4045972192374,-0.1094831273452967,0 109.4092022803925,-0.1097246725882276,0 109.4093157910041,-0.1097420033029074,0 109.4094659138201,-0.1093259991629042,0 109.4096009639929,-0.1090670684573454,0 109.4098211309826,-0.1085292710979056,0 
				</coordinates>
			</LineString>
		</Placemark>
		<Placemark id="05AF9DA86837D92FB774">
			<name>ODC 9</name>
			<LookAt>
				<longitude>109.4057213626927</longitude>
				<latitude>-0.1052326395305717</latitude>
				<altitude>2.839169633678038</altitude>
				<heading>3.256211051420553</heading>
				<tilt>1.449762392711883</tilt>
				<gx:fovy>35</gx:fovy>
				<range>1504.402904466551</range>
				<altitudeMode>absolute</altitudeMode>
			</LookAt>
			<styleUrl>#__managed_style_079CFDFFE0421B397F63</styleUrl>
			<Point>
				<coordinates>109.4098270246459,-0.1085322068550551,1.642209454191257</coordinates>
			</Point>
		</Placemark>
		<Placemark id="02A114F3D03948F17D4E">
			<name>Jalur ODP 9.1 - 1 Core</name>
			<LookAt>
				<longitude>109.4071837700947</longitude>
				<latitude>-0.1079467972544789</latitude>
				<altitude>1.149505347688828</altitude>
				<heading>0</heading>
				<tilt>0</tilt>
				<gx:fovy>35</gx:fovy>
				<range>746.49767680683</range>
				<altitudeMode>absolute</altitudeMode>
			</LookAt>
			<styleUrl>#__managed_style_2E015AC77C421B397F58</styleUrl>
			<LineString>
				<coordinates>
					109.4080183432033,-0.1083373054239686,0 109.4098083257083,-0.1084087715605647,0 
				</coordinates>
			</LineString>
		</Placemark>
		<Placemark id="0DE15B68803948F24D06">
			<name>ODP 9.1</name>
			<LookAt>
				<longitude>109.4071837700947</longitude>
				<latitude>-0.1079467972544789</latitude>
				<altitude>1.149505347688828</altitude>
				<heading>0</heading>
				<tilt>0</tilt>
				<gx:fovy>35</gx:fovy>
				<range>746.49767680683</range>
				<altitudeMode>absolute</altitudeMode>
			</LookAt>
			<styleUrl>#__managed_style_01E622A2A4421B397F54</styleUrl>
			<Point>
				<coordinates>109.408009453385,-0.1083373222057993,1.572814577257553</coordinates>
			</Point>
		</Placemark>
		<Placemark id="04F4F33C3B39D80439FC">
			<name>Jalur ODP 9.2 - 4 Core</name>
			<LookAt>
				<longitude>109.4089115363726</longitude>
				<latitude>-0.1071554441460622</latitude>
				<altitude>2.087955269068931</altitude>
				<heading>0</heading>
				<tilt>0</tilt>
				<gx:fovy>35</gx:fovy>
				<range>655.9678279155196</range>
				<altitudeMode>absolute</altitudeMode>
			</LookAt>
			<styleUrl>#__managed_style_02C455678E421B397F60</styleUrl>
			<LineString>
				<coordinates>
					109.4098307208428,-0.1084536918720624,0 109.4100065362766,-0.1075067069719995,0 109.4100580513849,-0.1070513940843474,0 109.4085621880352,-0.1070043218160272,0 
				</coordinates>
			</LineString>
		</Placemark>
		<Placemark id="0F30551EC139D803B5CC">
			<name>ODP 9.2</name>
			<LookAt>
				<longitude>109.4089115363304</longitude>
				<latitude>-0.1071554441460622</latitude>
				<altitude>2.087955269068931</altitude>
				<heading>0</heading>
				<tilt>0</tilt>
				<gx:fovy>35</gx:fovy>
				<range>655.9678279155196</range>
				<altitudeMode>absolute</altitudeMode>
			</LookAt>
			<styleUrl>#__managed_style_01E622A2A4421B397F54</styleUrl>
			<Point>
				<coordinates>109.4085190761123,-0.1070396685174801,2.006024365107484</coordinates>
			</Point>
		</Placemark>
		<Placemark id="0E7BDA979039D8062F27">
			<name>Jalur ODP 9.4 --&gt; ODP 9.3</name>
			<description><![CDATA[<div>1 core</div>]]></description>
			<LookAt>
				<longitude>109.4089115364572</longitude>
				<latitude>-0.1071554441460622</latitude>
				<altitude>2.087955269068931</altitude>
				<heading>0</heading>
				<tilt>0</tilt>
				<gx:fovy>35</gx:fovy>
				<range>655.9678279155196</range>
				<altitudeMode>absolute</altitudeMode>
			</LookAt>
			<styleUrl>#__managed_style_30D5CCEBC7421B397F57</styleUrl>
			<LineString>
				<coordinates>
					109.4080913264751,-0.1074126690600424,0 109.4086879288931,-0.1074594716318533,0 
				</coordinates>
			</LineString>
		</Placemark>
		<Placemark id="04B98163C439D802FDF8">
			<name>ODP 9.3</name>
			<LookAt>
				<longitude>109.4089115363304</longitude>
				<latitude>-0.1071554441460622</latitude>
				<altitude>2.087955269068931</altitude>
				<heading>0</heading>
				<tilt>0</tilt>
				<gx:fovy>35</gx:fovy>
				<range>655.9678279155196</range>
				<altitudeMode>absolute</altitudeMode>
			</LookAt>
			<styleUrl>#__managed_style_01E622A2A4421B397F54</styleUrl>
			<Point>
				<coordinates>109.4080793528405,-0.107400781051704,1.874602746593383</coordinates>
			</Point>
		</Placemark>
		<Placemark id="0BF61E58103E546CCF59">
			<name>Jalurd ODP 9.4 - 2 core</name>
			<LookAt>
				<longitude>109.4103082409684</longitude>
				<latitude>-0.1072635508431963</latitude>
				<altitude>1.646808061642551</altitude>
				<heading>0</heading>
				<tilt>0</tilt>
				<gx:fovy>35</gx:fovy>
				<range>587.6384107949707</range>
				<altitudeMode>absolute</altitudeMode>
			</LookAt>
			<styleUrl>#__managed_style_020CFD217C421B397F58</styleUrl>
			<LineString>
				<coordinates>
					109.4086772641752,-0.1074647043160622,0 109.4099747449242,-0.1075553593578787,0 109.4098188493991,-0.1085160286802907,0 
				</coordinates>
			</LineString>
		</Placemark>
		<Placemark id="023366F33339D802A3A3">
			<name>ODP 9.4</name>
			<LookAt>
				<longitude>109.4089115363304</longitude>
				<latitude>-0.1071554441460622</latitude>
				<altitude>2.087955269068931</altitude>
				<heading>0</heading>
				<tilt>0</tilt>
				<gx:fovy>35</gx:fovy>
				<range>655.9678279155196</range>
				<altitudeMode>absolute</altitudeMode>
			</LookAt>
			<styleUrl>#__managed_style_01E622A2A4421B397F54</styleUrl>
			<Point>
				<coordinates>109.4086761598267,-0.107479086067552,2.284226741117477</coordinates>
			</Point>
		</Placemark>
		<Placemark id="0F08E1B4F93A8082F8AF">
			<name>Jalur ODP 9.5 - 4 core</name>
			<LookAt>
				<longitude>109.4112622593114</longitude>
				<latitude>-0.1076920979663703</latitude>
				<altitude>1.26538964801141</altitude>
				<heading>0</heading>
				<tilt>0</tilt>
				<gx:fovy>35</gx:fovy>
				<range>557.0775871591469</range>
				<altitudeMode>absolute</altitudeMode>
			</LookAt>
			<styleUrl>#__managed_style_0255245676421B397F61</styleUrl>
			<LineString>
				<coordinates>
					109.4098336276096,-0.1085063176323487,0 109.4100500874248,-0.1070776890076363,0 109.4106894744327,-0.1071542815703493,0 109.4113755228998,-0.1073939492469228,0 109.4113555492208,-0.1075005208931484,0 109.411693737118,-0.107578753808408,0 
				</coordinates>
			</LineString>
		</Placemark>
		<Placemark id="0CCCBC3B5A3A80823D98">
			<name>ODP 9.5</name>
			<LookAt>
				<longitude>109.4106810589848</longitude>
				<latitude>-0.1068828608045263</latitude>
				<altitude>1.665822620963604</altitude>
				<heading>0</heading>
				<tilt>0</tilt>
				<gx:fovy>35</gx:fovy>
				<range>556.6772173078062</range>
				<altitudeMode>absolute</altitudeMode>
			</LookAt>
			<styleUrl>#__managed_style_025DA63976421B397F56</styleUrl>
			<Point>
				<coordinates>109.411686764074,-0.1075805255505161,1.665801927486832</coordinates>
			</Point>
		</Placemark>
		<Placemark id="07C1FDE6C63A9BA82CAF">
			<name>Jalur ODP 9.5 --&gt; ODP 9.6</name>
			<LookAt>
				<longitude>109.4112919826461</longitude>
				<latitude>-0.1056748880123624</latitude>
				<altitude>1.777207714104607</altitude>
				<heading>0</heading>
				<tilt>0</tilt>
				<gx:fovy>35</gx:fovy>
				<range>387.0558502300264</range>
				<altitudeMode>absolute</altitudeMode>
			</LookAt>
			<styleUrl>#__managed_style_3FB4A8879D421B397F5F</styleUrl>
			<LineString>
				<coordinates>
					109.4116664661722,-0.1075525470694971,0 109.4113267716018,-0.1075076332185009,0 109.4113419889515,-0.1073753109637996,0 109.4106068466252,-0.1071520198937036,0 109.4110074469072,-0.1061784961148799,0 109.4112507568345,-0.1056549994920991,0 
				</coordinates>
			</LineString>
		</Placemark>
		<Placemark id="08D302377F3A9BA758B8">
			<name>ODP 9.6</name>
			<LookAt>
				<longitude>109.4113470594518</longitude>
				<latitude>-0.105745110710548</latitude>
				<altitude>1.753343832025904</altitude>
				<heading>0</heading>
				<tilt>0</tilt>
				<gx:fovy>35</gx:fovy>
				<range>847.4200367646702</range>
				<altitudeMode>absolute</altitudeMode>
			</LookAt>
			<styleUrl>#__managed_style_025DA63976421B397F56</styleUrl>
			<Point>
				<coordinates>109.4112605698712,-0.1056609230826488,1.682260689644499</coordinates>
			</Point>
		</Placemark>
		<Placemark id="0A26D499513A9BA647E3">
			<name>Jalur ODP 9.5 --&gt; ODP 9.7</name>
			<LookAt>
				<longitude>109.4121491981981</longitude>
				<latitude>-0.1073886660983398</latitude>
				<altitude>3.482707417239796</altitude>
				<heading>0</heading>
				<tilt>0</tilt>
				<gx:fovy>35</gx:fovy>
				<range>1177.023578188091</range>
				<altitudeMode>absolute</altitudeMode>
			</LookAt>
			<styleUrl>#__managed_style_3FB4A8879D421B397F5F</styleUrl>
			<LineString>
				<coordinates>
					109.4116768529313,-0.1075543398711642,0 109.4113240930207,-0.1075050271125247,0 109.4107879711265,-0.1085065634874315,0 109.410477826137,-0.1084147596032625,0 
				</coordinates>
			</LineString>
		</Placemark>
		<Placemark id="04CC1349E33A9BA69EFC">
			<name>ODP 9.7</name>
			<LookAt>
				<longitude>109.4121491981981</longitude>
				<latitude>-0.1073886660983398</latitude>
				<altitude>3.482707417239796</altitude>
				<heading>0</heading>
				<tilt>0</tilt>
				<gx:fovy>35</gx:fovy>
				<range>1177.023578188091</range>
				<altitudeMode>absolute</altitudeMode>
			</LookAt>
			<styleUrl>#__managed_style_025DA63976421B397F56</styleUrl>
			<Point>
				<coordinates>109.4105201399622,-0.108435915840344,1.640699721615382</coordinates>
			</Point>
		</Placemark>
		<Placemark id="030672C11F3E5894110C">
			<name>Jalur ODP 9.5 --&gt; ODP 9.8</name>
			<LookAt>
				<longitude>109.4108215361294</longitude>
				<latitude>-0.1076953941276677</latitude>
				<altitude>1.665584317782296</altitude>
				<heading>0</heading>
				<tilt>0</tilt>
				<gx:fovy>30.00041306026721</gx:fovy>
				<range>925.5150108890666</range>
				<altitudeMode>absolute</altitudeMode>
			</LookAt>
			<styleUrl>#__managed_style_32286BCFF6421B397F5E</styleUrl>
			<LineString>
				<coordinates>
					109.4116952000521,-0.107581332640086,0 109.4113362056204,-0.1075133179255763,0 109.4107487307013,-0.1087316553437364,0 
				</coordinates>
			</LineString>
		</Placemark>
		<Placemark id="0DF53968D03C9E488D61">
			<name>ODP 9.8</name>
			<LookAt>
				<longitude>109.4104827928528</longitude>
				<latitude>-0.1085813072094776</latitude>
				<altitude>1.241800980120027</altitude>
				<heading>0</heading>
				<tilt>0</tilt>
				<gx:fovy>30.00010542014634</gx:fovy>
				<range>753.0769628714917</range>
				<altitudeMode>absolute</altitudeMode>
			</LookAt>
			<styleUrl>#__managed_style_025DA63976421B397F56</styleUrl>
			<Point>
				<coordinates>109.4107525674564,-0.1087491666864005,1.337746841130865</coordinates>
			</Point>
		</Placemark>
	</Folder>
	<Folder id="51702637AF000009">
		<name>ODC 11 - Wonodadi 2 dst</name>
		<styleUrl>#__managed_style_1D85365285421B397F54</styleUrl>
		<Placemark id="51702637AF00000A">
			<name>Jalur ODC 11 - 2 Core</name>
			<LookAt>
				<longitude>109.3914905621992</longitude>
				<latitude>-0.119611587084554</latitude>
				<altitude>4.192823706580828</altitude>
				<heading>2.864767091598626</heading>
				<tilt>0</tilt>
				<gx:fovy>35</gx:fovy>
				<range>2036.267435490154</range>
				<altitudeMode>absolute</altitudeMode>
			</LookAt>
			<styleUrl>#__managed_style_0009CD8DFB421B397F3F</styleUrl>
			<LineString>
				<coordinates>
					109.3988305956504,-0.1185810562847556,0 109.3962472676888,-0.1191903539115745,0 109.3925823174411,-0.1202309549029516,0 109.3888594201718,-0.1212604678371364,0 
				</coordinates>
			</LineString>
		</Placemark>
		<Placemark id="51702637AF00000B">
			<name>ODC 11</name>
			<LookAt>
				<longitude>109.3914905621992</longitude>
				<latitude>-0.119611587084554</latitude>
				<altitude>4.192823706580828</altitude>
				<heading>2.864767091598626</heading>
				<tilt>0</tilt>
				<gx:fovy>35</gx:fovy>
				<range>2036.267620910949</range>
				<altitudeMode>absolute</altitudeMode>
			</LookAt>
			<styleUrl>#__managed_style_4C3CF6526C421B397F54</styleUrl>
			<Point>
				<coordinates>109.3888634540118,-0.1212408563473289,4.195129682640879</coordinates>
			</Point>
		</Placemark>
		<Placemark id="51702637AF000019">
			<name>Jalur ODP 11.1 - 2 Core</name>
			<LookAt>
				<longitude>109.3836243896371</longitude>
				<latitude>-0.1212768176804353</latitude>
				<altitude>3.775564218058665</altitude>
				<heading>228.4911787447809</heading>
				<tilt>0</tilt>
				<gx:fovy>35</gx:fovy>
				<range>99.87468611157968</range>
				<altitudeMode>absolute</altitudeMode>
			</LookAt>
			<styleUrl>#__managed_style_0009CD8DFB421B397F3F</styleUrl>
			<LineString>
				<coordinates>
					109.3847253697086,-0.1226756450009677,0 109.3843333020004,-0.1228479338874969,0 109.3841277110745,-0.1227492044102939,0 109.3833574199345,-0.1207313675253101,0 109.3835006027158,-0.1205839240759595,0 
				</coordinates>
			</LineString>
		</Placemark>
		<Placemark id="51702637AF000016">
			<name>ODP 11.1</name>
			<LookAt>
				<longitude>109.3836716228547</longitude>
				<latitude>-0.1202577132681807</latitude>
				<altitude>4.13830749320293</altitude>
				<heading>0</heading>
				<tilt>0</tilt>
				<gx:fovy>35</gx:fovy>
				<range>546.7524301963567</range>
				<altitudeMode>absolute</altitudeMode>
			</LookAt>
			<styleUrl>#__managed_style_1A50337434421B397F56</styleUrl>
			<Point>
				<coordinates>109.3835021555292,-0.1205784232758356,5.531486318184671</coordinates>
			</Point>
		</Placemark>
		<Placemark id="077DCDA23B36A009F1C7">
			<name>Jalur ODP 11.2 - 1 Core</name>
			<LookAt>
				<longitude>109.3926893122323</longitude>
				<latitude>-0.1209979824969742</latitude>
				<altitude>2.549910068709804</altitude>
				<heading>0</heading>
				<tilt>0</tilt>
				<gx:fovy>35</gx:fovy>
				<range>1265.029664640315</range>
				<altitudeMode>absolute</altitudeMode>
			</LookAt>
			<styleUrl>#__managed_style_2E015AC77C421B397F58</styleUrl>
			<LineString>
				<coordinates>
					109.3888661511532,-0.1212438787649529,0 109.3943401775895,-0.1196914066277571,0 109.3945027025299,-0.1229631963540005,0 109.3943193159859,-0.1230403144145202,0 
				</coordinates>
			</LineString>
		</Placemark>
		<Placemark id="0B42749BE636A008240B">
			<name>ODP 11.2</name>
			<LookAt>
				<longitude>109.3929532743528</longitude>
				<latitude>-0.1220243377691335</latitude>
				<altitude>2.83364391659376</altitude>
				<heading>0</heading>
				<tilt>0</tilt>
				<gx:fovy>35</gx:fovy>
				<range>1131.576848653058</range>
				<altitudeMode>absolute</altitudeMode>
			</LookAt>
			<styleUrl>#__managed_style_01E622A2A4421B397F54</styleUrl>
			<Point>
				<coordinates>109.3943292317439,-0.1230954409776819,3.74924298561327</coordinates>
			</Point>
		</Placemark>
		<Placemark id="09B19E9E6D3A9BAAA7B0">
			<name>Jalur SUB ODP 11.2 - 4 core</name>
			<description><![CDATA[<div>4 core</div>]]></description>
			<LookAt>
				<longitude>109.3967637885065</longitude>
				<latitude>-0.122176189457273</latitude>
				<altitude>2.284159736296085</altitude>
				<heading>0</heading>
				<tilt>0</tilt>
				<gx:fovy>35</gx:fovy>
				<range>632.5043560452469</range>
				<altitudeMode>absolute</altitudeMode>
			</LookAt>
			<styleUrl>#__managed_style_269BC00EF3421B397F5B</styleUrl>
			<LineString>
				<coordinates>
					109.3943244031917,-0.1230477769847599,0 109.394679052778,-0.122919571212112,0 109.39592324507,-0.122597935612598,0 109.3970437866743,-0.1223899712634027,0 109.3976940218664,-0.1223179928329709,0 
				</coordinates>
			</LineString>
		</Placemark>
		<Placemark id="0DC3D7E7803A9BAA2430">
			<name>SUB ODP 11.2</name>
			<LookAt>
				<longitude>109.3972411523906</longitude>
				<latitude>-0.1220236918616499</latitude>
				<altitude>3.574465336156161</altitude>
				<heading>0</heading>
				<tilt>0</tilt>
				<gx:fovy>35</gx:fovy>
				<range>720.8976938275737</range>
				<altitudeMode>absolute</altitudeMode>
			</LookAt>
			<styleUrl>#__managed_style_15621C3E48421B397F5F</styleUrl>
			<Point>
				<coordinates>109.3977118268619,-0.1223453908413742,2.642283269141985</coordinates>
			</Point>
		</Placemark>
		<Placemark id="51702637AF00000E">
			<name>Jalur ODP 11.3 - 1 Core</name>
			<LookAt>
				<longitude>109.3838700429853</longitude>
				<latitude>-0.1229694219460153</latitude>
				<altitude>3.094742306482268</altitude>
				<heading>334.9079384747865</heading>
				<tilt>0</tilt>
				<gx:fovy>35</gx:fovy>
				<range>702.6938218696159</range>
				<altitudeMode>absolute</altitudeMode>
			</LookAt>
			<styleUrl>#__managed_style_69300407B2421B397F58</styleUrl>
			<LineString>
				<coordinates>
					109.3888410502829,-0.121261422658074,0 109.3858381407564,-0.1221945448608141,0 109.3833559871026,-0.1232091700480594,0 109.3830686547461,-0.1242268426016986,0 109.3827782098922,-0.1248511024670342,0 
				</coordinates>
			</LineString>
		</Placemark>
		<Placemark id="51702637AF00000F">
			<name>ODP 11.3</name>
			<LookAt>
				<longitude>109.3828967</longitude>
				<latitude>-0.1246452</latitude>
				<altitude>0</altitude>
				<heading>0</heading>
				<tilt>0</tilt>
				<gx:fovy>35</gx:fovy>
				<range>1056.539530470181</range>
				<altitudeMode>relativeToGround</altitudeMode>
			</LookAt>
			<styleUrl>#__managed_style_54BADF5B8E421B397F60</styleUrl>
			<Point>
				<altitudeMode>relativeToGround</altitudeMode>
				<coordinates>109.3827852014637,-0.1248546099847136,0</coordinates>
			</Point>
		</Placemark>
		<Placemark id="51702637AF000010">
			<name>Jalur ODP 11.4 - 1 Core</name>
			<LookAt>
				<longitude>109.3914394858038</longitude>
				<latitude>-0.1200754996547447</latitude>
				<altitude>4.19445296845848</altitude>
				<heading>12.36909195324134</heading>
				<tilt>0</tilt>
				<gx:fovy>35</gx:fovy>
				<range>2135.799278552004</range>
				<altitudeMode>absolute</altitudeMode>
			</LookAt>
			<styleUrl>#__managed_style_0009CD8DFB421B397F3F</styleUrl>
			<LineString>
				<coordinates>
					109.388887582426,-0.1212461458040646,0 109.3907820707859,-0.1207625871779422,0 
				</coordinates>
			</LineString>
		</Placemark>
		<Placemark id="51702637AF000011">
			<name>ODP 11.4</name>
			<LookAt>
				<longitude>109.3902173365528</longitude>
				<latitude>-0.1196130060982797</latitude>
				<altitude>2.876580282186838</altitude>
				<heading>12.36909238281916</heading>
				<tilt>1.834294061665458</tilt>
				<gx:fovy>35</gx:fovy>
				<range>1161.95201971801</range>
				<altitudeMode>absolute</altitudeMode>
			</LookAt>
			<styleUrl>#__managed_style_1A50337434421B397F56</styleUrl>
			<Point>
				<coordinates>109.3907826141609,-0.1207729387498585,3.25493649511332</coordinates>
			</Point>
		</Placemark>
		<Placemark id="51702637AF00001D">
			<name>Jalur ODP 11.5 - 1 core</name>
			<LookAt>
				<longitude>109.393630803755</longitude>
				<latitude>-0.1217663623464606</latitude>
				<altitude>2.372158443534844</altitude>
				<heading>-12.37821828775965</heading>
				<tilt>28.52809436757576</tilt>
				<gx:fovy>35</gx:fovy>
				<range>137.7607089034609</range>
				<altitudeMode>absolute</altitudeMode>
			</LookAt>
			<styleUrl>#__managed_style_69300407B2421B397F58</styleUrl>
			<LineString>
				<coordinates>
					109.388851864626,-0.1212304745680948,0 109.394348122884,-0.1197033345445683,0 109.3944733462004,-0.12261219778321,0 
				</coordinates>
			</LineString>
		</Placemark>
		<Placemark id="51702637AF00001C">
			<name>ODP 11.5</name>
			<LookAt>
				<longitude>109.3944657115223</longitude>
				<latitude>-0.122353957382418</latitude>
				<altitude>2.049857876665819</altitude>
				<heading>-12.37822289652787</heading>
				<tilt>28.52795944254328</tilt>
				<gx:fovy>35</gx:fovy>
				<range>106.3460804512215</range>
				<altitudeMode>absolute</altitudeMode>
			</LookAt>
			<styleUrl>#__managed_style_1A50337434421B397F56</styleUrl>
			<Point>
				<coordinates>109.3944771023637,-0.1226256381009146,2.734512090558623</coordinates>
			</Point>
		</Placemark>
		<Placemark id="51702637AF000012">
			<name>Jalur ODP 11.6 - 2 Core</name>
			<LookAt>
				<longitude>109.3841606387436</longitude>
				<latitude>-0.120739038225463</latitude>
				<altitude>4.377058107994294</altitude>
				<heading>10.24145312352768</heading>
				<tilt>0</tilt>
				<gx:fovy>35</gx:fovy>
				<range>1204.878417098662</range>
				<altitudeMode>absolute</altitudeMode>
			</LookAt>
			<styleUrl>#__managed_style_0009CD8DFB421B397F3F</styleUrl>
			<LineString>
				<coordinates>
					109.3888383436461,-0.1212285550560494,0 109.3863726196502,-0.1220089627978978,0 109.3840478128784,-0.1229283459141029,0 
				</coordinates>
			</LineString>
		</Placemark>
		<Placemark id="51702637AF000013">
			<name>ODP 11.6</name>
			<LookAt>
				<longitude>109.3840970229066</longitude>
				<latitude>-0.1222021306986576</latitude>
				<altitude>3.606546561363151</altitude>
				<heading>10.24145312354245</heading>
				<tilt>0</tilt>
				<gx:fovy>35</gx:fovy>
				<range>358.9863867493842</range>
				<altitudeMode>absolute</altitudeMode>
			</LookAt>
			<styleUrl>#__managed_style_1A50337434421B397F56</styleUrl>
			<Point>
				<coordinates>109.3847309347561,-0.1226750637148836,3.124766241104574</coordinates>
			</Point>
		</Placemark>
		<Placemark id="51702637AF00001B">
			<name>Jalur ODP 11.7 - 1 Core</name>
			<LookAt>
				<longitude>109.3834138159201</longitude>
				<latitude>-0.1196545931723099</latitude>
				<altitude>4.077722828638755</altitude>
				<heading>228.4911649330338</heading>
				<tilt>0</tilt>
				<gx:fovy>35</gx:fovy>
				<range>89.34852721274183</range>
				<altitudeMode>absolute</altitudeMode>
			</LookAt>
			<styleUrl>#__managed_style_69300407B2421B397F58</styleUrl>
			<LineString>
				<coordinates>
					109.3834998550766,-0.1205831810224858,0 109.3836878976499,-0.1205096900178958,0 109.3833054313758,-0.1194291268265204,0 109.3831563104473,-0.1193157592450523,0 109.3830951867438,-0.1191118053012801,0 
				</coordinates>
			</LineString>
		</Placemark>
		<Placemark id="51702637AF00001A">
			<name>ODP 11.7</name>
			<LookAt>
				<longitude>109.3833728063497</longitude>
				<latitude>-0.1194171799927979</latitude>
				<altitude>4.646558673312233</altitude>
				<heading>228.4911759134565</heading>
				<tilt>0</tilt>
				<gx:fovy>35</gx:fovy>
				<range>94.70275546884295</range>
				<altitudeMode>absolute</altitudeMode>
			</LookAt>
			<styleUrl>#__managed_style_1A50337434421B397F56</styleUrl>
			<Point>
				<coordinates>109.3830994833195,-0.119104571252291,3.820547677537545</coordinates>
			</Point>
		</Placemark>
		<Placemark id="51702637AF000017">
			<name>Jalur ODP 11.6 --&gt; 11.8</name>
			<description><![CDATA[<div>1 core</div>]]></description>
			<LookAt>
				<longitude>109.3846356251201</longitude>
				<latitude>-0.1226707272228037</latitude>
				<altitude>3.352655899846053</altitude>
				<heading>305.9715299703583</heading>
				<tilt>0</tilt>
				<gx:fovy>35</gx:fovy>
				<range>114.1596895697876</range>
				<altitudeMode>absolute</altitudeMode>
			</LookAt>
			<styleUrl>#__managed_style_3B538BC0E0421B397F56</styleUrl>
			<LineString>
				<coordinates>
					109.3829036170478,-0.1213698451659802,0 109.3831937703889,-0.1220891838442105,0 109.3835781531532,-0.1231243326908258,0 109.3847285009971,-0.1226747241400415,0 
				</coordinates>
			</LineString>
		</Placemark>
		<Placemark id="51702637AF000018">
			<name>ODP 11.8</name>
			<LookAt>
				<longitude>109.3829109153167</longitude>
				<latitude>-0.1215108779099594</latitude>
				<altitude>4.339402261307892</altitude>
				<heading>-124.2159899272891</heading>
				<tilt>24.74623686984263</tilt>
				<gx:fovy>35</gx:fovy>
				<range>77.77244624050581</range>
				<altitudeMode>absolute</altitudeMode>
			</LookAt>
			<styleUrl>#__managed_style_1A50337434421B397F56</styleUrl>
			<Point>
				<coordinates>109.3840317397627,-0.1229515344737536,4.322055579647252</coordinates>
			</Point>
		</Placemark>
	</Folder>
	<Folder id="060D94A49434DEACAE3B">
		<name>ODC 12 - Wonodadi 2 dst</name>
		<styleUrl>#__managed_style_1D85365285421B397F54</styleUrl>
		<Placemark id="02E97BD0F03E5D7716AB">
			<name>Jalur ODC 11 --&gt; 12</name>
			<description><![CDATA[<div>1 core</div>]]></description>
			<LookAt>
				<longitude>109.3876294063603</longitude>
				<latitude>-0.1213156485639387</latitude>
				<altitude>2.998083884243847</altitude>
				<heading>357.1814922881591</heading>
				<tilt>0</tilt>
				<gx:fovy>35</gx:fovy>
				<range>510.8489381321125</range>
				<altitudeMode>absolute</altitudeMode>
			</LookAt>
			<styleUrl>#__managed_style_1A96FCEA49421B397F58</styleUrl>
			<LineString>
				<coordinates>
					109.3888632101476,-0.1212343812109332,0 109.3860660805279,-0.1221619332389905,0 
				</coordinates>
			</LineString>
		</Placemark>
		<Placemark id="51702637AF00001E">
			<name>ODC 12</name>
			<LookAt>
				<longitude>109.3836346522627</longitude>
				<latitude>-0.1226289566148802</latitude>
				<altitude>4.067146255156691</altitude>
				<heading>-6.266716478280152</heading>
				<tilt>1.81271725179597</tilt>
				<gx:fovy>35</gx:fovy>
				<range>1098.873441377218</range>
				<altitudeMode>absolute</altitudeMode>
			</LookAt>
			<styleUrl>#__managed_style_4C3CF6526C421B397F54</styleUrl>
			<Point>
				<coordinates>109.3860718229012,-0.1221762564342744,3.269318135125616</coordinates>
			</Point>
		</Placemark>
		<Placemark id="51702637AF000014">
			<name>Jalur ODP 12.1 - 2 Core</name>
			<LookAt>
				<longitude>109.3877124053298</longitude>
				<latitude>-0.1197037462130091</latitude>
				<altitude>4.995183446217586</altitude>
				<heading>8.271903373713165</heading>
				<tilt>0</tilt>
				<gx:fovy>35</gx:fovy>
				<range>1690.534417251474</range>
				<altitudeMode>absolute</altitudeMode>
			</LookAt>
			<styleUrl>#__managed_style_0009CD8DFB421B397F3F</styleUrl>
			<LineString>
				<coordinates>
					109.3861053921894,-0.1221395721082141,0 109.3904672948736,-0.1208260946125525,0 109.3895027938825,-0.1176580996076693,0 109.3893300086564,-0.1177027332904713,0 109.3890814987331,-0.1177742794331472,0 
				</coordinates>
			</LineString>
		</Placemark>
		<Placemark id="51702637AF000015">
			<name>ODP 12.1</name>
			<LookAt>
				<longitude>109.3870257252584</longitude>
				<latitude>-0.1169449343905207</latitude>
				<altitude>3.258639532957113</altitude>
				<heading>8.271913649669724</heading>
				<tilt>0</tilt>
				<gx:fovy>35</gx:fovy>
				<range>684.2007861820458</range>
				<altitudeMode>absolute</altitudeMode>
			</LookAt>
			<styleUrl>#__managed_style_1A50337434421B397F56</styleUrl>
			<Point>
				<coordinates>109.3890767208634,-0.1177742796022487,2.905361260159668</coordinates>
			</Point>
		</Placemark>
		<Placemark id="0D50BE953A35122D17A5">
			<name>Jalur ODP 12.1 --&gt; ODP 12.2</name>
			<description><![CDATA[<div>1 core</div>]]></description>
			<LookAt>
				<longitude>109.3888211279493</longitude>
				<latitude>-0.1167561117095504</latitude>
				<altitude>9.083642898828906</altitude>
				<heading>0</heading>
				<tilt>0</tilt>
				<gx:fovy>30.00025290374362</gx:fovy>
				<range>905.8543804561486</range>
				<altitudeMode>absolute</altitudeMode>
			</LookAt>
			<styleUrl>#__managed_style_30D5CCEBC7421B397F57</styleUrl>
			<LineString>
				<coordinates>
					109.3890837891546,-0.1177804901722356,0 109.3882571460285,-0.1179868322600886,0 109.3877975703555,-0.1162228107729382,0 109.3872714410479,-0.1163806481639527,0 
				</coordinates>
			</LineString>
		</Placemark>
		<Placemark id="0775E377EB35122CEAFE">
			<name>ODP 12.2</name>
			<LookAt>
				<longitude>109.3888211279493</longitude>
				<latitude>-0.1167561117095504</latitude>
				<altitude>9.083642898828906</altitude>
				<heading>0</heading>
				<tilt>0</tilt>
				<gx:fovy>30.00025290374362</gx:fovy>
				<range>905.8543804561486</range>
				<altitudeMode>absolute</altitudeMode>
			</LookAt>
			<styleUrl>#__managed_style_01E622A2A4421B397F54</styleUrl>
			<Point>
				<coordinates>109.3872570916294,-0.1163949970327909,2.902028508227246</coordinates>
			</Point>
		</Placemark>
		<Placemark id="0F865349E83E5DA7003F">
			<name>Jalur ODP 12.3 - 1 core</name>
			<LookAt>
				<longitude>109.3881530489987</longitude>
				<latitude>-0.1219382905058394</latitude>
				<altitude>2.902378141408213</altitude>
				<heading>359.9996833575275</heading>
				<tilt>0</tilt>
				<gx:fovy>35</gx:fovy>
				<range>775.3137834732479</range>
				<altitudeMode>absolute</altitudeMode>
			</LookAt>
			<styleUrl>#__managed_style_6663787490421B397F54</styleUrl>
			<LineString>
				<coordinates>
					109.3860618299229,-0.1221416810571695,0 109.3873825749378,-0.1216200568415924,0 109.3871314493033,-0.1226011483265944,0 109.3869652843492,-0.1225512601379035,0 109.3866674964083,-0.1237415100978641,0 
				</coordinates>
			</LineString>
		</Placemark>
		<Placemark id="0144421A683592FFE660">
			<name>ODP 12.3</name>
			<LookAt>
				<longitude>109.3863068449404</longitude>
				<latitude>-0.1239953358790282</latitude>
				<altitude>5.279684862517449</altitude>
				<heading>0</heading>
				<tilt>0</tilt>
				<gx:fovy>35</gx:fovy>
				<range>772.7622079149297</range>
				<altitudeMode>absolute</altitudeMode>
			</LookAt>
			<styleUrl>#__managed_style_01E622A2A4421B397F54</styleUrl>
			<Point>
				<coordinates>109.3866963112572,-0.1237738273390649,4.583034744257959</coordinates>
			</Point>
		</Placemark>
		<Placemark id="08784FAC3C3E5DAC42C0">
			<name>Jalur ODP 12.7 --&gt; 12.4</name>
			<description><![CDATA[<div>1 core<br></div>]]></description>
			<LookAt>
				<longitude>109.3775683330589</longitude>
				<latitude>-0.1316109588731905</latitude>
				<altitude>7.44024971778519</altitude>
				<heading>0</heading>
				<tilt>0</tilt>
				<gx:fovy>35.00000000647307</gx:fovy>
				<range>954.2377118300647</range>
				<altitudeMode>absolute</altitudeMode>
			</LookAt>
			<styleUrl>#__managed_style_1A96FCEA49421B397F58</styleUrl>
			<LineString>
				<coordinates>
					109.3779038392229,-0.1337034502192725,0 109.3778029017695,-0.1339346003919295,0 
				</coordinates>
			</LineString>
		</Placemark>
		<Placemark id="036A3F0B563E0710401E">
			<name>ODP 12.4</name>
			<LookAt>
				<longitude>109.3767901556013</longitude>
				<latitude>-0.1326726986766298</latitude>
				<altitude>8.122828428865599</altitude>
				<heading>0</heading>
				<tilt>0</tilt>
				<gx:fovy>35.00000000647465</gx:fovy>
				<range>1490.932176429051</range>
				<altitudeMode>absolute</altitudeMode>
			</LookAt>
			<styleUrl>#__managed_style_025DA63976421B397F56</styleUrl>
			<Point>
				<coordinates>109.3778068437236,-0.1339267174562918,7.822600305490582</coordinates>
			</Point>
		</Placemark>
		<Placemark id="0921DE5AC33513BBC8EF">
			<name>Jalur ODP 12.5 - 2 Core</name>
			<LookAt>
				<longitude>109.3826973455836</longitude>
				<latitude>-0.1204717639960216</latitude>
				<altitude>5.351359814568443</altitude>
				<heading>0</heading>
				<tilt>0</tilt>
				<gx:fovy>35</gx:fovy>
				<range>1929.522352665954</range>
				<altitudeMode>absolute</altitudeMode>
			</LookAt>
			<styleUrl>#__managed_style_5CC3F700FB421B397F54</styleUrl>
			<LineString>
				<coordinates>
					109.385998456144,-0.1221723652946242,0 109.3807418489088,-0.12429143403977,0 109.3805842133027,-0.1249047417083903,0 
				</coordinates>
			</LineString>
		</Placemark>
		<Placemark id="01C1F6F26C3513B6AE2C">
			<name>ODP 12.5</name>
			<LookAt>
				<longitude>109.3832709666815</longitude>
				<latitude>-0.1215423247105967</latitude>
				<altitude>4.189986385898266</altitude>
				<heading>359.9999991404968</heading>
				<tilt>0</tilt>
				<gx:fovy>30.00028536986643</gx:fovy>
				<range>4546.041358969524</range>
				<altitudeMode>absolute</altitudeMode>
			</LookAt>
			<styleUrl>#__managed_style_01E622A2A4421B397F54</styleUrl>
			<Point>
				<coordinates>109.3805425334424,-0.1249553853024632,4.465894575673193</coordinates>
			</Point>
		</Placemark>
		<Placemark id="0EB38327CF359987718C">
			<name>Jalur SUB ODP 12.5</name>
			<description><![CDATA[<div>4 core<br></div>]]></description>
			<LookAt>
				<longitude>109.3792225365612</longitude>
				<latitude>-0.1240403008715596</latitude>
				<altitude>6.397966884374027</altitude>
				<heading>0</heading>
				<tilt>0</tilt>
				<gx:fovy>35</gx:fovy>
				<range>780.5188233166703</range>
				<altitudeMode>absolute</altitudeMode>
			</LookAt>
			<styleUrl>#__managed_style_3780264BAD421B397F64</styleUrl>
			<LineString>
				<coordinates>
					109.3793573406202,-0.1247594670673215,0 109.380396560642,-0.1242722912340865,0 109.3807198451231,-0.1242072034914664,0 109.3807390357183,-0.1242845818865994,0 109.3805360772054,-0.1249288521256542,0 
				</coordinates>
			</LineString>
		</Placemark>
		<Placemark id="066CB9DC123E5DCA9BF8">
			<name>SUB ODP 12.5</name>
			<LookAt>
				<longitude>109.3788775149476</longitude>
				<latitude>-0.1238788346235264</latitude>
				<altitude>7.046725532534149</altitude>
				<heading>0</heading>
				<tilt>0</tilt>
				<gx:fovy>35</gx:fovy>
				<range>879.6173379808899</range>
				<altitudeMode>absolute</altitudeMode>
			</LookAt>
			<styleUrl>#__managed_style_15621C3E48421B397F5F</styleUrl>
			<Point>
				<coordinates>109.379366739048,-0.1247349747351062,5.791455443107855</coordinates>
			</Point>
		</Placemark>
		<Placemark id="0B265897A239D808AA50">
			<name>Jalur ODP 12.5 --&gt; ODP 12.6</name>
			<description><![CDATA[<div>1 core</div>]]></description>
			<LookAt>
				<longitude>109.3759104507214</longitude>
				<latitude>-0.1281996889404052</latitude>
				<altitude>9.133619035832993</altitude>
				<heading>0</heading>
				<tilt>0</tilt>
				<gx:fovy>35</gx:fovy>
				<range>2051.319524776773</range>
				<altitudeMode>absolute</altitudeMode>
			</LookAt>
			<styleUrl>#__managed_style_30D5CCEBC7421B397F57</styleUrl>
			<LineString>
				<coordinates>
					109.3805123541523,-0.1249616566903488,0 109.3781396840564,-0.1324700223985513,0 
				</coordinates>
			</LineString>
		</Placemark>
		<Placemark id="06B818AFEC3908A056F8">
			<name>ODP 12.6</name>
			<LookAt>
				<longitude>109.377893407603</longitude>
				<latitude>-0.1326007482093407</latitude>
				<altitude>8.158763028991538</altitude>
				<heading>0</heading>
				<tilt>0</tilt>
				<gx:fovy>35</gx:fovy>
				<range>446.6912571203285</range>
				<altitudeMode>absolute</altitudeMode>
			</LookAt>
			<styleUrl>#__managed_style_01E622A2A4421B397F54</styleUrl>
			<Point>
				<coordinates>109.3781513782268,-0.1324648558397062,7.905794279689209</coordinates>
			</Point>
		</Placemark>
		<Placemark id="06DC9B40C139D8094990">
			<name>Jalur ODP 12.7 - 2 Core</name>
			<LookAt>
				<longitude>109.377401615349</longitude>
				<latitude>-0.1321228672781203</latitude>
				<altitude>8.582659416865919</altitude>
				<heading>0</heading>
				<tilt>0</tilt>
				<gx:fovy>35</gx:fovy>
				<range>843.1301412543689</range>
				<altitudeMode>absolute</altitudeMode>
			</LookAt>
			<styleUrl>#__managed_style_5CC3F700FB421B397F54</styleUrl>
			<LineString>
				<coordinates>
					109.3860130399684,-0.1221932060274518,0 109.3806322931166,-0.1242947723922441,0 109.3778963361217,-0.133639837634685,0 
				</coordinates>
			</LineString>
		</Placemark>
		<Placemark id="04C6DC67C839D807DCC8">
			<name>ODP 12.7</name>
			<LookAt>
				<longitude>109.3768993431533</longitude>
				<latitude>-0.1317858845779696</latitude>
				<altitude>8.019146427281736</altitude>
				<heading>0</heading>
				<tilt>0</tilt>
				<gx:fovy>35</gx:fovy>
				<range>1604.959011999309</range>
				<altitudeMode>absolute</altitudeMode>
			</LookAt>
			<styleUrl>#__managed_style_01E622A2A4421B397F54</styleUrl>
			<Point>
				<coordinates>109.3779075899817,-0.1337111508870047,7.821949916645461</coordinates>
			</Point>
		</Placemark>
		<Placemark id="51702637AF000003">
			<name>Jalur ODP 12.8 - 1 core</name>
			<LookAt>
				<longitude>109.3842201550235</longitude>
				<latitude>-0.1235361207846062</latitude>
				<altitude>3.720560713478798</altitude>
				<heading>2.864767091377685</heading>
				<tilt>0</tilt>
				<gx:fovy>35</gx:fovy>
				<range>1419.788349773444</range>
				<altitudeMode>absolute</altitudeMode>
			</LookAt>
			<styleUrl>#__managed_style_69300407B2421B397F58</styleUrl>
			<LineString>
				<coordinates>
					109.3888524118779,-0.1212637054744956,0 109.3887620974604,-0.1216577938437726,0 109.3885825923185,-0.1237182702081353,0 109.3886706794011,-0.1237772065281497,0 109.3886440162181,-0.1237344664255534,0 
				</coordinates>
			</LineString>
		</Placemark>
		<Placemark id="51702637AF000004">
			<name>ODP 12.8</name>
			<LookAt>
				<longitude>109.3842315750724</longitude>
				<latitude>-0.1235349009557908</latitude>
				<altitude>3.750142164428276</altitude>
				<heading>2.864767091377674</heading>
				<tilt>0</tilt>
				<gx:fovy>35</gx:fovy>
				<range>1419.758775156661</range>
				<altitudeMode>absolute</altitudeMode>
			</LookAt>
			<styleUrl>#__managed_style_3C91809D95421B397F54</styleUrl>
			<Point>
				<coordinates>109.3886713709631,-0.123770417564318,5.071431273888088</coordinates>
			</Point>
		</Placemark>
	</Folder>
	<Folder id="0DB68CA6613A53933118">
		<name>ODC 13 - Back Up Wonodadi 1</name>
		<styleUrl>#__managed_style_1D85365285421B397F54</styleUrl>
		<Placemark id="51702637AF000005">
			<name>Jalur ODC 5 --&gt; 13</name>
			<description><![CDATA[<div>2 core</div>]]></description>
			<LookAt>
				<longitude>109.4021589054724</longitude>
				<latitude>-0.1173030430778507</latitude>
				<altitude>3.089002553095308</altitude>
				<heading>2.864767091156861</heading>
				<tilt>0</tilt>
				<gx:fovy>35</gx:fovy>
				<range>2920.482652921638</range>
				<altitudeMode>absolute</altitudeMode>
			</LookAt>
			<styleUrl>#__managed_style_1285C978F1421B397F57</styleUrl>
			<LineString>
				<coordinates>
					109.3989445220974,-0.1186031257746605,0 109.4044865146658,-0.1174972393690851,0 
				</coordinates>
			</LineString>
		</Placemark>
		<Placemark id="51702637AF000006">
			<name>ODC 13</name>
			<LookAt>
				<longitude>109.4039043282416</longitude>
				<latitude>-0.1186396534561251</latitude>
				<altitude>1.931002192261253</altitude>
				<heading>2.864767091287944</heading>
				<tilt>0</tilt>
				<gx:fovy>35</gx:fovy>
				<range>1909.066174312611</range>
				<altitudeMode>absolute</altitudeMode>
			</LookAt>
			<styleUrl>#__managed_style_4C3CF6526C421B397F54</styleUrl>
			<Point>
				<coordinates>109.4058422982413,-0.1173100689552715,1.643575386551987</coordinates>
			</Point>
		</Placemark>
		<Placemark id="053FC53B113A5392DF48">
			<name>Jalur ODP 13.1 - 1 core</name>
			<LookAt>
				<longitude>109.4064256576341</longitude>
				<latitude>-0.1167778592094316</latitude>
				<altitude>2.166683550521187</altitude>
				<heading>8.442107360194751e-07</heading>
				<tilt>0</tilt>
				<gx:fovy>35</gx:fovy>
				<range>831.8800126563292</range>
				<altitudeMode>absolute</altitudeMode>
			</LookAt>
			<styleUrl>#__managed_style_3FB4A8879D421B397F5F</styleUrl>
			<LineString>
				<coordinates>
					109.4045292566808,-0.1174672321016456,0 109.405858623772,-0.1172379519601947,0 109.4076400657009,-0.1167803478353042,0 
				</coordinates>
			</LineString>
		</Placemark>
		<Placemark id="01F17189AC3A53929020">
			<name>ODP 13.1</name>
			<LookAt>
				<longitude>109.4072055555085</longitude>
				<latitude>-0.1166189561971907</latitude>
				<altitude>3.01808648634835</altitude>
				<heading>0</heading>
				<tilt>0</tilt>
				<gx:fovy>35</gx:fovy>
				<range>831.0285603662487</range>
				<altitudeMode>absolute</altitudeMode>
			</LookAt>
			<styleUrl>#__managed_style_025DA63976421B397F56</styleUrl>
			<Point>
				<coordinates>109.4076585472194,-0.1167807388555789,1.919571070706505</coordinates>
			</Point>
		</Placemark>
		<Placemark id="0279D781603513BF7646">
			<name>Jalur ODP 13.2 - 1 Core</name>
			<LookAt>
				<longitude>109.4020773877212</longitude>
				<latitude>-0.1189945038854467</latitude>
				<altitude>2.877486880832694</altitude>
				<heading>0</heading>
				<tilt>0</tilt>
				<gx:fovy>35</gx:fovy>
				<range>1667.177145141468</range>
				<altitudeMode>absolute</altitudeMode>
			</LookAt>
			<styleUrl>#__managed_style_2E015AC77C421B397F58</styleUrl>
			<LineString>
				<coordinates>
					109.4045326609868,-0.1174524759017239,0 109.4032948318916,-0.1177121998789512,0 109.4038040034823,-0.1208259094350413,0 109.4041033592075,-0.1208058970631693,0 109.4044129837813,-0.1220298221346089,0 109.401809524698,-0.1225396069672217,0 
				</coordinates>
			</LineString>
		</Placemark>
		<Placemark id="0AEAB730F4357C43E922">
			<name>ODP 13.2</name>
			<LookAt>
				<longitude>109.4026328554181</longitude>
				<latitude>-0.1228259299472824</latitude>
				<altitude>1.757088423312312</altitude>
				<heading>0</heading>
				<tilt>0</tilt>
				<gx:fovy>30</gx:fovy>
				<range>623.4138698003518</range>
				<altitudeMode>absolute</altitudeMode>
			</LookAt>
			<styleUrl>#__managed_style_1779ACA20A421B397F64</styleUrl>
			<Point>
				<coordinates>109.4017308071551,-0.1225628331103029,1.955798357342133</coordinates>
			</Point>
		</Placemark>
		<Placemark id="023C2E15D73E5E305A88">
			<name>Jalur ODP 13.3 - 2 core</name>
			<LookAt>
				<longitude>109.4066279775842</longitude>
				<latitude>-0.1186876610500351</latitude>
				<altitude>2.409155140458594</altitude>
				<heading>0</heading>
				<tilt>0</tilt>
				<gx:fovy>30.00035965985464</gx:fovy>
				<range>1721.626888661413</range>
				<altitudeMode>absolute</altitudeMode>
			</LookAt>
			<styleUrl>#__managed_style_020CFD217C421B397F58</styleUrl>
			<LineString>
				<coordinates>
					109.4058262187243,-0.1172432874632468,0 109.4059373794811,-0.1172801902575377,0 109.4064751107043,-0.1203460285072812,0 109.4069104126229,-0.1201137231760663,0 
				</coordinates>
			</LineString>
		</Placemark>
		<Placemark id="0E26FAA83F3CCB94C3A4">
			<name>ODP 13.3</name>
			<LookAt>
				<longitude>109.407351459726</longitude>
				<latitude>-0.1187468911623346</latitude>
				<altitude>2.28402958015554</altitude>
				<heading>0</heading>
				<tilt>0</tilt>
				<gx:fovy>30.00009664917844</gx:fovy>
				<range>1431.472548452293</range>
				<altitudeMode>absolute</altitudeMode>
			</LookAt>
			<styleUrl>#__managed_style_025DA63976421B397F56</styleUrl>
			<Point>
				<coordinates>109.4068887328514,-0.1200977098154751,2.338113368054953</coordinates>
			</Point>
		</Placemark>
		<Placemark id="0D41BFFB5841AA764180">
			<name>Jalur ODP 13.3 -&gt; ODP 13.4</name>
			<LookAt>
				<longitude>109.4068267985489</longitude>
				<latitude>-0.1194178198421332</latitude>
				<altitude>1.666064279690913</altitude>
				<heading>0</heading>
				<tilt>0</tilt>
				<gx:fovy>35</gx:fovy>
				<range>1099.896686033753</range>
				<altitudeMode>absolute</altitudeMode>
			</LookAt>
			<styleUrl>#__managed_style_25608BCEE5421B397F60</styleUrl>
			<LineString>
				<coordinates>
					109.4069155089809,-0.1201243624466521,0 109.4064672617993,-0.1203690774024659,0 109.4065279117106,-0.1208511150464837,0 
				</coordinates>
			</LineString>
		</Placemark>
		<Placemark id="034F8041EC4019ACC0AC">
			<name>ODP 13.4</name>
			<LookAt>
				<longitude>109.4060599854107</longitude>
				<latitude>-0.1195835809534234</latitude>
				<altitude>1.244746047497856</altitude>
				<heading>0</heading>
				<tilt>0</tilt>
				<gx:fovy>35</gx:fovy>
				<range>1374.6352340671</range>
				<altitudeMode>absolute</altitudeMode>
			</LookAt>
			<styleUrl>#__managed_style_025DA63976421B397F56</styleUrl>
			<Point>
				<coordinates>109.4065310550305,-0.1208567393094113,1.943266995824808</coordinates>
			</Point>
		</Placemark>
		<Placemark id="0FE9804FC13F1C478C37">
			<name>Jalur ODC 13 --&gt; ODP 13.5</name>
			<description><![CDATA[<div>2 core<br></div>]]></description>
			<LookAt>
				<longitude>109.4057206464478</longitude>
				<latitude>-0.1151981367570859</latitude>
				<altitude>2.002111611736659</altitude>
				<heading>2.864681230487503</heading>
				<tilt>0</tilt>
				<gx:fovy>35</gx:fovy>
				<range>963.8998967407681</range>
				<altitudeMode>absolute</altitudeMode>
			</LookAt>
			<styleUrl>#__managed_style_13C4CC0AEA421B397F5C</styleUrl>
			<LineString>
				<coordinates>
					109.4058364895092,-0.1172842071032377,0 109.4052580545784,-0.1174225842084501,0 109.4044951275457,-0.1140912359915522,0 109.4048736386693,-0.1140394012682157,0 109.4048893708235,-0.1142009431477879,0 109.4060942678825,-0.1140404417852764,0 109.4076493292781,-0.1139944697456482,0 
				</coordinates>
			</LineString>
		</Placemark>
		<Placemark id="0785F860293F1C46AF2E">
			<name>ODC 13.5</name>
			<LookAt>
				<longitude>109.4064534764381</longitude>
				<latitude>-0.1139269360876024</latitude>
				<altitude>1.767643692189496</altitude>
				<heading>2.864681230533932</heading>
				<tilt>0</tilt>
				<gx:fovy>35</gx:fovy>
				<range>794.0315491642104</range>
				<altitudeMode>absolute</altitudeMode>
			</LookAt>
			<styleUrl>#__managed_style_532102DD13421B397F58</styleUrl>
			<Point>
				<coordinates>109.4076412812893,-0.1139839236482414,2.77835534338583</coordinates>
			</Point>
		</Placemark>
	</Folder>
	<Folder id="0846D84FD93A5390815C">
		<name>ODC 15 - GPON</name>
		<styleUrl>#__managed_style_1D85365285421B397F54</styleUrl>
		<Folder id="04FB4D3B5C3E5FD0D668">
			<name>ODC 15.1</name>
			<styleUrl>#__managed_style_1D85365285421B397F54</styleUrl>
			<Placemark id="021EF6F22A385A9C8CDF">
				<name>Jalur ODC 15 - 4 core</name>
				<LookAt>
					<longitude>109.4066443685793</longitude>
					<latitude>-0.1172190080270054</latitude>
					<altitude>2.754615404311906</altitude>
					<heading>0</heading>
					<tilt>0</tilt>
					<gx:fovy>35</gx:fovy>
					<range>918.4335126014776</range>
					<altitudeMode>absolute</altitudeMode>
				</LookAt>
				<styleUrl>#__managed_style_3030E764F9421B397F66</styleUrl>
				<LineString>
					<coordinates>
						109.3965748447703,-0.1016308734425146,0 109.3967264827142,-0.1017729816330267,0 109.3966748893531,-0.1018700396153035,0 109.3982171003621,-0.1032923772621436,0 109.398139838116,-0.1053515042038609,0 109.3980524807682,-0.1053838691806056,0 109.3980718328251,-0.1056135256596475,0 109.3989395645014,-0.1056622943447557,0 109.3989787078041,-0.1091111128723124,0 109.3978001680473,-0.109046304618191,0 109.3976021308006,-0.1114340438328383,0 109.3974470859161,-0.1120874853236868,0 109.3974208769104,-0.1128126723666857,0 109.3973762003401,-0.1136316915443369,0 109.397779865855,-0.1150721693856913,0 109.3986144859552,-0.1177642742966806,0 109.3988926442206,-0.1186387076389086,0 109.4045762823057,-0.1174941015055614,0 109.4060096128048,-0.1172048394107672,0 109.4083505918644,-0.1166209808711827,0 
					</coordinates>
				</LineString>
			</Placemark>
			<Placemark id="0B831BEDAB385A9D5309">
				<name>ODC 15.1 - GPON</name>
				<LookAt>
					<longitude>109.4065989839834</longitude>
					<latitude>-0.1159368824822823</latitude>
					<altitude>2.179081216447674</altitude>
					<heading>0</heading>
					<tilt>0</tilt>
					<gx:fovy>35</gx:fovy>
					<range>919.0090587487796</range>
					<altitudeMode>absolute</altitudeMode>
				</LookAt>
				<styleUrl>#__managed_style_079CFDFFE0421B397F63</styleUrl>
				<Point>
					<coordinates>109.4083675772585,-0.1166199434390588,2.602055917036381</coordinates>
				</Point>
			</Placemark>
			<Placemark id="0E641DF2BD3948F358F1">
				<name>Jalur ODP 15.1.1 - 4 Core</name>
				<LookAt>
					<longitude>109.4091127774996</longitude>
					<latitude>-0.1138410006244661</latitude>
					<altitude>2.151595971689901</altitude>
					<heading>0</heading>
					<tilt>0</tilt>
					<gx:fovy>35</gx:fovy>
					<range>1330.862298047432</range>
					<altitudeMode>absolute</altitudeMode>
				</LookAt>
				<styleUrl>#__managed_style_02C455678E421B397F60</styleUrl>
				<LineString>
					<coordinates>
						109.4083563070217,-0.116574044845949,0 109.4086745935403,-0.1165263017372397,0 109.4084120079524,-0.1153645754629952,0 109.4084837853419,-0.1143385660887361,0 109.4087545839788,-0.1125943590357471,0 109.4097733713402,-0.1129535793120948,0 
					</coordinates>
				</LineString>
			</Placemark>
			<Placemark id="0BB628A56F3948F3C6F9">
				<name>ODP 15.1.1</name>
				<LookAt>
					<longitude>109.4091127774996</longitude>
					<latitude>-0.1138410006244661</latitude>
					<altitude>2.151595971689901</altitude>
					<heading>0</heading>
					<tilt>0</tilt>
					<gx:fovy>35</gx:fovy>
					<range>1330.862298047432</range>
					<altitudeMode>absolute</altitudeMode>
				</LookAt>
				<styleUrl>#__managed_style_01E622A2A4421B397F54</styleUrl>
				<Point>
					<coordinates>109.4097813359103,-0.1129535708565473,2.55724652159758</coordinates>
				</Point>
			</Placemark>
			<Placemark id="000C9BD8AC3E5FF3D89F">
				<name>Jalur ODP 15.1.2 - 1 core</name>
				<LookAt>
					<longitude>109.4088656400197</longitude>
					<latitude>-0.1145335780901192</latitude>
					<altitude>2.68478469967032</altitude>
					<heading>0</heading>
					<tilt>0</tilt>
					<gx:fovy>35</gx:fovy>
					<range>1170.388202332979</range>
					<altitudeMode>absolute</altitudeMode>
				</LookAt>
				<styleUrl>#__managed_style_6663787490421B397F54</styleUrl>
				<LineString>
					<coordinates>
						109.4083377356585,-0.1166045844775769,0 109.4086699289561,-0.1165091491441843,0 109.4085442229544,-0.1158303261272126,0 109.4092608309824,-0.1156896009643117,0 
					</coordinates>
				</LineString>
			</Placemark>
			<Placemark id="026C40D0453D2D529D04">
				<name>ODP.15.1.2</name>
				<LookAt>
					<longitude>109.4090213871611</longitude>
					<latitude>-0.1155461655577005</latitude>
					<altitude>2.736174127010369</altitude>
					<heading>0</heading>
					<tilt>0</tilt>
					<gx:fovy>30.00026107283444</gx:fovy>
					<range>900.9992296526616</range>
					<altitudeMode>absolute</altitudeMode>
				</LookAt>
				<styleUrl>#__managed_style_025DA63976421B397F56</styleUrl>
				<Point>
					<coordinates>109.4092635615892,-0.1157147374758664,2.211331564285344</coordinates>
				</Point>
			</Placemark>
			<Placemark id="0364AE31833C7E6E1634">
				<name>Jalur ODP 15.1.3 - 2 core</name>
				<LookAt>
					<longitude>109.4096983818035</longitude>
					<latitude>-0.1115607603929545</latitude>
					<altitude>1.773083240210529</altitude>
					<heading>0</heading>
					<tilt>0</tilt>
					<gx:fovy>35</gx:fovy>
					<range>1296.163670308306</range>
					<altitudeMode>absolute</altitudeMode>
				</LookAt>
				<styleUrl>#__managed_style_76D9C559EE421B397F60</styleUrl>
				<LineString>
					<coordinates>
						109.4097623392374,-0.1129638191036744,0 109.4088904880423,-0.1126446148668415,0 109.4092185244448,-0.1106610296254985,0 109.4109855820426,-0.110752745312836,0 109.4110364296123,-0.1103037949480117,0 
					</coordinates>
				</LineString>
			</Placemark>
			<Placemark id="00337CF1EA3C7E6CA920">
				<name>ODP.15.1.3</name>
				<LookAt>
					<longitude>109.4098264224426</longitude>
					<latitude>-0.1104724037930556</latitude>
					<altitude>2.251306006964926</altitude>
					<heading>0</heading>
					<tilt>0</tilt>
					<gx:fovy>35</gx:fovy>
					<range>1295.685470078315</range>
					<altitudeMode>absolute</altitudeMode>
				</LookAt>
				<styleUrl>#__managed_style_532102DD13421B397F58</styleUrl>
				<Point>
					<coordinates>109.4110241108477,-0.1102959573546891,1.665495172298821</coordinates>
				</Point>
			</Placemark>
			<Placemark id="0A222FF17C3E5FF5AE6E">
				<name>Jalur ODP 15.1.3 --&gt; 15.1.4</name>
				<LookAt>
					<longitude>109.4106502406085</longitude>
					<latitude>-0.1098944350102072</latitude>
					<altitude>1.666158367955892</altitude>
					<heading>0</heading>
					<tilt>0</tilt>
					<gx:fovy>35</gx:fovy>
					<range>900.0707350223095</range>
					<altitudeMode>absolute</altitudeMode>
				</LookAt>
				<styleUrl>#__managed_style_6663787490421B397F54</styleUrl>
				<LineString>
					<coordinates>
						109.4110392589043,-0.110272094370958,0 109.4110391738678,-0.1098064283901362,0 109.4104543547042,-0.1097950727034854,0 109.4105451942403,-0.1093919162792292,0 
					</coordinates>
				</LineString>
			</Placemark>
			<Placemark id="05715DC71C3CEFC0BB20">
				<name>ODP.15.1.4</name>
				<LookAt>
					<longitude>109.4111212089999</longitude>
					<latitude>-0.1096483180097177</latitude>
					<altitude>1.665905687702911</altitude>
					<heading>0</heading>
					<tilt>0</tilt>
					<gx:fovy>35</gx:fovy>
					<range>967.0056023445798</range>
					<altitudeMode>absolute</altitudeMode>
				</LookAt>
				<styleUrl>#__managed_style_025DA63976421B397F56</styleUrl>
				<Point>
					<coordinates>109.4105005065591,-0.109394666032947,1.512068555067756</coordinates>
				</Point>
			</Placemark>
			<Placemark id="0103EA60803A53977BBF">
				<name>Jalur ODP 15.1.5 - 4 Core</name>
				<LookAt>
					<longitude>109.409589602205</longitude>
					<latitude>-0.120850858402581</latitude>
					<altitude>1.642384160439165</altitude>
					<heading>0</heading>
					<tilt>0</tilt>
					<gx:fovy>35</gx:fovy>
					<range>1466.564360986958</range>
					<altitudeMode>absolute</altitudeMode>
				</LookAt>
				<styleUrl>#__managed_style_0255245676421B397F61</styleUrl>
				<LineString>
					<coordinates>
						109.4083102328997,-0.1166455239231924,0 109.40867840152,-0.1165753973539345,0 109.4091947675363,-0.1204607916940921,0 109.4095194502458,-0.1234859366953319,0 109.4107645577481,-0.1230034755404847,0 
					</coordinates>
				</LineString>
			</Placemark>
			<Placemark id="01B243F6EB3A5396AED6">
				<name>ODP 15.1.5</name>
				<LookAt>
					<longitude>109.4095895575974</longitude>
					<latitude>-0.1224519260674087</latitude>
					<altitude>1.722927942230725</altitude>
					<heading>0</heading>
					<tilt>0</tilt>
					<gx:fovy>35</gx:fovy>
					<range>918.7450195368729</range>
					<altitudeMode>absolute</altitudeMode>
				</LookAt>
				<styleUrl>#__managed_style_025DA63976421B397F56</styleUrl>
				<Point>
					<coordinates>109.4107636359022,-0.123069138678632,3.353737610743908</coordinates>
				</Point>
			</Placemark>
			<Placemark id="081FC2A39F3E604B3764">
				<name>Jalur ODP 15.1.5 --&gt; 15.1.6</name>
				<description><![CDATA[<div>1 core<br></div>]]></description>
				<LookAt>
					<longitude>109.4096480469774</longitude>
					<latitude>-0.1218853383514016</latitude>
					<altitude>2.248812127547291</altitude>
					<heading>0</heading>
					<tilt>0</tilt>
					<gx:fovy>35</gx:fovy>
					<range>1541.419755693641</range>
					<altitudeMode>absolute</altitudeMode>
				</LookAt>
				<styleUrl>#__managed_style_1A96FCEA49421B397F58</styleUrl>
				<LineString>
					<coordinates>
						109.4106278606995,-0.1215286106977705,0 109.4093531562477,-0.1220898588821814,0 109.4095339119139,-0.123497494699572,0 109.4107701934448,-0.1230312564130163,0 
					</coordinates>
				</LineString>
			</Placemark>
			<Placemark id="0200F49C7D3D0A4B6B10">
				<name>ODP 15.1.6</name>
				<LookAt>
					<longitude>109.4105104426145</longitude>
					<latitude>-0.1207961383893139</latitude>
					<altitude>1.557536097283494</altitude>
					<heading>0</heading>
					<tilt>0</tilt>
					<gx:fovy>35</gx:fovy>
					<range>706.4515133434179</range>
					<altitudeMode>absolute</altitudeMode>
				</LookAt>
				<styleUrl>#__managed_style_532102DD13421B397F58</styleUrl>
				<Point>
					<coordinates>109.4106173702343,-0.1214595255627181,1.529857905801364</coordinates>
				</Point>
			</Placemark>
			<Placemark id="0D083E8D823CA3E33BBB">
				<name>Jalur ODP 15.1.5 --&gt; 15.1.6</name>
				<LookAt>
					<longitude>109.4096773510234</longitude>
					<latitude>-0.1240063937293305</latitude>
					<altitude>1.88039929811354</altitude>
					<heading>0</heading>
					<tilt>0</tilt>
					<gx:fovy>35</gx:fovy>
					<range>1137.534233371698</range>
					<altitudeMode>absolute</altitudeMode>
				</LookAt>
				<styleUrl>#__managed_style_1284837B4A421B397F59</styleUrl>
				<LineString>
					<coordinates>
						109.4093151078332,-0.124634705774646,0 109.4096880058989,-0.1244965044272532,0 109.4094606163562,-0.1234663352257753,0 109.4107100611641,-0.1230624065329704,0 
					</coordinates>
				</LineString>
			</Placemark>
			<Placemark id="0E7BF53B003CA3E2DBA4">
				<name>ODP 15.1.7</name>
				<LookAt>
					<longitude>109.4084702365877</longitude>
					<latitude>-0.1243827299360271</latitude>
					<altitude>1.670822492018462</altitude>
					<heading>0</heading>
					<tilt>0</tilt>
					<gx:fovy>35</gx:fovy>
					<range>1137.743851580308</range>
					<altitudeMode>absolute</altitudeMode>
				</LookAt>
				<styleUrl>#__managed_style_532102DD13421B397F58</styleUrl>
				<Point>
					<coordinates>109.4093506341752,-0.1246347057747445,2.609995875906705</coordinates>
				</Point>
			</Placemark>
			<Placemark id="04715F181B3E60522633">
				<name>Jalur ODP 15.1.1 --&gt; 15.1.8</name>
				<description><![CDATA[<div>1 core</div>]]></description>
				<LookAt>
					<longitude>109.4083629244907</longitude>
					<latitude>-0.1114238657823511</latitude>
					<altitude>3.22155631189337</altitude>
					<heading>0</heading>
					<tilt>0</tilt>
					<gx:fovy>35</gx:fovy>
					<range>904.4711413263576</range>
					<altitudeMode>absolute</altitudeMode>
				</LookAt>
				<styleUrl>#__managed_style_1A96FCEA49421B397F58</styleUrl>
				<LineString>
					<coordinates>
						109.4087988621789,-0.1122426450198418,0 109.4089441964269,-0.1122650316112711,0 109.4088940242598,-0.1126677565617781,0 109.4097762894225,-0.1129685083876765,0 
					</coordinates>
				</LineString>
			</Placemark>
			<Placemark id="05B37CF2793D2D889256">
				<name>ODP.15.1.8</name>
				<LookAt>
					<longitude>109.407262628599</longitude>
					<latitude>-0.1103312735032761</latitude>
					<altitude>3.520341697611364</altitude>
					<heading>0</heading>
					<tilt>0</tilt>
					<gx:fovy>35</gx:fovy>
					<range>1207.108751129854</range>
					<altitudeMode>absolute</altitudeMode>
				</LookAt>
				<styleUrl>#__managed_style_025DA63976421B397F56</styleUrl>
				<Point>
					<coordinates>109.4087994424963,-0.1122335350872355,2.000647408204839</coordinates>
				</Point>
			</Placemark>
		</Folder>
		<Folder id="0979A044FF3E625198BC">
			<name>ODC 15.2</name>
			<styleUrl>#__managed_style_1D85365285421B397F54</styleUrl>
			<Placemark id="0EE273A0363DE7CC0C78">
				<name>ODC 15.2</name>
				<LookAt>
					<longitude>109.4101274289898</longitude>
					<latitude>-0.1223742361789831</latitude>
					<altitude>1.738705382841392</altitude>
					<heading>0</heading>
					<tilt>0</tilt>
					<gx:fovy>35</gx:fovy>
					<range>1389.271888062795</range>
					<altitudeMode>absolute</altitudeMode>
				</LookAt>
				<styleUrl>#__managed_style_2F79F894A3421B397F57</styleUrl>
				<Point>
					<coordinates>109.4104551627808,-0.1231544155870598,2.113517904798561</coordinates>
				</Point>
			</Placemark>
			<Placemark id="03659F2B88409F0F76F3">
				<name>Jalur ODP 15.2.1 - 4 Core</name>
				<description><![CDATA[<div>4 core<br></div>]]></description>
				<LookAt>
					<longitude>109.4090613738008</longitude>
					<latitude>-0.1214337475199747</latitude>
					<altitude>1.968213836521253</altitude>
					<heading>0</heading>
					<tilt>0</tilt>
					<gx:fovy>30.00023003066154</gx:fovy>
					<range>1198.235717122152</range>
					<altitudeMode>absolute</altitudeMode>
				</LookAt>
				<styleUrl>#__managed_style_4A8C7F47E1421B397F5F</styleUrl>
				<LineString>
					<coordinates>
						109.4104419476647,-0.1231445225706333,0 109.4095112760134,-0.123491336740269,0 109.4091777820686,-0.1197977461675146,0 
					</coordinates>
				</LineString>
			</Placemark>
			<Placemark id="058542A2F8409F0EDDB1">
				<name>ODP.15.2.1</name>
				<LookAt>
					<longitude>109.408993397726</longitude>
					<latitude>-0.1200670045686157</latitude>
					<altitude>1.442550732456394</altitude>
					<heading>0</heading>
					<tilt>0</tilt>
					<gx:fovy>30.00023003066154</gx:fovy>
					<range>1595.190302841947</range>
					<altitudeMode>absolute</altitudeMode>
				</LookAt>
				<styleUrl>#__managed_style_200D331E60421B397F54</styleUrl>
				<Point>
					<coordinates>109.4092152971452,-0.1197990512216125,1.665743430360909</coordinates>
				</Point>
			</Placemark>
		</Folder>
	</Folder>
	<Folder id="0D34631EA33ACDCFBE46">
		<name>ODC 16 - GPON</name>
		<styleUrl>#__managed_style_1D85365285421B397F54</styleUrl>
		<Folder id="03AFD5A0103E62526FE8">
			<name>ODC 16.1</name>
			<styleUrl>#__managed_style_1D85365285421B397F54</styleUrl>
			<Placemark id="0B5224FD483ACDD0BCA1">
				<name>Jalur ODC 16 - 1 Core</name>
				<LookAt>
					<longitude>109.4070224347909</longitude>
					<latitude>-0.1333854343896174</latitude>
					<altitude>1.720650416309848</altitude>
					<heading>0</heading>
					<tilt>0</tilt>
					<gx:fovy>35</gx:fovy>
					<range>2271.952841127059</range>
					<altitudeMode>absolute</altitudeMode>
				</LookAt>
				<styleUrl>#__managed_style_3FB4A8879D421B397F5F</styleUrl>
				<LineString>
					<coordinates>
						109.4083403014849,-0.1165808151742465,0 109.4087883256807,-0.1165265097386764,0 109.4096319146631,-0.1248164628350272,0 109.4099037407985,-0.1271269779579582,0 109.410420229891,-0.1289210442587763,0 109.4103164993649,-0.1308229294429278,0 109.4103195339832,-0.1317747168077265,0 109.4107669141372,-0.1318687402017343,0 
					</coordinates>
				</LineString>
			</Placemark>
			<Placemark id="070F20B2403ACDCF4179">
				<name>ODC 16.1</name>
				<LookAt>
					<longitude>109.4085423462117</longitude>
					<latitude>-0.134461645488042</latitude>
					<altitude>1.345571944697721</altitude>
					<heading>0</heading>
					<tilt>0</tilt>
					<gx:fovy>35</gx:fovy>
					<range>1534.9845415866</range>
					<altitudeMode>absolute</altitudeMode>
				</LookAt>
				<styleUrl>#__managed_style_391E3B2847421B397F58</styleUrl>
				<Point>
					<coordinates>109.410788992953,-0.1318568346641819,1.884732410012011</coordinates>
				</Point>
			</Placemark>
			<Placemark id="0F7D1B10E03BBADA35E6">
				<name>Jalur ODP 16.1.1 - 1 Core</name>
				<LookAt>
					<longitude>109.4121812344509</longitude>
					<latitude>-0.1322384684588788</latitude>
					<altitude>1.523115825926076</altitude>
					<heading>0</heading>
					<tilt>0</tilt>
					<gx:fovy>35</gx:fovy>
					<range>932.3519391482114</range>
					<altitudeMode>absolute</altitudeMode>
				</LookAt>
				<styleUrl>#__managed_style_6663787490421B397F54</styleUrl>
				<LineString>
					<coordinates>
						109.4107805862463,-0.1318283194283463,0 109.4121923894114,-0.132207793650831,0 
					</coordinates>
				</LineString>
			</Placemark>
			<Placemark id="0669C414BE3BBAD9F2BE">
				<name>ODP 16.1.1</name>
				<LookAt>
					<longitude>109.4121812343663</longitude>
					<latitude>-0.1322384684588788</latitude>
					<altitude>1.523115825926076</altitude>
					<heading>0</heading>
					<tilt>0</tilt>
					<gx:fovy>35</gx:fovy>
					<range>932.3519391482114</range>
					<altitudeMode>absolute</altitudeMode>
				</LookAt>
				<styleUrl>#__managed_style_532102DD13421B397F58</styleUrl>
				<Point>
					<coordinates>109.412209124347,-0.1322579911793334,1.450139966037187</coordinates>
				</Point>
			</Placemark>
			<Placemark id="09ED51B7413BBADB1D04">
				<name>Jalur ODP 16.1.2 - 1 Core</name>
				<LookAt>
					<longitude>109.4113165898844</longitude>
					<latitude>-0.1321932077878035</latitude>
					<altitude>1.451511478976646</altitude>
					<heading>0</heading>
					<tilt>0</tilt>
					<gx:fovy>35</gx:fovy>
					<range>717.1358767410857</range>
					<altitudeMode>absolute</altitudeMode>
				</LookAt>
				<styleUrl>#__managed_style_6663787490421B397F54</styleUrl>
				<LineString>
					<coordinates>
						109.4107671865137,-0.1318133478225236,0 109.4102946804876,-0.1317945288014386,0 109.4102870996332,-0.1323777719464843,0 109.41092661426,-0.1324867604782443,0 
					</coordinates>
				</LineString>
			</Placemark>
			<Placemark id="0B80F41F653BBADAD970">
				<name>ODP 16.1.2</name>
				<LookAt>
					<longitude>109.4113165898844</longitude>
					<latitude>-0.1321932077878035</latitude>
					<altitude>1.451511478976646</altitude>
					<heading>0</heading>
					<tilt>0</tilt>
					<gx:fovy>35</gx:fovy>
					<range>717.1358303858869</range>
					<altitudeMode>absolute</altitudeMode>
				</LookAt>
				<styleUrl>#__managed_style_532102DD13421B397F58</styleUrl>
				<Point>
					<coordinates>109.4109359304486,-0.1325338113891364,2.320179915576888</coordinates>
				</Point>
			</Placemark>
			<Placemark id="0F93B4064B3BEA709E84">
				<name>Jalur ODP 16.1.3 - 2 Core</name>
				<LookAt>
					<longitude>109.4116007693804</longitude>
					<latitude>-0.1266920167163269</latitude>
					<altitude>1.640856988077835</altitude>
					<heading>2.864789081377016</heading>
					<tilt>4.342392824910536</tilt>
					<gx:fovy>35</gx:fovy>
					<range>1203.40070607388</range>
					<altitudeMode>absolute</altitudeMode>
				</LookAt>
				<styleUrl>#__managed_style_020CFD217C421B397F58</styleUrl>
				<LineString>
					<coordinates>
						109.4107582004137,-0.1318350526582567,0 109.4103095860533,-0.1317829904809575,0 109.4103604006288,-0.130435525852155,0 109.4104326810795,-0.128863625907222,0 109.4100178219672,-0.1273785402566112,0 109.41133633114,-0.1270932298326738,0 
					</coordinates>
				</LineString>
			</Placemark>
			<Placemark id="0C4BDA54733BEA6F90E8">
				<name>ODP 16.1.3</name>
				<LookAt>
					<longitude>109.4105206640142</longitude>
					<latitude>-0.1272018651723366</latitude>
					<altitude>2.250578386805142</altitude>
					<heading>0</heading>
					<tilt>0</tilt>
					<gx:fovy>35</gx:fovy>
					<range>1210.224376746192</range>
					<altitudeMode>absolute</altitudeMode>
				</LookAt>
				<styleUrl>#__managed_style_532102DD13421B397F58</styleUrl>
				<Point>
					<coordinates>109.4113464150862,-0.1270968356136373,1.640435523295141</coordinates>
				</Point>
			</Placemark>
			<Placemark id="09890277AD3E62586BBC">
				<name>Jalur ODP 16.1.4 - 2 core</name>
				<LookAt>
					<longitude>109.4118862011624</longitude>
					<latitude>-0.1329777295762964</latitude>
					<altitude>2.142589703198836</altitude>
					<heading>0.01111055393002891</heading>
					<tilt>0</tilt>
					<gx:fovy>35</gx:fovy>
					<range>1077.826790502586</range>
					<altitudeMode>absolute</altitudeMode>
				</LookAt>
				<styleUrl>#__managed_style_020CFD217C421B397F58</styleUrl>
				<LineString>
					<coordinates>
						109.4107946508362,-0.1318557959254901,0 109.4129238092572,-0.1323162065425666,0 109.4129840222526,-0.1335801430230798,0 109.4125446916045,-0.1335599549837897,0 
					</coordinates>
				</LineString>
			</Placemark>
			<Placemark id="01DA73C4B23C9D4966A0">
				<name>ODP 16.1.4</name>
				<LookAt>
					<longitude>109.4129423547374</longitude>
					<latitude>-0.134346736141674</latitude>
					<altitude>1.528705016869343</altitude>
					<heading>0</heading>
					<tilt>0</tilt>
					<gx:fovy>35</gx:fovy>
					<range>1679.561585452175</range>
					<altitudeMode>absolute</altitudeMode>
				</LookAt>
				<styleUrl>#__managed_style_025DA63976421B397F56</styleUrl>
				<Point>
					<coordinates>109.4125498682793,-0.1335512991010296,1.641218343035431</coordinates>
				</Point>
			</Placemark>
			<Placemark id="034BC8F4693E63F2D35C">
				<name>Jalur ODP 16.1 - 4 core</name>
				<LookAt>
					<longitude>109.4130873783859</longitude>
					<latitude>-0.1373021006867171</latitude>
					<altitude>1.543361802726395</altitude>
					<heading>0</heading>
					<tilt>0</tilt>
					<gx:fovy>35</gx:fovy>
					<range>1461.37294957196</range>
					<altitudeMode>absolute</altitudeMode>
				</LookAt>
				<styleUrl>#__managed_style_25651007F6421B397F61</styleUrl>
				<LineString>
					<coordinates>
						109.4107778569838,-0.1318135506775156,0 109.4129428998222,-0.1323391762362365,0 109.4134210243369,-0.1373697315298834,0 
					</coordinates>
				</LineString>
			</Placemark>
			<Placemark id="046F9F60AD3C9D4B0009">
				<name>Spare ODP 16.1</name>
				<LookAt>
					<longitude>109.4122985835382</longitude>
					<latitude>-0.1359040146369936</latitude>
					<altitude>1.763485964155516</altitude>
					<heading>0</heading>
					<tilt>0</tilt>
					<gx:fovy>35</gx:fovy>
					<range>1835.495467583242</range>
					<altitudeMode>absolute</altitudeMode>
				</LookAt>
				<styleUrl>#__managed_style_15F85116AC421B397F5E</styleUrl>
				<Point>
					<coordinates>109.4132171449889,-0.1356688368165437,2.581753140688217</coordinates>
				</Point>
			</Placemark>
			<Placemark id="055EE3B7573C9D4B4D84">
				<name>Spare ODP 16.1</name>
				<LookAt>
					<longitude>109.4122985835382</longitude>
					<latitude>-0.1359040146369936</latitude>
					<altitude>1.763485964155516</altitude>
					<heading>0</heading>
					<tilt>0</tilt>
					<gx:fovy>35</gx:fovy>
					<range>1835.495467583242</range>
					<altitudeMode>absolute</altitudeMode>
				</LookAt>
				<styleUrl>#__managed_style_15F85116AC421B397F5E</styleUrl>
				<Point>
					<coordinates>109.4134140428604,-0.1373554588822967,1.641609456536737</coordinates>
				</Point>
			</Placemark>
			<Placemark id="0707D206A53E63F65A6C">
				<name>Jalur Spare ODP 16.1 --&gt; ODP 16.1.5</name>
				<description><![CDATA[<div>1 core</div>]]></description>
				<LookAt>
					<longitude>109.4114567840771</longitude>
					<latitude>-0.1351038427416381</latitude>
					<altitude>1.682778965890339</altitude>
					<heading>0</heading>
					<tilt>0</tilt>
					<gx:fovy>35</gx:fovy>
					<range>1604.646021697554</range>
					<altitudeMode>absolute</altitudeMode>
				</LookAt>
				<styleUrl>#__managed_style_1A96FCEA49421B397F58</styleUrl>
				<LineString>
					<coordinates>
						109.4134076743317,-0.1373072530617649,0 109.4134965598409,-0.1380793320832684,0 109.4116944446912,-0.1383766166127722,0 
					</coordinates>
				</LineString>
			</Placemark>
			<Placemark id="028C53A13B3C9E548473">
				<name>ODP 16.1.5</name>
				<LookAt>
					<longitude>109.4116337073518</longitude>
					<latitude>-0.1368124020993824</latitude>
					<altitude>1.40984097330739</altitude>
					<heading>0</heading>
					<tilt>0</tilt>
					<gx:fovy>35</gx:fovy>
					<range>1092.010646917188</range>
					<altitudeMode>absolute</altitudeMode>
				</LookAt>
				<styleUrl>#__managed_style_532102DD13421B397F58</styleUrl>
				<Point>
					<coordinates>109.4117033816244,-0.1383921829354398,1.704703452723004</coordinates>
				</Point>
			</Placemark>
			<Placemark id="0428275EA23E63F83544">
				<name>Jalur ODP 16.1.6 - 2 core</name>
				<LookAt>
					<longitude>109.4117571601606</longitude>
					<latitude>-0.1337047747270412</latitude>
					<altitude>2.762466032379816</altitude>
					<heading>0</heading>
					<tilt>0</tilt>
					<gx:fovy>35</gx:fovy>
					<range>1368.816729523824</range>
					<altitudeMode>absolute</altitudeMode>
				</LookAt>
				<styleUrl>#__managed_style_020CFD217C421B397F58</styleUrl>
				<LineString>
					<coordinates>
						109.410776097212,-0.1318314568325143,0 109.4102944527595,-0.1318066429261792,0 109.4102693071889,-0.1357378859305607,0 109.4106840712073,-0.1357368781231234,0 
					</coordinates>
				</LineString>
			</Placemark>
			<Placemark id="040F0707293CC681D6B8">
				<name>ODP 16.1.6</name>
				<LookAt>
					<longitude>109.4113835667945</longitude>
					<latitude>-0.1354557978683642</latitude>
					<altitude>1.379596727046337</altitude>
					<heading>0</heading>
					<tilt>0</tilt>
					<gx:fovy>30.00041196097082</gx:fovy>
					<range>885.6977493969316</range>
					<altitudeMode>absolute</altitudeMode>
				</LookAt>
				<styleUrl>#__managed_style_532102DD13421B397F58</styleUrl>
				<Point>
					<coordinates>109.4106802158513,-0.1357603799070009,2.01111213392593</coordinates>
				</Point>
			</Placemark>
		</Folder>
		<Folder id="03D8BCDF8D3E63FA74BC">
			<name>ODC 16.2</name>
			<styleUrl>#__managed_style_1D85365285421B397F54</styleUrl>
			<Placemark id="09032091A53E63FB6E8C">
				<name>Jalur ODC 16.1 --&gt; 16.2</name>
				<description><![CDATA[<div>1 core</div>]]></description>
				<LookAt>
					<longitude>109.4107407526367</longitude>
					<latitude>-0.1416611557209839</latitude>
					<altitude>1.640526196598886</altitude>
					<heading>0</heading>
					<tilt>0</tilt>
					<gx:fovy>35</gx:fovy>
					<range>1567.159870438627</range>
					<altitudeMode>absolute</altitudeMode>
				</LookAt>
				<styleUrl>#__managed_style_1A96FCEA49421B397F58</styleUrl>
				<LineString>
					<coordinates>
						109.4107838921149,-0.1318267016114082,0 109.410261419756,-0.1318081161541625,0 109.4101702514233,-0.1362803711943303,0 109.4104796386633,-0.1436291770826506,0 109.414434939382,-0.143716161162969,0 
					</coordinates>
				</LineString>
			</Placemark>
			<Placemark id="074FB463473C64C2F118">
				<name>ODC 16.2</name>
				<LookAt>
					<longitude>109.4128627501902</longitude>
					<latitude>-0.1439353358440663</latitude>
					<altitude>1.344127260484502</altitude>
					<heading>0</heading>
					<tilt>0</tilt>
					<gx:fovy>32.49375888637226</gx:fovy>
					<range>951.1313572534709</range>
					<altitudeMode>absolute</altitudeMode>
				</LookAt>
				<styleUrl>#__managed_style_2F79F894A3421B397F57</styleUrl>
				<Point>
					<coordinates>109.414430181328,-0.143728416548847,1.149420293368522</coordinates>
				</Point>
			</Placemark>
			<Placemark id="08D93B78ED3E65244D29">
				<name>Jalur ODP 16.2.1 - 4 core</name>
				<LookAt>
					<longitude>109.4153511386437</longitude>
					<latitude>-0.144331852298292</latitude>
					<altitude>1.688405504965973</altitude>
					<heading>0</heading>
					<tilt>0</tilt>
					<gx:fovy>35</gx:fovy>
					<range>963.8934070129474</range>
					<altitudeMode>absolute</altitudeMode>
				</LookAt>
				<styleUrl>#__managed_style_25651007F6421B397F61</styleUrl>
				<LineString>
					<coordinates>
						109.4144167709559,-0.1437337398196998,0 109.4147202349728,-0.1437515417801413,0 109.4146254640566,-0.1448642101332075,0 109.4148157424917,-0.1453223319738285,0 109.4152916771592,-0.1450245811589194,0 109.4154998280697,-0.1453994412003861,0 
					</coordinates>
				</LineString>
			</Placemark>
			<Placemark id="0F112426BA3C6B2DA54B">
				<name>ODP.16.2.1</name>
				<LookAt>
					<longitude>109.41855006252</longitude>
					<latitude>-0.14512155798108</latitude>
					<altitude>0.4294710121830891</altitude>
					<heading>0</heading>
					<tilt>0</tilt>
					<gx:fovy>35</gx:fovy>
					<range>1074.048749096546</range>
					<altitudeMode>absolute</altitudeMode>
				</LookAt>
				<styleUrl>#__managed_style_025DA63976421B397F56</styleUrl>
				<Point>
					<coordinates>109.4155328448585,-0.1453633029109867,1.182688623608346</coordinates>
				</Point>
			</Placemark>
			<Placemark id="073CC1FE403E6537FD8B">
				<name>Jalur ODP 16.2.2 - 1 core</name>
				<LookAt>
					<longitude>109.4132565809183</longitude>
					<latitude>-0.1442842417976626</latitude>
					<altitude>1.665915175749719</altitude>
					<heading>0</heading>
					<tilt>0</tilt>
					<gx:fovy>35</gx:fovy>
					<range>963.9159356395248</range>
					<altitudeMode>absolute</altitudeMode>
				</LookAt>
				<styleUrl>#__managed_style_6663787490421B397F54</styleUrl>
				<LineString>
					<coordinates>
						109.4144245262249,-0.1437079346777604,0 109.4131309569896,-0.1436714442574349,0 
					</coordinates>
				</LineString>
			</Placemark>
			<Placemark id="0802F2FBC93C92E971BB">
				<name>ODP 16.2.2</name>
				<LookAt>
					<longitude>109.4129920053113</longitude>
					<latitude>-0.1435733634658981</latitude>
					<altitude>2.646905338536967</altitude>
					<heading>11.70129766225789</heading>
					<tilt>0</tilt>
					<gx:fovy>30</gx:fovy>
					<range>211.9389352784492</range>
					<altitudeMode>absolute</altitudeMode>
				</LookAt>
				<styleUrl>#__managed_style_532102DD13421B397F58</styleUrl>
				<Point>
					<coordinates>109.4131340187465,-0.1437095625703931,1.399206762805629</coordinates>
				</Point>
			</Placemark>
			<Placemark id="06C81759873E65239C1E">
				<name>Jalurd ODP 16.2.3 - 2 core</name>
				<LookAt>
					<longitude>109.4158868145928</longitude>
					<latitude>-0.1444562116346162</latitude>
					<altitude>1.96863536920707</altitude>
					<heading>7.539548935505362e-15</heading>
					<tilt>0</tilt>
					<gx:fovy>35</gx:fovy>
					<range>963.6129580606942</range>
					<altitudeMode>absolute</altitudeMode>
				</LookAt>
				<styleUrl>#__managed_style_020CFD217C421B397F58</styleUrl>
				<LineString>
					<coordinates>
						109.4144228397691,-0.1437212507257089,0 109.4163509075988,-0.1437927985528379,0 109.4166189227338,-0.144358002267307,0 109.4167672451908,-0.1465293805622873,0 
					</coordinates>
				</LineString>
			</Placemark>
			<Placemark id="04CF7A1F5F3D610CE42C">
				<name>ODP 16.2.3</name>
				<LookAt>
					<longitude>109.4152374560822</longitude>
					<latitude>-0.1451171234405284</latitude>
					<altitude>2.389382589891291</altitude>
					<heading>344.7746973629693</heading>
					<tilt>0</tilt>
					<gx:fovy>35</gx:fovy>
					<range>1303.611189244984</range>
					<altitudeMode>absolute</altitudeMode>
				</LookAt>
				<styleUrl>#__managed_style_025DA63976421B397F56</styleUrl>
				<Point>
					<coordinates>109.4167752890379,-0.1465638167743777,0.8250128142487112</coordinates>
				</Point>
			</Placemark>
			<Placemark id="07E7DDF4EC3EC9AFA10F">
				<name>Jalur ODP 16.2.3 --&gt; ODP 16.2.4</name>
				<description><![CDATA[<div>1 core<br></div>]]></description>
				<LookAt>
					<longitude>109.4154691590647</longitude>
					<latitude>-0.1464509078159693</latitude>
					<altitude>1.242750707151605</altitude>
					<heading>305.9124282746181</heading>
					<tilt>0</tilt>
					<gx:fovy>35</gx:fovy>
					<range>499.627178915689</range>
					<altitudeMode>absolute</altitudeMode>
				</LookAt>
				<styleUrl>#__managed_style_1A96FCEA49421B397F58</styleUrl>
				<LineString>
					<coordinates>
						109.4167584568324,-0.1465171912682005,0 109.4151214913286,-0.1466180657404701,0 109.4142449753264,-0.1471447816059721,0 109.41462322077,-0.1478321929699367,0 
					</coordinates>
				</LineString>
			</Placemark>
			<Placemark id="0A9DA706983EAFC795FE">
				<name>ODP 16.2.4</name>
				<LookAt>
					<longitude>109.4152483388356</longitude>
					<latitude>-0.1472682450392575</latitude>
					<altitude>0.6815475314233455</altitude>
					<heading>0</heading>
					<tilt>0</tilt>
					<gx:fovy>35</gx:fovy>
					<range>1000.01560290475</range>
					<altitudeMode>absolute</altitudeMode>
				</LookAt>
				<styleUrl>#__managed_style_025DA63976421B397F56</styleUrl>
				<Point>
					<coordinates>109.4146307870708,-0.1478363907775318,1.047539028853277</coordinates>
				</Point>
			</Placemark>
			<Placemark id="011F8E1CCA3FE573DE98">
				<name>Jalur ODC 16.2 --&gt; ODP 16.2.5</name>
				<description><![CDATA[<div>1 core</div>]]></description>
				<LookAt>
					<longitude>109.4143944216822</longitude>
					<latitude>-0.1435046855355874</latitude>
					<altitude>2.193166273569152</altitude>
					<heading>0</heading>
					<tilt>0</tilt>
					<gx:fovy>35</gx:fovy>
					<range>641.6278471916304</range>
					<altitudeMode>absolute</altitudeMode>
				</LookAt>
				<styleUrl>#__managed_style_264E725266421B397F5C</styleUrl>
				<LineString>
					<coordinates>
						109.4144240829923,-0.1437142916455229,0 109.4155071173526,-0.1437695181109928,0 
					</coordinates>
				</LineString>
			</Placemark>
			<Placemark id="01B04298CE3F9349575E">
				<name>ODP 16.2.5</name>
				<LookAt>
					<longitude>109.4152625575838</longitude>
					<latitude>-0.1440139792760937</latitude>
					<altitude>1.552307064505278</altitude>
					<heading>0</heading>
					<tilt>0</tilt>
					<gx:fovy>30.00034121952413</gx:fovy>
					<range>1054.109431208926</range>
					<altitudeMode>absolute</altitudeMode>
				</LookAt>
				<styleUrl>#__managed_style_200D331E60421B397F54</styleUrl>
				<Point>
					<coordinates>109.415514479353,-0.1437094595966712,1.04790164992119</coordinates>
				</Point>
			</Placemark>
			<Placemark id="0770E9CF503E63FF7B13">
				<name>Jalur ODP 16.2.6 - 2 core</name>
				<LookAt>
					<longitude>109.4115550184036</longitude>
					<latitude>-0.1429727558960771</latitude>
					<altitude>2.441835242918573</altitude>
					<heading>0</heading>
					<tilt>0</tilt>
					<gx:fovy>35</gx:fovy>
					<range>859.9338080798043</range>
					<altitudeMode>absolute</altitudeMode>
				</LookAt>
				<styleUrl>#__managed_style_020CFD217C421B397F58</styleUrl>
				<LineString>
					<coordinates>
						109.4144355297011,-0.1437353979547435,0 109.4104287551072,-0.1436288552922261,0 109.4103865087975,-0.142943543221968,0 109.4093290014225,-0.1438466904093305,0 109.4094192980654,-0.1441070213868836,0 
					</coordinates>
				</LineString>
			</Placemark>
			<Placemark id="078758061B3CB6E0E3CB">
				<name>ODP 16.2.6</name>
				<LookAt>
					<longitude>109.4095345626535</longitude>
					<latitude>-0.1442213380279681</latitude>
					<altitude>1.658065542179634</altitude>
					<heading>0</heading>
					<tilt>0</tilt>
					<gx:fovy>35</gx:fovy>
					<range>481.8691976142145</range>
					<altitudeMode>absolute</altitudeMode>
				</LookAt>
				<styleUrl>#__managed_style_532102DD13421B397F58</styleUrl>
				<Point>
					<coordinates>109.4094198783823,-0.1441081435597811,1.337776441233953</coordinates>
				</Point>
			</Placemark>
			<Placemark id="0D90CA828C3E63FCD09C">
				<name>Jalur ODP 16.2.7 - 2 core</name>
				<LookAt>
					<longitude>109.4126719650953</longitude>
					<latitude>-0.1421411488968563</latitude>
					<altitude>1.060890749220793</altitude>
					<heading>0</heading>
					<tilt>0</tilt>
					<gx:fovy>35</gx:fovy>
					<range>861.3149148704542</range>
					<altitudeMode>absolute</altitudeMode>
				</LookAt>
				<styleUrl>#__managed_style_020CFD217C421B397F58</styleUrl>
				<LineString>
					<coordinates>
						109.4144310318782,-0.1437274929906424,0 109.4135541227257,-0.1437221192730297,0 109.4137391008769,-0.1426959516337058,0 
					</coordinates>
				</LineString>
			</Placemark>
			<Placemark id="06ABE5892B3CA2A42383">
				<name>ODP 16.2.7</name>
				<LookAt>
					<longitude>109.4138566264047</longitude>
					<latitude>-0.1419847630331761</latitude>
					<altitude>0.8739917599381575</altitude>
					<heading>0</heading>
					<tilt>0</tilt>
					<gx:fovy>35</gx:fovy>
					<range>465.1501753816411</range>
					<altitudeMode>absolute</altitudeMode>
				</LookAt>
				<styleUrl>#__managed_style_025DA63976421B397F56</styleUrl>
				<Point>
					<coordinates>109.4137449327955,-0.1427071426280769,1.524955975099074</coordinates>
				</Point>
			</Placemark>
			<Placemark id="0751ED585B3E63FDB397">
				<name>Jalur ODP 16.2.7 --&gt; ODP 16.2</name>
				<description><![CDATA[<div>2 core</div>]]></description>
				<LookAt>
					<longitude>109.4126719651799</longitude>
					<latitude>-0.1421411488968562</latitude>
					<altitude>1.060966207981013</altitude>
					<heading>0</heading>
					<tilt>0</tilt>
					<gx:fovy>35</gx:fovy>
					<range>861.3148221600568</range>
					<altitudeMode>absolute</altitudeMode>
				</LookAt>
				<styleUrl>#__managed_style_13C4CC0AEA421B397F5C</styleUrl>
				<LineString>
					<coordinates>
						109.413739202146,-0.1426800753185243,0 109.4122097388935,-0.1426325949128905,0 
					</coordinates>
				</LineString>
			</Placemark>
			<Placemark id="0EB20CB5A03CA2A44AD3">
				<name>Spare ODP 16.2</name>
				<LookAt>
					<longitude>109.4126523686839</longitude>
					<latitude>-0.1423642599612731</latitude>
					<altitude>1.962503886946751</altitude>
					<heading>0</heading>
					<tilt>0</tilt>
					<gx:fovy>35</gx:fovy>
					<range>499.6740440215945</range>
					<altitudeMode>absolute</altitudeMode>
				</LookAt>
				<styleUrl>#__managed_style_15F85116AC421B397F5E</styleUrl>
				<Point>
					<coordinates>109.4122164609525,-0.142654864274741,1.327714392350177</coordinates>
				</Point>
			</Placemark>
		</Folder>
	</Folder>
	<Folder id="0E13B703CA3BA6137950">
		<name>ODC 17 - GPON</name>
		<styleUrl>#__managed_style_1D85365285421B397F54</styleUrl>
		<Folder id="0E4E1575933E6581619B">
			<name>ODC 17.1.1</name>
			<styleUrl>#__managed_style_1D85365285421B397F54</styleUrl>
			<Placemark id="0BD05C664F3BA615F2CC">
				<name>Jalur ODC 17 - 2 Core</name>
				<LookAt>
					<longitude>109.4137182585742</longitude>
					<latitude>-0.1496117477292313</latitude>
					<altitude>2.065348551070345</altitude>
					<heading>0</heading>
					<tilt>0</tilt>
					<gx:fovy>35</gx:fovy>
					<range>1777.883928669035</range>
					<altitudeMode>absolute</altitudeMode>
				</LookAt>
				<styleUrl>#__managed_style_020CFD217C421B397F58</styleUrl>
				<LineString>
					<coordinates>
						109.4082897099786,-0.116620716433457,0 109.4087574646075,-0.1165569315944073,0 109.4093556891624,-0.1219693081696542,0 109.4098555597832,-0.1270544456853079,0 109.4103555535976,-0.12897995178615,0 109.410228172799,-0.1341508862729961,0 109.4104464846884,-0.1429638537594526,0 109.4106261684062,-0.1456432013030284,0 109.4113503969931,-0.1470498868900073,0 109.412393115471,-0.1489195383904564,0 109.4131621751698,-0.1497567869740047,0 109.4138619856142,-0.15043144959464,0 109.4133017014392,-0.151032256547684,0 
					</coordinates>
				</LineString>
			</Placemark>
			<Placemark id="01C435311B3BA6147E09">
				<name>ODC 17</name>
				<LookAt>
					<longitude>109.4139284122132</longitude>
					<latitude>-0.1504315990559957</latitude>
					<altitude>3.006388395177149</altitude>
					<heading>0</heading>
					<tilt>0</tilt>
					<gx:fovy>35</gx:fovy>
					<range>624.7699911388918</range>
					<altitudeMode>absolute</altitudeMode>
				</LookAt>
				<styleUrl>#__managed_style_2F79F894A3421B397F57</styleUrl>
				<Point>
					<coordinates>109.4132792964128,-0.1511122578777956,1.047899484094492</coordinates>
				</Point>
			</Placemark>
			<Placemark id="068A4A618B3BA61B1E19">
				<name>Jalur ODP 17.1.1 - 4 core</name>
				<LookAt>
					<longitude>109.4140387911716</longitude>
					<latitude>-0.1525219982377483</latitude>
					<altitude>0.403546987544301</altitude>
					<heading>0</heading>
					<tilt>0</tilt>
					<gx:fovy>35</gx:fovy>
					<range>1463.141307692713</range>
					<altitudeMode>absolute</altitudeMode>
				</LookAt>
				<styleUrl>#__managed_style_25651007F6421B397F61</styleUrl>
				<LineString>
					<coordinates>
						109.4132685792983,-0.1509772025936656,0 109.4121917061768,-0.1523968328685756,0 109.4122716708955,-0.1524845674313509,0 
					</coordinates>
				</LineString>
			</Placemark>
			<Placemark id="0760550A403BA61ABFA0">
				<name>ODP 17.1.1</name>
				<LookAt>
					<longitude>109.4138813527634</longitude>
					<latitude>-0.1524957585174821</latitude>
					<altitude>0.4037720934707001</altitude>
					<heading>0</heading>
					<tilt>0</tilt>
					<gx:fovy>35</gx:fovy>
					<range>1463.141029561521</range>
					<altitudeMode>absolute</altitudeMode>
				</LookAt>
				<styleUrl>#__managed_style_532102DD13421B397F58</styleUrl>
				<Point>
					<coordinates>109.4122889086983,-0.1524916795931907,2.235080825892213</coordinates>
				</Point>
			</Placemark>
			<Placemark id="07F3EFB1C83BBAD846D8">
				<name>Jalur ODP 17.1.2 - 2 Core</name>
				<LookAt>
					<longitude>109.4117478486412</longitude>
					<latitude>-0.1503967207249035</latitude>
					<altitude>1.717350324526006</altitude>
					<heading>0</heading>
					<tilt>0</tilt>
					<gx:fovy>35</gx:fovy>
					<range>989.0923711680807</range>
					<altitudeMode>absolute</altitudeMode>
				</LookAt>
				<styleUrl>#__managed_style_020CFD217C421B397F58</styleUrl>
				<LineString>
					<coordinates>
						109.4122996384519,-0.152464569736785,0 109.4113335388432,-0.1516307699228442,0 
					</coordinates>
				</LineString>
			</Placemark>
			<Placemark id="0F9CB7DF683BBAD74F7C">
				<name>ODP 17.1.2</name>
				<LookAt>
					<longitude>109.4114835727577</longitude>
					<latitude>-0.1501221960469415</latitude>
					<altitude>1.048001477414722</altitude>
					<heading>0</heading>
					<tilt>0</tilt>
					<gx:fovy>35</gx:fovy>
					<range>989.7617402375909</range>
					<altitudeMode>absolute</altitudeMode>
				</LookAt>
				<styleUrl>#__managed_style_532102DD13421B397F58</styleUrl>
				<Point>
					<coordinates>109.411388840737,-0.1517237624655093,1.076230582495892</coordinates>
				</Point>
			</Placemark>
			<Placemark id="02E30567483BBAD8D2B0">
				<name>Jalur ODP 17.1.3 - 1 Core</name>
				<LookAt>
					<longitude>109.411759582622</longitude>
					<latitude>-0.1501677508956072</latitude>
					<altitude>1.521569748203548</altitude>
					<heading>0</heading>
					<tilt>0</tilt>
					<gx:fovy>35</gx:fovy>
					<range>989.2879901066774</range>
					<altitudeMode>absolute</altitudeMode>
				</LookAt>
				<styleUrl>#__managed_style_6663787490421B397F54</styleUrl>
				<LineString>
					<coordinates>
						109.4113924971521,-0.1517041755834951,0 109.4097114656217,-0.1503246149167434,0 109.4108186440004,-0.1491587608043732,0 
					</coordinates>
				</LineString>
			</Placemark>
			<Placemark id="0D2FA5218E3BBAD7BC90">
				<name>ODP 17.1.3</name>
				<LookAt>
					<longitude>109.411335604649</longitude>
					<latitude>-0.1496723755757396</latitude>
					<altitude>1.089513870661782</altitude>
					<heading>0</heading>
					<tilt>0</tilt>
					<gx:fovy>35</gx:fovy>
					<range>989.7202986899356</range>
					<altitudeMode>absolute</altitudeMode>
				</LookAt>
				<styleUrl>#__managed_style_532102DD13421B397F58</styleUrl>
				<Point>
					<coordinates>109.4108571530232,-0.1492105654163662,1.507420153407486</coordinates>
				</Point>
			</Placemark>
			<Placemark id="0E2447ED9B3E659CD658">
				<name>Jalur ODP 17.1.4 - 4 core</name>
				<LookAt>
					<longitude>109.4174484559386</longitude>
					<latitude>-0.1484570218539769</latitude>
					<altitude>1.125835258294225</altitude>
					<heading>0</heading>
					<tilt>0</tilt>
					<gx:fovy>34.99999051322069</gx:fovy>
					<range>1650.636868555157</range>
					<altitudeMode>absolute</altitudeMode>
				</LookAt>
				<styleUrl>#__managed_style_25651007F6421B397F61</styleUrl>
				<LineString>
					<coordinates>
						109.4133071283897,-0.1510975997598999,0 109.4138838940066,-0.1503615942946954,0 109.4171148112076,-0.1519266657003954,0 109.4175166706614,-0.150923233600638,0 109.4174894628174,-0.1489149799706312,0 
					</coordinates>
				</LineString>
			</Placemark>
			<Placemark id="0A221F5D633C60FA8E81">
				<name>ODP 17.1.4</name>
				<LookAt>
					<longitude>109.41448672539</longitude>
					<latitude>-0.1496557104194914</latitude>
					<altitude>0.4037383258134297</altitude>
					<heading>-52.03465792249075</heading>
					<tilt>0.879323479108697</tilt>
					<gx:fovy>35</gx:fovy>
					<range>1591.650805288518</range>
					<altitudeMode>absolute</altitudeMode>
				</LookAt>
				<styleUrl>#__managed_style_025DA63976421B397F56</styleUrl>
				<Point>
					<coordinates>109.4174844712538,-0.1489195047170369,1.05108466398893</coordinates>
				</Point>
			</Placemark>
			<Placemark id="0DAE3BB5E13E67E58D23">
				<name>Jalur ODP 17.1.5 - 1 core</name>
				<LookAt>
					<longitude>109.4158828081926</longitude>
					<latitude>-0.1496355932249738</latitude>
					<altitude>1.270750620801802</altitude>
					<heading>0</heading>
					<tilt>0</tilt>
					<gx:fovy>34.99999999583801</gx:fovy>
					<range>2173.688163777406</range>
					<altitudeMode>absolute</altitudeMode>
				</LookAt>
				<styleUrl>#__managed_style_6663787490421B397F54</styleUrl>
				<LineString>
					<coordinates>
						109.4132793045392,-0.1510618295237397,0 109.4138902177261,-0.1503398144548265,0 109.4151609519533,-0.1509577304478091,0 
					</coordinates>
				</LineString>
			</Placemark>
			<Placemark id="08D2BD96D93D860FCB04">
				<name>ODP 17.1.5</name>
				<LookAt>
					<longitude>109.414715222937</longitude>
					<latitude>-0.1498914735375338</latitude>
					<altitude>2.280436473663581</altitude>
					<heading>0</heading>
					<tilt>0</tilt>
					<gx:fovy>35</gx:fovy>
					<range>737.271138053693</range>
					<altitudeMode>absolute</altitudeMode>
				</LookAt>
				<styleUrl>#__managed_style_532102DD13421B397F58</styleUrl>
				<Point>
					<coordinates>109.4151555703957,-0.1509549109285535,1.797247027749698</coordinates>
				</Point>
			</Placemark>
			<Placemark id="014EB8DFA63E6597DE33">
				<name>Jalur ODP 17.1.7 - 2 core</name>
				<LookAt>
					<longitude>109.4129538904482</longitude>
					<latitude>-0.1486945508536796</latitude>
					<altitude>1.518721742681632</altitude>
					<heading>0</heading>
					<tilt>0</tilt>
					<gx:fovy>34.99999051322069</gx:fovy>
					<range>2206.079878697055</range>
					<altitudeMode>absolute</altitudeMode>
				</LookAt>
				<styleUrl>#__managed_style_020CFD217C421B397F58</styleUrl>
				<LineString>
					<coordinates>
						109.4092292963156,-0.1462255775475498,0 109.4094960217859,-0.1460575260132402,0 109.4106601227828,-0.1459164931215814,0 109.4119651335136,-0.1483158792899968,0 109.4124840556109,-0.149101272409673,0 109.4138720505307,-0.1503486349336884,0 109.4132696126182,-0.1510238743597344,0 
					</coordinates>
				</LineString>
			</Placemark>
			<Placemark id="0E65E541393FAC33B58F">
				<name>ODP.17.1.6</name>
				<LookAt>
					<longitude>109.4163709094216</longitude>
					<latitude>-0.1501820239778723</latitude>
					<altitude>1.120366057828113</altitude>
					<heading>0</heading>
					<tilt>0</tilt>
					<gx:fovy>35</gx:fovy>
					<range>981.1038870623449</range>
					<altitudeMode>absolute</altitudeMode>
				</LookAt>
				<styleUrl>#__managed_style_200D331E60421B397F54</styleUrl>
				<Point>
					<coordinates>109.4174450348713,-0.1494627119756544,1.46682937529903</coordinates>
				</Point>
			</Placemark>
			<Placemark id="09492FD0F03FE5229603">
				<name>Jalur ODP 17.1.4 --&gt; ODP 17.1.6</name>
				<description><![CDATA[<div>1 core</div>]]></description>
				<LookAt>
					<longitude>109.4174668490672</longitude>
					<latitude>-0.1494005786605816</latitude>
					<altitude>1.587586782862784</altitude>
					<heading>0</heading>
					<tilt>0</tilt>
					<gx:fovy>35</gx:fovy>
					<range>386.7244800919798</range>
					<altitudeMode>absolute</altitudeMode>
				</LookAt>
				<styleUrl>#__managed_style_264E725266421B397F5C</styleUrl>
				<LineString>
					<coordinates>
						109.4174847002442,-0.14890313123129,0 109.4175013359542,-0.1494505249274254,0 109.4174323624743,-0.1494505246531605,0 
					</coordinates>
				</LineString>
			</Placemark>
			<Placemark id="04B9FCEBA23CC68BC35B">
				<name>ODP 17.1.7</name>
				<LookAt>
					<longitude>109.4096772480732</longitude>
					<latitude>-0.1468498289248921</latitude>
					<altitude>1.160874643449972</altitude>
					<heading>0</heading>
					<tilt>0</tilt>
					<gx:fovy>35</gx:fovy>
					<range>625.0061708763679</range>
					<altitudeMode>absolute</altitudeMode>
				</LookAt>
				<styleUrl>#__managed_style_025DA63976421B397F56</styleUrl>
				<Point>
					<coordinates>109.4092413275615,-0.1462769617260214,1.028699056949667</coordinates>
				</Point>
			</Placemark>
			<Placemark id="0D232E4F1B3CC68C7554">
				<name>Jalur ODP 17.1.7 --&gt; ODP 17.1.8</name>
				<description><![CDATA[<div>1 core<br></div>]]></description>
				<LookAt>
					<longitude>109.4097196984231</longitude>
					<latitude>-0.1463828758484278</latitude>
					<altitude>1.770513201781716</altitude>
					<heading>0</heading>
					<tilt>0</tilt>
					<gx:fovy>35</gx:fovy>
					<range>624.3965536580072</range>
					<altitudeMode>absolute</altitudeMode>
				</LookAt>
				<styleUrl>#__managed_style_4AFA8EA45F421B397F58</styleUrl>
				<LineString>
					<coordinates>
						109.409257466527,-0.1462535348345154,0 109.4090561724072,-0.1463882154889893,0 109.4088202272369,-0.1465432779409524,0 
					</coordinates>
				</LineString>
			</Placemark>
			<Placemark id="0F1924A3903CC68B9906">
				<name>ODP 17.1.8</name>
				<LookAt>
					<longitude>109.4096772480732</longitude>
					<latitude>-0.1468498289248921</latitude>
					<altitude>1.160874643449972</altitude>
					<heading>0</heading>
					<tilt>0</tilt>
					<gx:fovy>35</gx:fovy>
					<range>625.0061708763679</range>
					<altitudeMode>absolute</altitudeMode>
				</LookAt>
				<styleUrl>#__managed_style_025DA63976421B397F56</styleUrl>
				<Point>
					<coordinates>109.4088237130384,-0.1465787928222253,1.690665651931276</coordinates>
				</Point>
			</Placemark>
		</Folder>
	</Folder>
	<Folder id="0A417AC8393BA618BB11">
		<name>ODC 18 - GPON</name>
		<open>1</open>
		<styleUrl>#__managed_style_1D85365285421B397F54</styleUrl>
		<Folder id="0FDBB147843E65822348">
			<name>ODC 18.1</name>
			<styleUrl>#__managed_style_1D85365285421B397F54</styleUrl>
			<Placemark id="0B3D5277BE3BA6186324">
				<name>Jalur ODC 18 - 1 Core</name>
				<LookAt>
					<longitude>109.4154639457495</longitude>
					<latitude>-0.1512255236356549</latitude>
					<altitude>2.013023564402427</altitude>
					<heading>0</heading>
					<tilt>0</tilt>
					<gx:fovy>35</gx:fovy>
					<range>1066.368341641501</range>
					<altitudeMode>absolute</altitudeMode>
				</LookAt>
				<styleUrl>#__managed_style_6663787490421B397F54</styleUrl>
				<LineString>
					<coordinates>
						109.413279131808,-0.1510242913596852,0 109.4138830358373,-0.1503171409088382,0 109.4174280822972,-0.1520312147096101,0 109.413706607463,-0.1576417720687525,0 
					</coordinates>
				</LineString>
			</Placemark>
			<Placemark id="06DCBCE0FB3BA617EF4E">
				<name>ODC 18.1</name>
				<LookAt>
					<longitude>109.4167202762402</longitude>
					<latitude>-0.151750714719032</latitude>
					<altitude>1.696555655124632</altitude>
					<heading>0</heading>
					<tilt>0</tilt>
					<gx:fovy>35</gx:fovy>
					<range>796.8009941565106</range>
					<altitudeMode>absolute</altitudeMode>
				</LookAt>
				<styleUrl>#__managed_style_2F79F894A3421B397F57</styleUrl>
				<Point>
					<coordinates>109.4137012662852,-0.157648897435744,1.970445478321328</coordinates>
				</Point>
			</Placemark>
			<Placemark id="04D7D6D68A3C27532830">
				<name>Jalur ODP 18.1.1 - 1 Core</name>
				<LookAt>
					<longitude>109.4144787963349</longitude>
					<latitude>-0.1579604494818538</latitude>
					<altitude>1.652770585371404</altitude>
					<heading>0</heading>
					<tilt>0</tilt>
					<gx:fovy>34.90852069097269</gx:fovy>
					<range>162.1230428433046</range>
					<altitudeMode>absolute</altitudeMode>
				</LookAt>
				<styleUrl>#__managed_style_6663787490421B397F54</styleUrl>
				<LineString>
					<coordinates>
						109.4137045722013,-0.1576363241742238,0 109.4138413114434,-0.1574561936067582,0 109.4147475124092,-0.158031494627055,0 
					</coordinates>
				</LineString>
			</Placemark>
			<Placemark id="0910667D303C273A8FD3">
				<name>ODP 18.1.1</name>
				<LookAt>
					<longitude>109.4143964130287</longitude>
					<latitude>-0.1577434441363077</latitude>
					<altitude>1.866670723900574</altitude>
					<heading>0</heading>
					<tilt>0</tilt>
					<gx:fovy>34.90852069097269</gx:fovy>
					<range>556.0745070140547</range>
					<altitudeMode>absolute</altitudeMode>
				</LookAt>
				<styleUrl>#__managed_style_532102DD13421B397F58</styleUrl>
				<Point>
					<coordinates>109.4147579664723,-0.1580303640033404,1.913802322685971</coordinates>
				</Point>
			</Placemark>
			<Placemark id="0747066BA03F548E4B3C">
				<name>Jalur ODP 18.1.1 -&gt; Sub ODP 18.1.1</name>
				<LookAt>
					<longitude>109.4166276051444</longitude>
					<latitude>-0.1598009643133806</latitude>
					<altitude>1.968621498579524</altitude>
					<heading>0</heading>
					<tilt>0</tilt>
					<gx:fovy>30.00016687501745</gx:fovy>
					<range>1537.306009938475</range>
					<altitudeMode>absolute</altitudeMode>
				</LookAt>
				<styleUrl>#__managed_style_6D44E1F1B3421B397F64</styleUrl>
				<LineString>
					<coordinates>
						109.414724887556,-0.1580312825028463,0 109.4177400989635,-0.1598775489702298,0 109.4177481208161,-0.1611350981519548,0 109.4177075211236,-0.1614329206356049,0 
					</coordinates>
				</LineString>
			</Placemark>
			<Placemark id="013E12790A3F548D2FE6">
				<name>SUB ODP 18.1.1</name>
				<LookAt>
					<longitude>109.4175644276167</longitude>
					<latitude>-0.160463219254868</latitude>
					<altitude>3.027512130186425</altitude>
					<heading>0</heading>
					<tilt>0</tilt>
					<gx:fovy>30.00016687501745</gx:fovy>
					<range>922.7591016147928</range>
					<altitudeMode>absolute</altitudeMode>
				</LookAt>
				<styleUrl>#__managed_style_05D850A503421B397F64</styleUrl>
				<Point>
					<coordinates>109.4177144960882,-0.1614773885662808,2.700115615001915</coordinates>
				</Point>
			</Placemark>
			<Placemark id="0A491561A73C273B8639">
				<name>ODP 18.1.2</name>
				<LookAt>
					<longitude>109.4137541374634</longitude>
					<latitude>-0.1579127114507736</latitude>
					<altitude>1.130235222232061</altitude>
					<heading>0</heading>
					<tilt>0</tilt>
					<gx:fovy>34.90852069097269</gx:fovy>
					<range>789.0275981728337</range>
					<altitudeMode>absolute</altitudeMode>
				</LookAt>
				<styleUrl>#__managed_style_025DA63976421B397F56</styleUrl>
				<Point>
					<coordinates>109.4137075773837,-0.1576616817745282,1.65860104601367</coordinates>
				</Point>
			</Placemark>
			<Placemark id="0EBF097D0C3E67EB4094">
				<name>Jalur Spare ODP 18.1 --&gt; ODP 18.1.3</name>
				<description><![CDATA[<div>1 core</div>]]></description>
				<LookAt>
					<longitude>109.4142335695497</longitude>
					<latitude>-0.1558118185647553</latitude>
					<altitude>1.692097585918479</altitude>
					<heading>0</heading>
					<tilt>0</tilt>
					<gx:fovy>35</gx:fovy>
					<range>653.2658760925552</range>
					<altitudeMode>absolute</altitudeMode>
				</LookAt>
				<styleUrl>#__managed_style_1A96FCEA49421B397F58</styleUrl>
				<LineString>
					<coordinates>
						109.4146247891598,-0.1563946124668195,0 109.4129393140787,-0.1556082057689346,0 
					</coordinates>
				</LineString>
			</Placemark>
			<Placemark id="000154DF513C5F723543">
				<name>ODP 18.1.3</name>
				<LookAt>
					<longitude>109.4132174975198</longitude>
					<latitude>-0.1554984188652142</latitude>
					<altitude>1.337606622596261</altitude>
					<heading>271.9153752360197</heading>
					<tilt>0</tilt>
					<gx:fovy>35.00006966627683</gx:fovy>
					<range>538.2732299569763</range>
					<altitudeMode>absolute</altitudeMode>
				</LookAt>
				<styleUrl>#__managed_style_025DA63976421B397F56</styleUrl>
				<Point>
					<coordinates>109.4129408192777,-0.1556047815136038,1.583434337125924</coordinates>
				</Point>
			</Placemark>
			<Placemark id="0211CE61993C7E86BA30">
				<name>Jalur Spare ODP 18.1 --&gt; ODP 18.1.4</name>
				<description><![CDATA[<div>1 core</div>]]></description>
				<LookAt>
					<longitude>109.4146280838281</longitude>
					<latitude>-0.1561098469182972</latitude>
					<altitude>1.580592860206367</altitude>
					<heading>0</heading>
					<tilt>0</tilt>
					<gx:fovy>35</gx:fovy>
					<range>428.5629904914822</range>
					<altitudeMode>absolute</altitudeMode>
				</LookAt>
				<styleUrl>#__managed_style_1EF83D37FE421B397F5B</styleUrl>
				<LineString>
					<coordinates>
						109.4141482719168,-0.1557446058915476,0 109.4147731119376,-0.1560712864908392,0 109.4146134707604,-0.156358268017586,0 
					</coordinates>
				</LineString>
			</Placemark>
			<Placemark id="04A076C7263C7E79EDA1">
				<name>ODP.18.1.4</name>
				<LookAt>
					<longitude>109.4135536709282</longitude>
					<latitude>-0.1557198869589074</latitude>
					<altitude>2.006820856009897</altitude>
					<heading>43.44530509249066</heading>
					<tilt>0</tilt>
					<gx:fovy>35</gx:fovy>
					<range>498.9916027860454</range>
					<altitudeMode>absolute</altitudeMode>
				</LookAt>
				<styleUrl>#__managed_style_025DA63976421B397F56</styleUrl>
				<Point>
					<coordinates>109.4141507205729,-0.1557527262780964,1.646842720528312</coordinates>
				</Point>
			</Placemark>
			<Placemark id="0CBBB907323E67EA6BD3">
				<name>Jalur Spare ODP 18.1 -- ODP 18.1.5</name>
				<description><![CDATA[<div>1 core</div>]]></description>
				<LookAt>
					<longitude>109.4157425692109</longitude>
					<latitude>-0.1536677413803736</latitude>
					<altitude>1.083049559828821</altitude>
					<heading>0</heading>
					<tilt>0</tilt>
					<gx:fovy>35</gx:fovy>
					<range>653.8749370485311</range>
					<altitudeMode>absolute</altitudeMode>
				</LookAt>
				<styleUrl>#__managed_style_1A96FCEA49421B397F58</styleUrl>
				<LineString>
					<coordinates>
						109.4160372383153,-0.1541702915965824,0 109.4154725294684,-0.153871277638648,0 
					</coordinates>
				</LineString>
			</Placemark>
			<Placemark id="02FCE5C2A83CEFACE027">
				<name>ODP 18.1.5</name>
				<LookAt>
					<longitude>109.4152434665348</longitude>
					<latitude>-0.1534904874472812</latitude>
					<altitude>0.8102720520334317</altitude>
					<heading>278.7602101361161</heading>
					<tilt>0</tilt>
					<gx:fovy>35</gx:fovy>
					<range>634.0793666321406</range>
					<altitudeMode>absolute</altitudeMode>
				</LookAt>
				<styleUrl>#__managed_style_025DA63976421B397F56</styleUrl>
				<Point>
					<coordinates>109.4154729245179,-0.1538692491375226,1.827566302717858</coordinates>
				</Point>
			</Placemark>
			<Placemark id="05FF24D37C3E67E9E334">
				<name>Jalur ODP 18.1.6 - 4 core</name>
				<LookAt>
					<longitude>109.4155776301537</longitude>
					<latitude>-0.1544404601839542</latitude>
					<altitude>1.423174304660375</altitude>
					<heading>0</heading>
					<tilt>0</tilt>
					<gx:fovy>35</gx:fovy>
					<range>653.5348753107247</range>
					<altitudeMode>absolute</altitudeMode>
				</LookAt>
				<styleUrl>#__managed_style_25651007F6421B397F61</styleUrl>
				<LineString>
					<coordinates>
						109.4137094541693,-0.1576581718857468,0 109.4163772161955,-0.1535944365973402,0 
					</coordinates>
				</LineString>
			</Placemark>
			<Placemark id="01D889A0A63C5F70A30C">
				<name>Spare ODP 18.1</name>
				<LookAt>
					<longitude>109.4146121517183</longitude>
					<latitude>-0.1562337924154092</latitude>
					<altitude>1.465897919866166</altitude>
					<heading>0</heading>
					<tilt>0</tilt>
					<gx:fovy>35</gx:fovy>
					<range>1145.392737500224</range>
					<altitudeMode>absolute</altitudeMode>
				</LookAt>
				<styleUrl>#__managed_style_15F85116AC421B397F5E</styleUrl>
				<Point>
					<coordinates>109.4146157173824,-0.1563799839291269,1.292693895579846</coordinates>
				</Point>
			</Placemark>
			<Placemark id="0493ED8A573C5F713298">
				<name>Spare ODP 18.1</name>
				<LookAt>
					<longitude>109.415869169024</longitude>
					<latitude>-0.1540298531931651</latitude>
					<altitude>2.139516481407946</altitude>
					<heading>0</heading>
					<tilt>0</tilt>
					<gx:fovy>35</gx:fovy>
					<range>886.2385291451938</range>
					<altitudeMode>absolute</altitudeMode>
				</LookAt>
				<styleUrl>#__managed_style_15F85116AC421B397F5E</styleUrl>
				<Point>
					<coordinates>109.416026573984,-0.1542038263946984,1.17395778998975</coordinates>
				</Point>
			</Placemark>
			<Placemark id="004E7938AE3C5F718483">
				<name>ODP 18.1.6</name>
				<LookAt>
					<longitude>109.4168051365675</longitude>
					<latitude>-0.1533790967708291</latitude>
					<altitude>2.280819280349491</altitude>
					<heading>0</heading>
					<tilt>0</tilt>
					<gx:fovy>35</gx:fovy>
					<range>886.0974239202915</range>
					<altitudeMode>absolute</altitudeMode>
				</LookAt>
				<styleUrl>#__managed_style_025DA63976421B397F56</styleUrl>
				<Point>
					<coordinates>109.4163769929923,-0.1535973110985167,0.9407329389660624</coordinates>
				</Point>
			</Placemark>
		</Folder>
		<Folder id="048596A68F3E65B151C0">
			<name>ODC 18.2</name>
			<styleUrl>#__managed_style_1D85365285421B397F54</styleUrl>
			<Placemark id="02D49C036D3E6809C220">
				<name>Jalur ODC 18.1 --&gt; 18.2</name>
				<description><![CDATA[<div>1 core<br></div>]]></description>
				<LookAt>
					<longitude>109.4204747280225</longitude>
					<latitude>-0.1566018530303903</latitude>
					<altitude>1.047829016213822</altitude>
					<heading>0</heading>
					<tilt>0</tilt>
					<gx:fovy>35</gx:fovy>
					<range>1213.339724231337</range>
					<altitudeMode>absolute</altitudeMode>
				</LookAt>
				<styleUrl>#__managed_style_1A96FCEA49421B397F58</styleUrl>
				<LineString>
					<coordinates>
						109.4137074125605,-0.1576492735500988,0 109.4138493585368,-0.1574472336066478,0 109.4177638398016,-0.1598934616815835,0 109.4177488126393,-0.1580752240174742,0 109.4218019162255,-0.1573223102170604,0 
					</coordinates>
				</LineString>
			</Placemark>
			<Placemark id="0969980DB53BEA7EBDE9">
				<name>ODC 18.2</name>
				<LookAt>
					<longitude>109.4230647168814</longitude>
					<latitude>-0.1581779631391055</latitude>
					<altitude>1.719498420020966</altitude>
					<heading>2.864788909316197</heading>
					<tilt>0</tilt>
					<gx:fovy>35</gx:fovy>
					<range>3208.986469925148</range>
					<altitudeMode>absolute</altitudeMode>
				</LookAt>
				<styleUrl>#__managed_style_27EB8D6286421B397F67</styleUrl>
				<Point>
					<coordinates>109.4218066443487,-0.1573089178366266,1.640502792655782</coordinates>
				</Point>
			</Placemark>
			<Placemark id="06F0CF2C603E680AFEB9">
				<name>Jalur Spare ODP 18.2 - 4 core</name>
				<LookAt>
					<longitude>109.4246423508211</longitude>
					<latitude>-0.1634475687183021</latitude>
					<altitude>0.6802953370030518</altitude>
					<heading>0</heading>
					<tilt>0</tilt>
					<gx:fovy>35</gx:fovy>
					<range>1692.932649812428</range>
					<altitudeMode>absolute</altitudeMode>
				</LookAt>
				<styleUrl>#__managed_style_25651007F6421B397F61</styleUrl>
				<LineString>
					<coordinates>
						109.4218062734726,-0.1573001944121877,0 109.4244042654467,-0.1567498664930192,0 109.4246759504211,-0.1587130971705064,0 109.4248535341354,-0.1590368994348471,0 109.4256474205703,-0.1623585447042026,0 
					</coordinates>
				</LineString>
			</Placemark>
			<Placemark id="0E8C85C5063C5F6D34AC">
				<name>Spare ODP 18.2</name>
				<LookAt>
					<longitude>109.4247467748976</longitude>
					<latitude>-0.1601191346471305</latitude>
					<altitude>1.047346400424809</altitude>
					<heading>0</heading>
					<tilt>0</tilt>
					<gx:fovy>35</gx:fovy>
					<range>824.9242296676678</range>
					<altitudeMode>absolute</altitudeMode>
				</LookAt>
				<styleUrl>#__managed_style_2031AA090C421B397F64</styleUrl>
				<Point>
					<coordinates>109.4253289765691,-0.1610860471713316,1.972007782060985</coordinates>
				</Point>
			</Placemark>
			<Placemark id="0DD7EED60B3C5F6F5194">
				<name>Spare ODP 18.2</name>
				<LookAt>
					<longitude>109.425127003243</longitude>
					<latitude>-0.1616907431812434</latitude>
					<altitude>1.047817264729576</altitude>
					<heading>0</heading>
					<tilt>0</tilt>
					<gx:fovy>35</gx:fovy>
					<range>770.7677754900214</range>
					<altitudeMode>absolute</altitudeMode>
				</LookAt>
				<styleUrl>#__managed_style_15F85116AC421B397F5E</styleUrl>
				<Point>
					<coordinates>109.4256471996138,-0.1623699636333189,0.814672576172033</coordinates>
				</Point>
			</Placemark>
			<Placemark id="0845EBB79A3E680CDA48">
				<name>Jalur Spare ODP 18.2 --&gt; ODP 18.2.1</name>
				<description><![CDATA[<div>4 core</div>]]></description>
				<LookAt>
					<longitude>109.4252753515563</longitude>
					<latitude>-0.163120450943041</latitude>
					<altitude>1.047932886772476</altitude>
					<heading>0</heading>
					<tilt>0</tilt>
					<gx:fovy>35</gx:fovy>
					<range>1221.602538403095</range>
					<altitudeMode>absolute</altitudeMode>
				</LookAt>
				<styleUrl>#__managed_style_02B20B96B7421B397F5C</styleUrl>
				<LineString>
					<coordinates>
						109.4256222008837,-0.1623325031963896,0 109.4257501094608,-0.1629132159799017,0 109.4252904208376,-0.1634934147039553,0 109.425230139637,-0.1644881029735605,0 
					</coordinates>
				</LineString>
			</Placemark>
			<Placemark id="03EE460B0E3C60E9C131">
				<name>ODP 18.2.1</name>
				<LookAt>
					<longitude>109.4252510858718</longitude>
					<latitude>-0.164452741584503</latitude>
					<altitude>1.339335593136979</altitude>
					<heading>346.8357545914538</heading>
					<tilt>0</tilt>
					<gx:fovy>35</gx:fovy>
					<range>331.1086947258445</range>
					<altitudeMode>absolute</altitudeMode>
				</LookAt>
				<styleUrl>#__managed_style_025DA63976421B397F56</styleUrl>
				<Point>
					<coordinates>109.4252702989126,-0.1645196510265986,1.405289524575106</coordinates>
				</Point>
			</Placemark>
			<Placemark id="08F8EB66BD3E680DF52C">
				<name>Jalur Spare ODP 18.2 - 2 core</name>
				<LookAt>
					<longitude>109.4192475589869</longitude>
					<latitude>-0.1560007917180039</latitude>
					<altitude>2.8222041048539</altitude>
					<heading>356.9709342998968</heading>
					<tilt>0</tilt>
					<gx:fovy>35</gx:fovy>
					<range>1499.989611417259</range>
					<altitudeMode>absolute</altitudeMode>
				</LookAt>
				<styleUrl>#__managed_style_020CFD217C421B397F58</styleUrl>
				<LineString>
					<coordinates>
						109.4218063028488,-0.1573090411654614,0 109.4176977440998,-0.1581805067180621,0 109.4176204101261,-0.1574139404484014,0 
					</coordinates>
				</LineString>
			</Placemark>
			<Placemark id="0627E3DCB53CA293EB10">
				<name>Spare ODP 18.2</name>
				<LookAt>
					<longitude>109.4197459077698</longitude>
					<latitude>-0.1553205756106806</latitude>
					<altitude>1.047976252819129</altitude>
					<heading>0</heading>
					<tilt>0</tilt>
					<gx:fovy>35</gx:fovy>
					<range>1289.929266922118</range>
					<altitudeMode>absolute</altitudeMode>
				</LookAt>
				<styleUrl>#__managed_style_15F85116AC421B397F5E</styleUrl>
				<Point>
					<coordinates>109.4176247337596,-0.1574973050071725,1.441459931027931</coordinates>
				</Point>
			</Placemark>
			<Placemark id="05D86F4C833E680EB86C">
				<name>Jalur Spare ODP 18.2 --&gt; ODP 18.2.2</name>
				<description><![CDATA[<div>2 core</div>]]></description>
				<LookAt>
					<longitude>109.4189570263225</longitude>
					<latitude>-0.1545221073328523</latitude>
					<altitude>0.6222580722493687</altitude>
					<heading>356.9709336397305</heading>
					<tilt>0</tilt>
					<gx:fovy>35</gx:fovy>
					<range>1502.189443727693</range>
					<altitudeMode>absolute</altitudeMode>
				</LookAt>
				<styleUrl>#__managed_style_13C4CC0AEA421B397F5C</styleUrl>
				<LineString>
					<coordinates>
						109.4175430771906,-0.1535718635445073,0 109.4176099107923,-0.1574438803618542,0 
					</coordinates>
				</LineString>
			</Placemark>
			<Placemark id="0427166C373C93DDE0E4">
				<name>ODP 18.2.2</name>
				<LookAt>
					<longitude>109.4191299564914</longitude>
					<latitude>-0.1541155505354035</latitude>
					<altitude>0.4049434845891242</altitude>
					<heading>356.9709386228731</heading>
					<tilt>0</tilt>
					<gx:fovy>35</gx:fovy>
					<range>1502.406942320086</range>
					<altitudeMode>absolute</altitudeMode>
				</LookAt>
				<styleUrl>#__managed_style_025DA63976421B397F56</styleUrl>
				<Point>
					<coordinates>109.4175424561368,-0.1536292428409602,3.051755548283941</coordinates>
				</Point>
			</Placemark>
			<Placemark id="0D3C70CBD63E7027ADB4">
				<name>Jalur Spare ODP 18.2 - ODP 18.2.3</name>
				<description><![CDATA[<div>1 core<br></div>]]></description>
				<LookAt>
					<longitude>109.426340160264</longitude>
					<latitude>-0.1601496228276618</latitude>
					<altitude>0.4833801447619357</altitude>
					<heading>6.032596032595989e-09</heading>
					<tilt>17.75200599665944</tilt>
					<gx:fovy>35</gx:fovy>
					<range>1084.742986151541</range>
					<altitudeMode>absolute</altitudeMode>
				</LookAt>
				<styleUrl>#__managed_style_1A96FCEA49421B397F58</styleUrl>
				<LineString>
					<coordinates>
						109.4289841561041,-0.159032297156899,0 109.429186060182,-0.1589801926896317,0 109.4295430036729,-0.1595850096875423,0 109.428645127007,-0.1597158579576676,0 109.4278578106039,-0.1598204580913671,0 109.427199934944,-0.1599179388480724,0 109.4264508318365,-0.1600483767790458,0 109.4255424165941,-0.1603659163818944,0 109.4251981147984,-0.160484372734723,0 109.4253315985974,-0.1610719691765076,0 
					</coordinates>
				</LineString>
			</Placemark>
			<Placemark id="05F9A9C9D13E7028A5D7">
				<name>ODP 18.2.3</name>
				<LookAt>
					<longitude>109.4284865861583</longitude>
					<latitude>-0.1592826119688687</latitude>
					<altitude>0.5936228909307828</altitude>
					<heading>5.577125171994784e-09</heading>
					<tilt>17.75117647669045</tilt>
					<gx:fovy>35</gx:fovy>
					<range>782.1708298886369</range>
					<altitudeMode>absolute</altitudeMode>
				</LookAt>
				<styleUrl>#__managed_style_025DA63976421B397F56</styleUrl>
				<Point>
					<coordinates>109.4289834081853,-0.1590334200704989,1.04771282123832</coordinates>
				</Point>
			</Placemark>
			<Placemark id="0A5A4DDE973E68C9E2E0">
				<name>Jalur ODP 18.2.4 - 1 core</name>
				<LookAt>
					<longitude>109.4280097453222</longitude>
					<latitude>-0.159608285572459</latitude>
					<altitude>1.260773343308652</altitude>
					<heading>358.4041041094929</heading>
					<tilt>0</tilt>
					<gx:fovy>35</gx:fovy>
					<range>1470.421484362014</range>
					<altitudeMode>absolute</altitudeMode>
				</LookAt>
				<styleUrl>#__managed_style_6663787490421B397F54</styleUrl>
				<LineString>
					<coordinates>
						109.4253542429607,-0.1610298182222079,0 109.4252036517341,-0.1605351288666231,0 109.4263391384278,-0.1600839412127057,0 109.4279751880157,-0.1597917168148904,0 109.4295217139684,-0.159556015108881,0 109.4303011762298,-0.160720058444711,0 109.4297684645294,-0.1608967347937928,0 
					</coordinates>
				</LineString>
			</Placemark>
			<Placemark id="0E610843083CB1F4354E">
				<name>ODP 18.2.4</name>
				<LookAt>
					<longitude>109.4277075143388</longitude>
					<latitude>-0.158837670003351</latitude>
					<altitude>1.630113133837305</altitude>
					<heading>358.4041051562548</heading>
					<tilt>0</tilt>
					<gx:fovy>35</gx:fovy>
					<range>1469.976474454306</range>
					<altitudeMode>absolute</altitudeMode>
				</LookAt>
				<styleUrl>#__managed_style_025DA63976421B397F56</styleUrl>
				<Point>
					<coordinates>109.4297665447254,-0.1609248384546167,2.865313750729301</coordinates>
				</Point>
			</Placemark>
			<Placemark id="0A2DA10ABD4019382EF6">
				<name>Jalur Spare ODP 18.2 --&gt; ODP 18.2.5</name>
				<description><![CDATA[<div>1 core<br></div>]]></description>
				<LookAt>
					<longitude>109.4243736520347</longitude>
					<latitude>-0.1600969596555262</latitude>
					<altitude>1.078495315751302</altitude>
					<heading>0</heading>
					<tilt>0</tilt>
					<gx:fovy>35</gx:fovy>
					<range>1885.059187737352</range>
					<altitudeMode>absolute</altitudeMode>
				</LookAt>
				<styleUrl>#__managed_style_264E725266421B397F5C</styleUrl>
				<LineString>
					<coordinates>
						109.4218531889125,-0.1610042918446358,0 109.4232263684246,-0.1610038113455824,0 109.4251715795018,-0.1603765241696826,0 109.4252992860836,-0.1610284107896424,0 
					</coordinates>
				</LineString>
			</Placemark>
			<Placemark id="0D7940601940193680BB">
				<name>ODP 18.2.5</name>
				<LookAt>
					<longitude>109.4230038492481</longitude>
					<latitude>-0.1573302126061661</latitude>
					<altitude>1.296820557934997</altitude>
					<heading>0</heading>
					<tilt>0</tilt>
					<gx:fovy>35</gx:fovy>
					<range>2372.386570935196</range>
					<altitudeMode>absolute</altitudeMode>
				</LookAt>
				<styleUrl>#__managed_style_025DA63976421B397F56</styleUrl>
				<Point>
					<coordinates>109.4219122316034,-0.1610812599269747,1.839778573313138</coordinates>
				</Point>
			</Placemark>
			<Placemark id="0C2EDF26EF3E680F2A13">
				<name>Jalur Spare ODP 18.2 - 2 core</name>
				<LookAt>
					<longitude>109.4226709280808</longitude>
					<latitude>-0.1552457375471584</latitude>
					<altitude>0.6181675569900946</altitude>
					<heading>356.9709319011542</heading>
					<tilt>0</tilt>
					<gx:fovy>35</gx:fovy>
					<range>1502.193615695578</range>
					<altitudeMode>absolute</altitudeMode>
				</LookAt>
				<styleUrl>#__managed_style_020CFD217C421B397F58</styleUrl>
				<LineString>
					<coordinates>
						109.4217978710936,-0.1573000313114725,0 109.4266055648264,-0.1563223505914902,0 109.4254211540463,-0.155707480131021,0 
					</coordinates>
				</LineString>
			</Placemark>
			<Placemark id="08AF27BB983E680F42D4">
				<name>Spare ODP 18.2</name>
				<LookAt>
					<longitude>109.4226709280808</longitude>
					<latitude>-0.1552457375471584</latitude>
					<altitude>0.6181675569900946</altitude>
					<heading>356.9709318896951</heading>
					<tilt>0</tilt>
					<gx:fovy>35</gx:fovy>
					<range>1502.193615695578</range>
					<altitudeMode>absolute</altitudeMode>
				</LookAt>
				<styleUrl>#__managed_style_15F85116AC421B397F5E</styleUrl>
				<Point>
					<coordinates>109.4254211540463,-0.155707480131021,2.493418710506192</coordinates>
				</Point>
			</Placemark>
			<Placemark id="070649B4B83E680F73E0">
				<name>Jalur Spare ODP 18.2 --&gt; ODP 18.2.6</name>
				<description><![CDATA[<div>1 core</div>]]></description>
				<LookAt>
					<longitude>109.422670928419</longitude>
					<latitude>-0.1552457375471584</latitude>
					<altitude>0.6181675569900946</altitude>
					<heading>356.9709318782361</heading>
					<tilt>0</tilt>
					<gx:fovy>35</gx:fovy>
					<range>1502.193615695578</range>
					<altitudeMode>absolute</altitudeMode>
				</LookAt>
				<styleUrl>#__managed_style_1A96FCEA49421B397F58</styleUrl>
				<LineString>
					<coordinates>
						109.4231218613168,-0.1546513652533632,0 109.4254105591934,-0.1556802516586903,0 
					</coordinates>
				</LineString>
			</Placemark>
			<Placemark id="0BA8F7ED273D60FD9E58">
				<name>ODP 18.2.6</name>
				<LookAt>
					<longitude>109.4221519669724</longitude>
					<latitude>-0.1542025536350679</latitude>
					<altitude>1.305944436049962</altitude>
					<heading>0</heading>
					<tilt>0</tilt>
					<gx:fovy>35</gx:fovy>
					<range>1108.710848939081</range>
					<altitudeMode>absolute</altitudeMode>
				</LookAt>
				<styleUrl>#__managed_style_532102DD13421B397F58</styleUrl>
				<Point>
					<coordinates>109.4231299134031,-0.1546892778800396,1.64573581615713</coordinates>
				</Point>
			</Placemark>
			<Placemark id="00496303B23E71E2D9AB">
				<name>Jalur ODP 18.2.8 - 1 core</name>
				<LookAt>
					<longitude>109.4225434057824</longitude>
					<latitude>-0.1563269003307368</latitude>
					<altitude>0.7281850119136024</altitude>
					<heading>0</heading>
					<tilt>0</tilt>
					<gx:fovy>30</gx:fovy>
					<range>1585.942255276605</range>
					<altitudeMode>absolute</altitudeMode>
				</LookAt>
				<styleUrl>#__managed_style_32286BCFF6421B397F5E</styleUrl>
				<LineString>
					<coordinates>
						109.4218022254742,-0.1573089114120493,0 109.4241308467238,-0.1568463488797885,0 
					</coordinates>
				</LineString>
			</Placemark>
			<Placemark id="09FCB96C4E3E71E1875F">
				<name>ODP 18.2.8</name>
				<LookAt>
					<longitude>109.4237607385367</longitude>
					<latitude>-0.1567972436139074</latitude>
					<altitude>1.528050705204214</altitude>
					<heading>0</heading>
					<tilt>0</tilt>
					<gx:fovy>30</gx:fovy>
					<range>913.5997778997989</range>
					<altitudeMode>absolute</altitudeMode>
				</LookAt>
				<styleUrl>#__managed_style_025DA63976421B397F56</styleUrl>
				<Point>
					<coordinates>109.4241151678602,-0.1568523236897261,1.824183865665392</coordinates>
				</Point>
			</Placemark>
			<Folder id="08F2F187E941BBF657F4">
				<name>Benner</name>
				<open>1</open>
				<styleUrl>#__managed_style_1D85365285421B397F54</styleUrl>
			</Folder>
		</Folder>
	</Folder>
	<Placemark id="02FEDA03363E68119FDE">
		<name>Jalur ODC 19 &amp; 20</name>
		<LookAt>
			<longitude>109.3915315700647</longitude>
			<latitude>-0.1087668628991633</latitude>
			<altitude>1.858609266537903</altitude>
			<heading>0</heading>
			<tilt>0</tilt>
			<gx:fovy>35</gx:fovy>
			<range>1043.061040435714</range>
			<altitudeMode>absolute</altitudeMode>
		</LookAt>
		<styleUrl>#__managed_style_31DA2F59A4421B397F5C</styleUrl>
		<LineString>
			<coordinates>
				109.3965933078555,-0.1016605549228439,0 109.3967605653635,-0.1017763197455229,0 109.3966637094174,-0.1019116620752418,0 109.3982272051038,-0.1032943409798698,0 109.3981882077148,-0.1052816899692145,0 109.3980688345153,-0.1053931160163378,0 109.3980796127622,-0.1056296010984879,0 109.3974114644052,-0.1056175306443762,0 109.397604377026,-0.1090407782008718,0 109.3948452248686,-0.1089439626405617,0 109.3921749997722,-0.1091110777322039,0 109.3899552292187,-0.1093748788779316,0 109.3896785752427,-0.1093813099343349,0 
			</coordinates>
		</LineString>
	</Placemark>
	<Folder id="03283500463AEE217E06">
		<name>ODC 19 - GPON</name>
		<open>1</open>
		<styleUrl>#__managed_style_1D85365285421B397F54</styleUrl>
		<Folder id="0D983C21823E65B208F8">
			<name>ODC 19.1</name>
			<styleUrl>#__managed_style_1D85365285421B397F54</styleUrl>
			<Placemark id="0C540C53103E68121E00">
				<name>Jalur Spare ODC 19 &amp; 20</name>
				<description><![CDATA[<div>1 core</div>]]></description>
				<LookAt>
					<longitude>109.3873896489929</longitude>
					<latitude>-0.1086734443586569</latitude>
					<altitude>2.2155427080282</altitude>
					<heading>0</heading>
					<tilt>0</tilt>
					<gx:fovy>35</gx:fovy>
					<range>1523.791429882986</range>
					<altitudeMode>absolute</altitudeMode>
				</LookAt>
				<styleUrl>#__managed_style_4AFA8EA45F421B397F58</styleUrl>
				<LineString>
					<coordinates>
						109.3897206478302,-0.1093830817477648,0 109.3842312845107,-0.1099471267656204,0 109.3826205725991,-0.1106589909015456,0 
					</coordinates>
				</LineString>
			</Placemark>
			<Placemark id="0F913254DC3AEE1E4606">
				<name>ODC 19.1</name>
				<LookAt>
					<longitude>109.3825621655891</longitude>
					<latitude>-0.1105613842672152</latitude>
					<altitude>4.511499915960124</altitude>
					<heading>0</heading>
					<tilt>0</tilt>
					<gx:fovy>35</gx:fovy>
					<range>81.51915732661109</range>
					<altitudeMode>absolute</altitudeMode>
				</LookAt>
				<styleUrl>#__managed_style_27EB8D6286421B397F67</styleUrl>
				<Point>
					<coordinates>109.3826375922344,-0.1106412360391813,3.388158015078275</coordinates>
				</Point>
			</Placemark>
			<Placemark id="0B5F7F81873E68128B2F">
				<name>ODP 19.1.1 - 1 core</name>
				<LookAt>
					<longitude>109.3840314181551</longitude>
					<latitude>-0.1102240998338315</latitude>
					<altitude>2.877117492086843</altitude>
					<heading>0</heading>
					<tilt>0</tilt>
					<gx:fovy>35</gx:fovy>
					<range>1523.129941197258</range>
					<altitudeMode>absolute</altitudeMode>
				</LookAt>
				<styleUrl>#__managed_style_6663787490421B397F54</styleUrl>
				<LineString>
					<coordinates>
						109.3826233639734,-0.1106418220418508,0 109.3836929244257,-0.1101159697780826,0 109.3835337142715,-0.1098907326611205,0 109.3833365977946,-0.1099377216075812,0 109.3830538546667,-0.1094486301713485,0 
					</coordinates>
				</LineString>
			</Placemark>
			<Placemark id="00E25D6C653B113A9D3C">
				<name>ODP 19.1.1</name>
				<LookAt>
					<longitude>109.3867149060423</longitude>
					<latitude>-0.108740600189389</latitude>
					<altitude>1.639729550085149</altitude>
					<heading>348.1827941738861</heading>
					<tilt>0</tilt>
					<gx:fovy>35</gx:fovy>
					<range>1295.733586774586</range>
					<altitudeMode>absolute</altitudeMode>
				</LookAt>
				<styleUrl>#__managed_style_532102DD13421B397F58</styleUrl>
				<Point>
					<coordinates>109.3830486392695,-0.1094891857314708,1.839102790114617</coordinates>
				</Point>
			</Placemark>
			<Placemark id="06B122044F3FEB0F7FA6">
				<name>Jalur ODC 19 --&gt; ODP 19.2</name>
				<description><![CDATA[<div>1 core</div>]]></description>
				<LookAt>
					<longitude>109.3818400980825</longitude>
					<latitude>-0.1107082741272249</latitude>
					<altitude>4.479646652854649</altitude>
					<heading>0</heading>
					<tilt>0</tilt>
					<gx:fovy>34.99999999528027</gx:fovy>
					<range>354.0114541124058</range>
					<altitudeMode>absolute</altitudeMode>
				</LookAt>
				<styleUrl>#__managed_style_4AFA8EA45F421B397F58</styleUrl>
				<LineString>
					<coordinates>
						109.3804569953948,-0.1122487819754996,0 109.3826406384384,-0.1106405614116227,0 
					</coordinates>
				</LineString>
			</Placemark>
			<Placemark id="0E44F736863FEB0ED284">
				<name>ODP 19.1.2</name>
				<LookAt>
					<longitude>109.3804722</longitude>
					<latitude>-0.1123056</latitude>
					<altitude>0</altitude>
					<heading>0</heading>
					<tilt>0</tilt>
					<gx:fovy>35</gx:fovy>
					<range>1056.540057388338</range>
					<altitudeMode>relativeToGround</altitudeMode>
				</LookAt>
				<styleUrl>#__managed_style_01E622A2A4421B397F54</styleUrl>
				<Point>
					<extrude>1</extrude>
					<coordinates>109.3804548036375,-0.1122575633756019,0</coordinates>
				</Point>
			</Placemark>
			<Placemark id="0BA9F8C8663E68125B58">
				<name>Jalur ODP 19.1.3 - 1 core</name>
				<LookAt>
					<longitude>109.384031417817</longitude>
					<latitude>-0.1102240998338315</latitude>
					<altitude>2.877117492086843</altitude>
					<heading>0</heading>
					<tilt>0</tilt>
					<gx:fovy>35</gx:fovy>
					<range>1523.129941197258</range>
					<altitudeMode>absolute</altitudeMode>
				</LookAt>
				<styleUrl>#__managed_style_6663787490421B397F54</styleUrl>
				<LineString>
					<coordinates>
						109.382640616518,-0.1106516767498572,0 109.3805240801508,-0.1120811982395898,0 
					</coordinates>
				</LineString>
			</Placemark>
			<Placemark id="0261D5C4F13C27403C38">
				<name>ODP 19.1.3</name>
				<LookAt>
					<longitude>109.3787128005166</longitude>
					<latitude>-0.1118628453354093</latitude>
					<altitude>2.901904444977352</altitude>
					<heading>0</heading>
					<tilt>0</tilt>
					<gx:fovy>34.90852069097269</gx:fovy>
					<range>1485.929430672841</range>
					<altitudeMode>absolute</altitudeMode>
				</LookAt>
				<styleUrl>#__managed_style_025DA63976421B397F56</styleUrl>
				<Point>
					<coordinates>109.3805061248043,-0.1120733309501037,2.563900707953226</coordinates>
				</Point>
			</Placemark>
		</Folder>
	</Folder>
	<Folder id="0D2298ADE03E46C03330">
		<name>ODC 20 - Teluk Kapuas</name>
		<styleUrl>#__managed_style_1D85365285421B397F54</styleUrl>
		<Folder id="0B602DFC9B3E65B26F63">
			<name>ODC 20.1</name>
			<open>1</open>
			<styleUrl>#__managed_style_1D85365285421B397F54</styleUrl>
			<Placemark id="04DAF8F2823E6813184B">
				<name>Jalur Spare ODC 19 &amp; 20 --&gt; ODC 20.1</name>
				<LookAt>
					<longitude>109.385946547366</longitude>
					<latitude>-0.1051708749004404</latitude>
					<altitude>1.906674360679155</altitude>
					<heading>0</heading>
					<tilt>0</tilt>
					<gx:fovy>35</gx:fovy>
					<range>2323.739942032553</range>
					<altitudeMode>absolute</altitudeMode>
				</LookAt>
				<styleUrl>#__managed_style_6663787490421B397F54</styleUrl>
				<LineString>
					<coordinates>
						109.3896304318099,-0.1094065391836991,0 109.3875519217003,-0.1053357117810599,0 109.385774499988,-0.1027980582767772,0 109.3849718531094,-0.1021966294343505,0 109.3824320198064,-0.1039730684493975,0 
					</coordinates>
				</LineString>
			</Placemark>
			<Placemark id="037179C3623C40E412CF">
				<name>ODC 20.1</name>
				<LookAt>
					<longitude>109.3776596836888</longitude>
					<latitude>-0.1079457120096968</latitude>
					<altitude>2.841498296309222</altitude>
					<heading>341.8281156570633</heading>
					<tilt>0</tilt>
					<gx:fovy>30</gx:fovy>
					<range>2548.788498350477</range>
					<altitudeMode>absolute</altitudeMode>
				</LookAt>
				<styleUrl>#__managed_style_01C6D2021E421B397F5F</styleUrl>
				<Point>
					<coordinates>109.3824350462318,-0.1040458498223314,2.660430828655151</coordinates>
				</Point>
			</Placemark>
			<Placemark id="00FB7A952A3E681455CB">
				<name>Jalur ODP 20.1.1 - 2 core</name>
				<LookAt>
					<longitude>109.3831361745789</longitude>
					<latitude>-0.1062319321508999</latitude>
					<altitude>1.640632477718411</altitude>
					<heading>0</heading>
					<tilt>0</tilt>
					<gx:fovy>35</gx:fovy>
					<range>2324.006020873203</range>
					<altitudeMode>absolute</altitudeMode>
				</LookAt>
				<styleUrl>#__managed_style_020CFD217C421B397F58</styleUrl>
				<LineString>
					<coordinates>
						109.382447615217,-0.1039582535205777,0 109.381845453406,-0.1042313178117033,0 109.3812531187255,-0.1050165577800324,0 109.3811004716623,-0.1054792968174926,0 109.3806454230512,-0.1064588067676122,0 109.3795769852611,-0.1078412249905107,0 109.3790365951923,-0.1081744941250648,0 109.3785384956228,-0.1087312888334243,0 109.3779381255048,-0.1093531303235589,0 109.3775857633861,-0.1098315650623791,0 109.3773455839927,-0.1108543627334427,0 
					</coordinates>
				</LineString>
			</Placemark>
			<Placemark id="074100A7423C40E28ADF">
				<name>ODP 20.1.1</name>
				<LookAt>
					<longitude>109.3780234586057</longitude>
					<latitude>-0.1121185904058816</latitude>
					<altitude>3.435062483575415</altitude>
					<heading>341.8281355480834</heading>
					<tilt>0</tilt>
					<gx:fovy>30</gx:fovy>
					<range>1173.140125060163</range>
					<altitudeMode>absolute</altitudeMode>
				</LookAt>
				<styleUrl>#__managed_style_532102DD13421B397F58</styleUrl>
				<Point>
					<coordinates>109.3773557501291,-0.1108827636959869,2.902046437481047</coordinates>
				</Point>
			</Placemark>
			<Placemark id="0C0AC30E983E681495E0">
				<name>Jalur ODP 20.1.2 - 1 core</name>
				<LookAt>
					<longitude>109.3825619670427</longitude>
					<latitude>-0.1045398828823728</latitude>
					<altitude>1.048128852356516</altitude>
					<heading>0</heading>
					<tilt>0</tilt>
					<gx:fovy>35</gx:fovy>
					<range>1112.879571959929</range>
					<altitudeMode>absolute</altitudeMode>
				</LookAt>
				<styleUrl>#__managed_style_6663787490421B397F54</styleUrl>
				<LineString>
					<coordinates>
						109.3823834917415,-0.1039735662109891,0 109.381834516119,-0.1042413539080199,0 109.3812526385683,-0.1050094582717958,0 109.3811013593289,-0.1054759044910941,0 
					</coordinates>
				</LineString>
			</Placemark>
			<Placemark id="0CF3823CE83C5A8A61B8">
				<name>ODP.20.1.2</name>
				<LookAt>
					<longitude>109.380870386578</longitude>
					<latitude>-0.1046872827091408</latitude>
					<altitude>2.283947978991974</altitude>
					<heading>0</heading>
					<tilt>0</tilt>
					<gx:fovy>35</gx:fovy>
					<range>1362.881224458979</range>
					<altitudeMode>absolute</altitudeMode>
				</LookAt>
				<styleUrl>#__managed_style_532102DD13421B397F58</styleUrl>
				<Point>
					<coordinates>109.3811133701421,-0.1055060522446668,2.802322162355244</coordinates>
				</Point>
			</Placemark>
			<Placemark id="0AF36099174055FF6E90">
				<name>ODP 20.1.3</name>
				<LookAt>
					<longitude>109.3808282881794</longitude>
					<latitude>-0.1046971241616164</latitude>
					<altitude>2.284069079968121</altitude>
					<heading>0</heading>
					<tilt>0</tilt>
					<gx:fovy>35</gx:fovy>
					<range>1104.814879907499</range>
					<altitudeMode>absolute</altitudeMode>
				</LookAt>
				<styleUrl>#__managed_style_200D331E60421B397F54</styleUrl>
				<Point>
					<coordinates>109.3812465690005,-0.1050042984965584,3.055805845089248</coordinates>
				</Point>
			</Placemark>
		</Folder>
	</Folder>
	<Folder id="06083128033E46C20AB7">
		<name>ODC 21 - Belakang Bandara</name>
		<open>1</open>
		<styleUrl>#__managed_style_1D85365285421B397F54</styleUrl>
		<Placemark id="0E70E750763E0AF9512C">
			<name>Splitter 1:2 (ODC 21.1 &amp; 21.2)</name>
			<LookAt>
				<longitude>109.3947952452876</longitude>
				<latitude>-0.1393639170163834</latitude>
				<altitude>2.117878910734152</altitude>
				<heading>339.0963592170352</heading>
				<tilt>0</tilt>
				<gx:fovy>34.99999999999999</gx:fovy>
				<range>780.0061348188319</range>
				<altitudeMode>absolute</altitudeMode>
			</LookAt>
			<styleUrl>#__managed_style_07F46A17C5421B397F66</styleUrl>
			<Point>
				<coordinates>109.3947644728484,-0.1394452252291971,2.156562721581807</coordinates>
			</Point>
		</Placemark>
		<Folder id="07BFDB26C23E46C1A994">
			<name>ODC 21.1</name>
			<styleUrl>#__managed_style_1D85365285421B397F54</styleUrl>
			<Placemark id="03EA7EDCDC3E0AFBF618">
				<name>ODC 21.1</name>
				<LookAt>
					<longitude>109.3931380945251</longitude>
					<latitude>-0.1376047116990948</latitude>
					<altitude>10.54689195888679</altitude>
					<heading>339.0963613109408</heading>
					<tilt>0</tilt>
					<gx:fovy>34.99999999999999</gx:fovy>
					<range>1653.488084117999</range>
					<altitudeMode>absolute</altitudeMode>
				</LookAt>
				<styleUrl>#__managed_style_391E3B2847421B397F58</styleUrl>
				<Point>
					<coordinates>109.3912173332092,-0.139935298575061,2.250205884418166</coordinates>
				</Point>
			</Placemark>
			<Placemark id="02EF6746A03EA174B503">
				<name>ODP 21.1.3 - 1 core</name>
				<LookAt>
					<longitude>109.3956575631459</longitude>
					<latitude>-0.131338618816597</latitude>
					<altitude>4.50735234934559</altitude>
					<heading>345.6348072442861</heading>
					<tilt>0</tilt>
					<gx:fovy>35</gx:fovy>
					<range>2084.135111633514</range>
					<altitudeMode>absolute</altitudeMode>
				</LookAt>
				<styleUrl>#__managed_style_532102DD13421B397F58</styleUrl>
				<Point>
					<coordinates>109.3943619326333,-0.1317976956318657,4.114394419555469</coordinates>
				</Point>
			</Placemark>
			<Placemark id="047431CF153EA1755740">
				<name>Spare ODP 21.1</name>
				<LookAt>
					<longitude>109.3904663608039</longitude>
					<latitude>-0.1349171554624682</latitude>
					<altitude>4.642598117557377</altitude>
					<heading>345.6348154701873</heading>
					<tilt>0</tilt>
					<gx:fovy>35</gx:fovy>
					<range>2118.583328589157</range>
					<altitudeMode>absolute</altitudeMode>
				</LookAt>
				<styleUrl>#__managed_style_15F85116AC421B397F5E</styleUrl>
				<Point>
					<coordinates>109.3920719298748,-0.135098305070109,4.161080899222302</coordinates>
				</Point>
			</Placemark>
			<Placemark id="0AF8F6ECA13EA175EF16">
				<name>Jalur ODC 21.1 --&gt; Spare ODP 21.1</name>
				<description><![CDATA[<div>2 core<br></div>]]></description>
				<LookAt>
					<longitude>109.3918468967136</longitude>
					<latitude>-0.1364830092435086</latitude>
					<altitude>5.694005012987797</altitude>
					<heading>345.6348090526454</heading>
					<tilt>0</tilt>
					<gx:fovy>35</gx:fovy>
					<range>1582.286684305582</range>
					<altitudeMode>absolute</altitudeMode>
				</LookAt>
				<styleUrl>#__managed_style_13C4CC0AEA421B397F5C</styleUrl>
				<LineString>
					<coordinates>
						109.3912173332303,-0.139935298575061,0 109.3917297648641,-0.1398461459293939,0 109.3914280887132,-0.1372585039151314,0 109.3917575182203,-0.1372355699685826,0 109.3917078556802,-0.1369226882061327,0 109.3920984670536,-0.1350397957362437,0 
					</coordinates>
				</LineString>
			</Placemark>
			<Placemark id="093F9196D33EA176DFEB">
				<name>Jalur Spare ODP 21.1 --&gt; ODP 21.1.3</name>
				<description><![CDATA[<div>1 core<br></div>]]></description>
				<LookAt>
					<longitude>109.3939697326799</longitude>
					<latitude>-0.1315680361799273</latitude>
					<altitude>3.683460191265142</altitude>
					<heading>345.6348012550129</heading>
					<tilt>0</tilt>
					<gx:fovy>35</gx:fovy>
					<range>1584.297016563651</range>
					<altitudeMode>absolute</altitudeMode>
				</LookAt>
				<styleUrl>#__managed_style_1A96FCEA49421B397F58</styleUrl>
				<LineString>
					<coordinates>
						109.39206846325,-0.135011124852966,0 109.3948861325071,-0.134004519701448,0 109.3944153761039,-0.1322940896811312,0 109.3943427691521,-0.1317727491133834,0 
					</coordinates>
				</LineString>
			</Placemark>
			<Placemark id="09099D49AC3F0318D489">
				<name>ODP 21.1.1</name>
				<LookAt>
					<longitude>109.390928</longitude>
					<latitude>-0.139658</latitude>
					<altitude>0</altitude>
					<heading>0</heading>
					<tilt>0</tilt>
					<gx:fovy>35</gx:fovy>
					<range>1056.538815401266</range>
					<altitudeMode>relativeToGround</altitudeMode>
				</LookAt>
				<styleUrl>#__managed_style_01E622A2A4421B397F54</styleUrl>
				<Point>
					<extrude>1</extrude>
					<coordinates>109.390928,-0.139658,0</coordinates>
				</Point>
			</Placemark>
			<Placemark id="0CC814844B3F0319A1D6">
				<name>Jalur ODC 21.1 --&gt; ODP 21.1.1</name>
				<description><![CDATA[<div>1 core</div>]]></description>
				<LookAt>
					<longitude>109.391045060163</longitude>
					<latitude>-0.1391516404025713</latitude>
					<altitude>2.764582286968624</altitude>
					<heading>0</heading>
					<tilt>0</tilt>
					<gx:fovy>35</gx:fovy>
					<range>482.9105207982502</range>
					<altitudeMode>absolute</altitudeMode>
				</LookAt>
				<styleUrl>#__managed_style_1A96FCEA49421B397F58</styleUrl>
				<LineString>
					<coordinates>
						109.3909503641308,-0.1396177505357683,0 109.391019642802,-0.1399639397982941,0 109.3912207258468,-0.1399242698341523,0 
					</coordinates>
				</LineString>
			</Placemark>
			<Placemark id="033A5B80A43F12EB83C0">
				<name>Jalur ODC 21.1 --&gt; ODP 21.1.2</name>
				<description><![CDATA[<div>1 Core</div>]]></description>
				<LookAt>
					<longitude>109.3928797045315</longitude>
					<latitude>-0.1377232187365644</latitude>
					<altitude>9.093094733467428</altitude>
					<heading>0</heading>
					<tilt>0</tilt>
					<gx:fovy>35</gx:fovy>
					<range>1594.341817284585</range>
					<altitudeMode>absolute</altitudeMode>
				</LookAt>
				<styleUrl>#__managed_style_1A96FCEA49421B397F58</styleUrl>
				<LineString>
					<coordinates>
						109.3912039994668,-0.139967371428717,0 109.3928154336271,-0.1397007812969405,0 109.3942598547844,-0.1394941587719411,0 
					</coordinates>
				</LineString>
			</Placemark>
			<Placemark id="0B598BC7A53F12EBDF2E">
				<name>ODP 21.1.2</name>
				<LookAt>
					<longitude>109.3932594592785</longitude>
					<latitude>-0.1381442793114231</latitude>
					<altitude>12.77775142727472</altitude>
					<heading>0</heading>
					<tilt>0</tilt>
					<gx:fovy>35</gx:fovy>
					<range>1159.275655964739</range>
					<altitudeMode>absolute</altitudeMode>
				</LookAt>
				<styleUrl>#__managed_style_01E622A2A4421B397F54</styleUrl>
				<Point>
					<coordinates>109.3943036930312,-0.1394667306395946,2.274450541747679</coordinates>
				</Point>
			</Placemark>
			<Placemark id="0B09BE10C53F12ECD100">
				<name>Jalur Spare ODP 21.1 --&gt; ODP 21.1.4</name>
				<description><![CDATA[<div>1 core</div>]]></description>
				<LookAt>
					<longitude>109.3866487852954</longitude>
					<latitude>-0.1344271527233155</latitude>
					<altitude>5.350041926705824</altitude>
					<heading>0</heading>
					<tilt>0</tilt>
					<gx:fovy>35</gx:fovy>
					<range>1687.666699237889</range>
					<altitudeMode>absolute</altitudeMode>
				</LookAt>
				<styleUrl>#__managed_style_1A96FCEA49421B397F58</styleUrl>
				<LineString>
					<coordinates>
						109.3921067433702,-0.1350505067216215,0 109.390460999239,-0.1355935400457292,0 109.3896866988563,-0.1357288187232689,0 109.3883096017505,-0.1355720342737813,0 109.3868834044306,-0.1351257970589588,0 
					</coordinates>
				</LineString>
			</Placemark>
			<Placemark id="02D6ABA5183F12ED4AB9">
				<name>ODP 21.1.4</name>
				<LookAt>
					<longitude>109.3865345307896</longitude>
					<latitude>-0.1351934325593458</latitude>
					<altitude>5.484333663110956</altitude>
					<heading>0</heading>
					<tilt>0</tilt>
					<gx:fovy>35</gx:fovy>
					<range>760.6532101950143</range>
					<altitudeMode>absolute</altitudeMode>
				</LookAt>
				<styleUrl>#__managed_style_01E622A2A4421B397F54</styleUrl>
				<Point>
					<coordinates>109.3868848744326,-0.1351511092355161,4.91229925596919</coordinates>
				</Point>
			</Placemark>
			<Placemark id="0C3E626F393F12EEB3D0">
				<name>Jalur ODC 21.1 --&gt; ODP 21.1.5</name>
				<description><![CDATA[<div>1 Core</div>]]></description>
				<LookAt>
					<longitude>109.390952671316</longitude>
					<latitude>-0.1405687556564812</latitude>
					<altitude>3.845105429051998</altitude>
					<heading>0</heading>
					<tilt>0</tilt>
					<gx:fovy>35</gx:fovy>
					<range>1182.46113570829</range>
					<altitudeMode>absolute</altitudeMode>
				</LookAt>
				<styleUrl>#__managed_style_1A96FCEA49421B397F58</styleUrl>
				<LineString>
					<coordinates>
						109.3912121553278,-0.1399036011247728,0 109.3915704799802,-0.1399034252885081,0 109.3909996357147,-0.1424906710738065,0 
					</coordinates>
				</LineString>
			</Placemark>
			<Placemark id="09D92211443F12EF15CE">
				<name>ODP 21.1.6</name>
				<LookAt>
					<longitude>109.3911001815354</longitude>
					<latitude>-0.1411865319495522</latitude>
					<altitude>3.847808343990227</altitude>
					<heading>0</heading>
					<tilt>0</tilt>
					<gx:fovy>35</gx:fovy>
					<range>774.2893799367448</range>
					<altitudeMode>absolute</altitudeMode>
				</LookAt>
				<styleUrl>#__managed_style_532102DD13421B397F58</styleUrl>
				<Point>
					<coordinates>109.3910084608594,-0.1424800260215938,16.74568457777254</coordinates>
				</Point>
			</Placemark>
			<Placemark id="0EC87C0B883F1C9B26B0">
				<name>Jalur ODC 21.1 --&gt; ODP 21.1.6</name>
				<description><![CDATA[<div>1 core<br></div>]]></description>
				<LookAt>
					<longitude>109.3912385744113</longitude>
					<latitude>-0.1372165446625864</latitude>
					<altitude>3.299656853021364</altitude>
					<heading>2.864681230325705</heading>
					<tilt>0</tilt>
					<gx:fovy>35</gx:fovy>
					<range>1148.627032425284</range>
					<altitudeMode>absolute</altitudeMode>
				</LookAt>
				<styleUrl>#__managed_style_1A96FCEA49421B397F58</styleUrl>
				<LineString>
					<coordinates>
						109.3912133033238,-0.1399226893203044,0 109.3917493842746,-0.1398742043828476,0 109.3929507287316,-0.1396742374532273,0 109.3929569740311,-0.1393712793935101,0 109.3926028427095,-0.1393660235071238,0 109.3925890739845,-0.1387629802598635,0 
					</coordinates>
				</LineString>
			</Placemark>
			<Placemark id="0CFA874FD23F1C9C96B9">
				<name>ODP 21.1.5</name>
				<LookAt>
					<longitude>109.3911109918056</longitude>
					<latitude>-0.1379952775792904</latitude>
					<altitude>3.65423179270181</altitude>
					<heading>2.86468123030381</heading>
					<tilt>0</tilt>
					<gx:fovy>35</gx:fovy>
					<range>1442.999881138676</range>
					<altitudeMode>absolute</altitudeMode>
				</LookAt>
				<styleUrl>#__managed_style_532102DD13421B397F58</styleUrl>
				<Point>
					<coordinates>109.3925933703415,-0.1387535553199638,3.318758094923031</coordinates>
				</Point>
			</Placemark>
		</Folder>
		<Folder id="0803A8313A3E65B3863C">
			<name>ODC 21.2</name>
			<styleUrl>#__managed_style_1D85365285421B397F54</styleUrl>
			<Placemark id="070FC542EF3DB383A6A3">
				<name>ODC 21.2</name>
				<LookAt>
					<longitude>109.396276717457</longitude>
					<latitude>-0.1383365586320124</latitude>
					<altitude>2.819766126682377</altitude>
					<heading>356.239958835902</heading>
					<tilt>0</tilt>
					<gx:fovy>35</gx:fovy>
					<range>2508.44241675135</range>
					<altitudeMode>absolute</altitudeMode>
				</LookAt>
				<styleUrl>#__managed_style_391E3B2847421B397F58</styleUrl>
				<Point>
					<coordinates>109.396444162595,-0.14905350899964,1.64132815370271</coordinates>
				</Point>
			</Placemark>
			<Placemark id="01D041331E3E53033CF4">
				<name>Spare ODP 21.2</name>
				<LookAt>
					<longitude>109.3979969440037</longitude>
					<latitude>-0.1515085341940551</latitude>
					<altitude>2.245889183855765</altitude>
					<heading>0</heading>
					<tilt>0</tilt>
					<gx:fovy>35</gx:fovy>
					<range>2726.289414817002</range>
					<altitudeMode>absolute</altitudeMode>
				</LookAt>
				<styleUrl>#__managed_style_02D4C4A70C421B397F5E</styleUrl>
				<Point>
					<coordinates>109.3940982624185,-0.1509686404643605,1.764106448748142</coordinates>
				</Point>
			</Placemark>
			<Placemark id="0ED396DDAF3E53050E3F">
				<name>ODP 21.2.1</name>
				<LookAt>
					<longitude>109.3970497308869</longitude>
					<latitude>-0.1486332238301722</latitude>
					<altitude>2.336327251377532</altitude>
					<heading>0</heading>
					<tilt>0</tilt>
					<gx:fovy>35</gx:fovy>
					<range>1776.311745749263</range>
					<altitudeMode>absolute</altitudeMode>
				</LookAt>
				<styleUrl>#__managed_style_025DA63976421B397F56</styleUrl>
				<Point>
					<coordinates>109.396359133035,-0.1479809944265679,2.283172713474131</coordinates>
				</Point>
			</Placemark>
			<Placemark id="00813A024B3E5303B7B7">
				<name>ODP 21.2.2</name>
				<LookAt>
					<longitude>109.3968863504227</longitude>
					<latitude>-0.1540999067837808</latitude>
					<altitude>3.514228604365577</altitude>
					<heading>0</heading>
					<tilt>0</tilt>
					<gx:fovy>35</gx:fovy>
					<range>2725.021136580035</range>
					<altitudeMode>absolute</altitudeMode>
				</LookAt>
				<styleUrl>#__managed_style_025DA63976421B397F56</styleUrl>
				<Point>
					<coordinates>109.3957652868708,-0.1552112784607794,3.201068469827075</coordinates>
				</Point>
			</Placemark>
			<Placemark id="05F8FBEC0E3E5305C25C">
				<name>Jalur ODP 21.2.1</name>
				<description><![CDATA[<div>1 core</div>]]></description>
				<LookAt>
					<longitude>109.3976291363451</longitude>
					<latitude>-0.147394979945424</latitude>
					<altitude>1.665086863746232</altitude>
					<heading>0</heading>
					<tilt>0</tilt>
					<gx:fovy>35</gx:fovy>
					<range>1776.982969026722</range>
					<altitudeMode>absolute</altitudeMode>
				</LookAt>
				<styleUrl>#__managed_style_4AFA8EA45F421B397F58</styleUrl>
				<LineString>
					<coordinates>
						109.3964668774346,-0.1490780564810676,0 109.3969276150462,-0.1486500413974632,0 109.3963136736264,-0.1479047204206792,0 
					</coordinates>
				</LineString>
			</Placemark>
			<Placemark id="073CFEF58D3E53063160">
				<name>Jalur ODP 21.2.1</name>
				<description><![CDATA[<div>4 core<br></div>]]></description>
				<LookAt>
					<longitude>109.3964275458122</longitude>
					<latitude>-0.1542101090085745</latitude>
					<altitude>7.456000691738971</altitude>
					<heading>0</heading>
					<tilt>0</tilt>
					<gx:fovy>35</gx:fovy>
					<range>1771.192092181882</range>
					<altitudeMode>absolute</altitudeMode>
				</LookAt>
				<styleUrl>#__managed_style_02B20B96B7421B397F5C</styleUrl>
				<LineString>
					<coordinates>
						109.3964277354999,-0.1490526165129534,0 109.3941031097975,-0.1509605357042524,0 109.3957386364122,-0.155224540881159,0 
					</coordinates>
				</LineString>
			</Placemark>
			<Placemark id="0BCFE1DF493E625F1261">
				<name>Jalur ODP 21.2.2 --&gt; ODP 21.2.3</name>
				<description><![CDATA[<div>2 core</div>]]></description>
				<LookAt>
					<longitude>109.3929005281039</longitude>
					<latitude>-0.1609005135604439</latitude>
					<altitude>4.568826096379153</altitude>
					<heading>6.884402089214399e-05</heading>
					<tilt>0</tilt>
					<gx:fovy>35</gx:fovy>
					<range>2151.402438441001</range>
					<altitudeMode>absolute</altitudeMode>
				</LookAt>
				<styleUrl>#__managed_style_13C4CC0AEA421B397F5C</styleUrl>
				<LineString>
					<coordinates>
						109.3957708576088,-0.1551668000356936,0 109.3976438994245,-0.1599239085946615,0 109.3951996594108,-0.1623956112095406,0 
					</coordinates>
				</LineString>
			</Placemark>
			<Placemark id="068F2121193E626041A6">
				<name>Splicing ODP 21.2.3 &amp; 21.2.4</name>
				<LookAt>
					<longitude>109.3908459584411</longitude>
					<latitude>-0.1613892008097033</latitude>
					<altitude>5.501309408525827</altitude>
					<heading>6.260553964055273e-05</heading>
					<tilt>0</tilt>
					<gx:fovy>35</gx:fovy>
					<range>2150.469957263558</range>
					<altitudeMode>absolute</altitudeMode>
				</LookAt>
				<styleUrl>#__managed_style_02D4C4A70C421B397F5E</styleUrl>
				<Point>
					<coordinates>109.3952407453278,-0.1624136816849695,2.364464508996786</coordinates>
				</Point>
			</Placemark>
			<Placemark id="077CDB65823E6261A140">
				<name>Jalur Splicing --&gt; ODP 21.2.3</name>
				<description><![CDATA[<div>1 core<br></div>]]></description>
				<LookAt>
					<longitude>109.391947951041</longitude>
					<latitude>-0.1623751272918178</latitude>
					<altitude>5.173616549965518</altitude>
					<heading>5.998937106279672e-05</heading>
					<tilt>0</tilt>
					<gx:fovy>35</gx:fovy>
					<range>1659.532987451821</range>
					<altitudeMode>absolute</altitudeMode>
				</LookAt>
				<styleUrl>#__managed_style_1A96FCEA49421B397F58</styleUrl>
				<LineString>
					<coordinates>
						109.3952307305287,-0.1624007770930682,0 109.3918375147955,-0.1658137338470191,0 
					</coordinates>
				</LineString>
			</Placemark>
			<Placemark id="018D632E8E3E62620D3E">
				<name>ODP 21.2.3</name>
				<LookAt>
					<longitude>109.391947951041</longitude>
					<latitude>-0.1623751272918178</latitude>
					<altitude>5.173616549965518</altitude>
					<heading>5.998937106279672e-05</heading>
					<tilt>0</tilt>
					<gx:fovy>35</gx:fovy>
					<range>1659.532987451821</range>
					<altitudeMode>absolute</altitudeMode>
				</LookAt>
				<styleUrl>#__managed_style_025DA63976421B397F56</styleUrl>
				<Point>
					<coordinates>109.391781273054,-0.1658137328276734,2.877822508994516</coordinates>
				</Point>
			</Placemark>
			<Placemark id="0B671E235E4084A3D537">
				<name>Spare ODP 21.2</name>
				<LookAt>
					<longitude>109.393027481016</longitude>
					<latitude>-0.1504032466814471</latitude>
					<altitude>2.877371670452478</altitude>
					<heading>0</heading>
					<tilt>0</tilt>
					<gx:fovy>35</gx:fovy>
					<range>1975.714937348385</range>
					<altitudeMode>absolute</altitudeMode>
				</LookAt>
				<styleUrl>#__managed_style_02D4C4A70C421B397F5E</styleUrl>
				<Point>
					<coordinates>109.392856760563,-0.1472998028622787,2.518944358838797</coordinates>
				</Point>
			</Placemark>
			<Placemark id="0EB90C6BDD403235BF40">
				<name>Sub ODP 21.2.2</name>
				<LookAt>
					<longitude>109.3969384887562</longitude>
					<latitude>-0.1589717261598873</latitude>
					<altitude>2.877647877722973</altitude>
					<heading>0</heading>
					<tilt>0</tilt>
					<gx:fovy>35</gx:fovy>
					<range>1837.731271527882</range>
					<altitudeMode>absolute</altitudeMode>
				</LookAt>
				<styleUrl>#__managed_style_3F9350BF4F421B397F68</styleUrl>
				<Point>
					<coordinates>109.3971100629102,-0.1585427927365582,3.180364616608935</coordinates>
				</Point>
			</Placemark>
			<Placemark id="0EDF3EE70040563FE9F8">
				<name>SUB ODP  21.2.3</name>
				<LookAt>
					<longitude>109.3917853980468</longitude>
					<latitude>-0.1630176152310185</latitude>
					<altitude>4.772751318463351</altitude>
					<heading>0</heading>
					<tilt>0</tilt>
					<gx:fovy>35</gx:fovy>
					<range>1633.688851640909</range>
					<altitudeMode>absolute</altitudeMode>
				</LookAt>
				<styleUrl>#__managed_style_15621C3E48421B397F5F</styleUrl>
				<Point>
					<coordinates>109.3925789686221,-0.1641015117089596,3.647112539270534</coordinates>
				</Point>
			</Placemark>
			<Placemark id="000697D9B840849F419F">
				<name>ODP 21.2.4</name>
				<LookAt>
					<longitude>109.3920278165437</longitude>
					<latitude>-0.1487165970896862</latitude>
					<altitude>2.729644777717291</altitude>
					<heading>0</heading>
					<tilt>0</tilt>
					<gx:fovy>35</gx:fovy>
					<range>2193.156790977228</range>
					<altitudeMode>absolute</altitudeMode>
				</LookAt>
				<styleUrl>#__managed_style_200D331E60421B397F54</styleUrl>
				<Point>
					<coordinates>109.3900870124648,-0.1483278534619886,2.859284857356188</coordinates>
				</Point>
			</Placemark>
			<Placemark id="0F05E45CE34084A237BF">
				<name>Jalur spare ODP 21.2</name>
				<LookAt>
					<longitude>109.3911450758606</longitude>
					<latitude>-0.148910922653713</latitude>
					<altitude>2.232566318071632</altitude>
					<heading>0</heading>
					<tilt>0</tilt>
					<gx:fovy>35</gx:fovy>
					<range>2263.213031960477</range>
					<altitudeMode>absolute</altitudeMode>
				</LookAt>
				<styleUrl>#__managed_style_6D44E1F1B3421B397F64</styleUrl>
				<LineString>
					<coordinates>
						109.3964954056593,-0.1489458458075872,0 109.3969271885201,-0.1486944427843719,0 109.3963547908443,-0.1478843462451609,0 109.3964397236476,-0.1461378768506557,0 109.3944699223192,-0.1466268443026628,0 109.3928487479812,-0.1472980253324321,0 
					</coordinates>
				</LineString>
			</Placemark>
			<Placemark id="018E3FC95D4084A4DC44">
				<name>Jalur ODP 21.2.4</name>
				<description><![CDATA[<div>2 core<br></div>]]></description>
				<LookAt>
					<longitude>109.3905582721141</longitude>
					<latitude>-0.1471415123152501</latitude>
					<altitude>3.07602168139079</altitude>
					<heading>0</heading>
					<tilt>0</tilt>
					<gx:fovy>35</gx:fovy>
					<range>1713.858128197608</range>
					<altitudeMode>absolute</altitudeMode>
				</LookAt>
				<styleUrl>#__managed_style_3F737E45E0421B397F63</styleUrl>
				<LineString>
					<coordinates>
						109.3928751712069,-0.1472525956753579,0 109.3900894664356,-0.1483082427530336,0 
					</coordinates>
				</LineString>
			</Placemark>
		</Folder>
	</Folder>
	<Folder id="01DE173CFA3E46DF8F43">
		<name>ODC 23 - Patria (Back up)</name>
		<styleUrl>#__managed_style_1D85365285421B397F54</styleUrl>
		<Placemark id="061B80DB0D3D0F85D4EC">
			<name>ODC 23</name>
			<LookAt>
				<longitude>109.4000959560744</longitude>
				<latitude>-0.103084446743626</latitude>
				<altitude>2.87627916861664</altitude>
				<heading>0</heading>
				<tilt>0</tilt>
				<gx:fovy>30.00031723221297</gx:fovy>
				<range>2310.386492647813</range>
				<altitudeMode>absolute</altitudeMode>
			</LookAt>
			<styleUrl>#__managed_style_2F79F894A3421B397F57</styleUrl>
			<Point>
				<coordinates>109.4007748308708,-0.1028885615793681,2.149260027863411</coordinates>
			</Point>
		</Placemark>
		<Placemark id="05205017763D13CD6758">
			<name>ODP 23.1</name>
			<LookAt>
				<longitude>109.4034814212944</longitude>
				<latitude>-0.1032808597044434</latitude>
				<altitude>1.470535157121275</altitude>
				<heading>0</heading>
				<tilt>0</tilt>
				<gx:fovy>35</gx:fovy>
				<range>688.8596227189555</range>
				<altitudeMode>absolute</altitudeMode>
			</LookAt>
			<styleUrl>#__managed_style_532102DD13421B397F58</styleUrl>
			<Point>
				<coordinates>109.4035408853679,-0.1038648810172549,2.034895303240261</coordinates>
			</Point>
		</Placemark>
		<Placemark id="0F306D80753D2D85B944">
			<name>ODP 23.2</name>
			<LookAt>
				<longitude>109.4056437412361</longitude>
				<latitude>-0.1049313537312506</latitude>
				<altitude>2.343839637013378</altitude>
				<heading>0</heading>
				<tilt>0</tilt>
				<gx:fovy>35</gx:fovy>
				<range>665.9280303987907</range>
				<altitudeMode>absolute</altitudeMode>
			</LookAt>
			<styleUrl>#__managed_style_025DA63976421B397F56</styleUrl>
			<Point>
				<coordinates>109.4053430163366,-0.1058543926004612,1.477953137610901</coordinates>
			</Point>
		</Placemark>
		<Placemark id="0F63C88B693D662BD9C8">
			<name>ODP 23.3</name>
			<LookAt>
				<longitude>109.4019872313544</longitude>
				<latitude>-0.1005702802797247</latitude>
				<altitude>2.494910170068705</altitude>
				<heading>0</heading>
				<tilt>0</tilt>
				<gx:fovy>35</gx:fovy>
				<range>1010.35995091981</range>
				<altitudeMode>absolute</altitudeMode>
			</LookAt>
			<styleUrl>#__managed_style_025DA63976421B397F56</styleUrl>
			<Point>
				<coordinates>109.401973297007,-0.1016024917335373,2.168865253818149</coordinates>
			</Point>
		</Placemark>
		<Placemark id="026A8D49C13D8F900C18">
			<name>ODP 23.4</name>
			<LookAt>
				<longitude>109.4076480019812</longitude>
				<latitude>-0.102794481473973</latitude>
				<altitude>2.463187737891062</altitude>
				<heading>352.747357384432</heading>
				<tilt>0</tilt>
				<gx:fovy>35</gx:fovy>
				<range>523.0728040344549</range>
				<altitudeMode>absolute</altitudeMode>
			</LookAt>
			<styleUrl>#__managed_style_532102DD13421B397F58</styleUrl>
			<Point>
				<coordinates>109.4078719789781,-0.1025817675885819,1.423058710910443</coordinates>
			</Point>
		</Placemark>
		<Placemark id="0F4A735C873E100E28F9">
			<name>ODP 23.5</name>
			<LookAt>
				<longitude>109.3997069143362</longitude>
				<latitude>-0.1019590601996624</latitude>
				<altitude>2.265287227479311</altitude>
				<heading>0</heading>
				<tilt>0</tilt>
				<gx:fovy>30.00025384277436</gx:fovy>
				<range>1475.172614099574</range>
				<altitudeMode>absolute</altitudeMode>
			</LookAt>
			<styleUrl>#__managed_style_532102DD13421B397F58</styleUrl>
			<Point>
				<coordinates>109.3994706209224,-0.1022465500138865,1.67473374161804</coordinates>
			</Point>
		</Placemark>
	</Folder>
	<Folder id="08EB845FB63E46E66E9B">
		<name>ODC 24 - Mandiri, Teluk Mulus (Back up)</name>
		<styleUrl>#__managed_style_1D85365285421B397F54</styleUrl>
		<Placemark id="09A812B1273E46E5B6BC">
			<name>ODC 24</name>
			<LookAt>
				<longitude>109.3965554792432</longitude>
				<latitude>-0.104781434208318</latitude>
				<altitude>2.883039387113693</altitude>
				<heading>359.9996279526688</heading>
				<tilt>0</tilt>
				<gx:fovy>30.00031721389321</gx:fovy>
				<range>573.8581227404211</range>
				<altitudeMode>absolute</altitudeMode>
			</LookAt>
			<styleUrl>#__managed_style_391E3B2847421B397F58</styleUrl>
			<Point>
				<coordinates>109.396800990479,-0.1053467053727219,2.560894701766339</coordinates>
			</Point>
		</Placemark>
		<Placemark id="009D7567923E582A99E0">
			<name>Jalur ODP 24.1 - 2 core</name>
			<LookAt>
				<longitude>109.3962893684239</longitude>
				<latitude>-0.1044122668790505</latitude>
				<altitude>2.366740498609503</altitude>
				<heading>0</heading>
				<tilt>0</tilt>
				<gx:fovy>35</gx:fovy>
				<range>669.4819907742204</range>
				<altitudeMode>absolute</altitudeMode>
			</LookAt>
			<styleUrl>#__managed_style_020CFD217C421B397F58</styleUrl>
			<LineString>
				<coordinates>
					109.3968056741845,-0.1053354200268208,0 109.3960208506891,-0.1052322772540666,0 
				</coordinates>
			</LineString>
		</Placemark>
		<Placemark id="08B533523E3E465F82A6">
			<name>ODP 24.1</name>
			<LookAt>
				<longitude>109.3960306</longitude>
				<latitude>-0.1052278</latitude>
				<altitude>0</altitude>
				<heading>0</heading>
				<tilt>0</tilt>
				<gx:fovy>35</gx:fovy>
				<range>1056.540334853345</range>
				<altitudeMode>relativeToGround</altitudeMode>
			</LookAt>
			<styleUrl>#__managed_style_01E622A2A4421B397F54</styleUrl>
			<Point>
				<extrude>1</extrude>
				<coordinates>109.3960306,-0.1052278,0</coordinates>
			</Point>
		</Placemark>
		<Placemark id="0614A66A713E582B48FF">
			<name>Jalur ODP 24.2 - 2 core</name>
			<LookAt>
				<longitude>109.3962893684239</longitude>
				<latitude>-0.1044122669213153</latitude>
				<altitude>2.366740498609503</altitude>
				<heading>0</heading>
				<tilt>0</tilt>
				<gx:fovy>35</gx:fovy>
				<range>669.4819907742203</range>
				<altitudeMode>absolute</altitudeMode>
			</LookAt>
			<styleUrl>#__managed_style_020CFD217C421B397F58</styleUrl>
			<LineString>
				<coordinates>
					109.3967974126344,-0.1053436796749093,0 109.3964255977761,-0.1051450130610865,0 109.3968593166213,-0.1044597626750543,0 109.3962728509699,-0.1038486113105839,0 109.39638846271,-0.1037206726080866,0 
				</coordinates>
			</LineString>
		</Placemark>
		<Placemark id="07ACB5CD3C3E582A0EC4">
			<name>ODP 24.2</name>
			<LookAt>
				<longitude>109.3961121041177</longitude>
				<latitude>-0.1040720096784511</latitude>
				<altitude>2.902129784320737</altitude>
				<heading>0</heading>
				<tilt>0</tilt>
				<gx:fovy>35</gx:fovy>
				<range>912.3834174853985</range>
				<altitudeMode>absolute</altitudeMode>
			</LookAt>
			<styleUrl>#__managed_style_025DA63976421B397F56</styleUrl>
			<Point>
				<coordinates>109.3963767266906,-0.1037201184670084,2.902236941107621</coordinates>
			</Point>
		</Placemark>
		<Placemark id="0F73D9E8693E77FB5896">
			<name>Jalur Spare ODP 24.3  - 2 core</name>
			<LookAt>
				<longitude>109.3955972233929</longitude>
				<latitude>-0.1084775546036626</latitude>
				<altitude>1.640175556188259</altitude>
				<heading>0</heading>
				<tilt>0</tilt>
				<gx:fovy>35</gx:fovy>
				<range>1747.400008307887</range>
				<altitudeMode>absolute</altitudeMode>
			</LookAt>
			<styleUrl>#__managed_style_020CFD217C421B397F58</styleUrl>
			<LineString>
				<coordinates>
					109.3968262899594,-0.1053230980040437,0 109.3971182128318,-0.1090162418998765,0 109.3955398802751,-0.1090229561675159,0 109.395507462059,-0.1094005576506335,0 
				</coordinates>
			</LineString>
		</Placemark>
		<Placemark id="040A643AAA3E77FC431C">
			<name>ODP 24.3</name>
			<LookAt>
				<longitude>109.3946611056923</longitude>
				<latitude>-0.1094005576723239</latitude>
				<altitude>2.365275647168716</altitude>
				<heading>0</heading>
				<tilt>0</tilt>
				<gx:fovy>35</gx:fovy>
				<range>1746.674827579118</range>
				<altitudeMode>absolute</altitudeMode>
			</LookAt>
			<styleUrl>#__managed_style_025DA63976421B397F56</styleUrl>
			<Point>
				<coordinates>109.3955231440184,-0.1094167208841933,2.876932072706613</coordinates>
			</Point>
		</Placemark>
		<Placemark id="0B931209653E77FFA93C">
			<name>SUB ODP 24.3 - 4 core</name>
			<LookAt>
				<longitude>109.3944352381961</longitude>
				<latitude>-0.1116697679408328</latitude>
				<altitude>1.946055709188401</altitude>
				<heading>0</heading>
				<tilt>0</tilt>
				<gx:fovy>35</gx:fovy>
				<range>1741.16986959998</range>
				<altitudeMode>absolute</altitudeMode>
			</LookAt>
			<styleUrl>#__managed_style_25651007F6421B397F61</styleUrl>
			<LineString>
				<coordinates>
					109.3955209600608,-0.109384327995996,0 109.3952173161296,-0.1123269293161331,0 109.3952170968297,-0.1133909392898639,0 109.3948480557233,-0.1134459671109579,0 
				</coordinates>
			</LineString>
		</Placemark>
		<Placemark id="0BF51779393E77FFDC20">
			<name>SUB ODP 24.3</name>
			<LookAt>
				<longitude>109.3944352381961</longitude>
				<latitude>-0.1116697679408328</latitude>
				<altitude>1.946055709188401</altitude>
				<heading>0</heading>
				<tilt>0</tilt>
				<gx:fovy>35</gx:fovy>
				<range>1741.16986959998</range>
				<altitudeMode>absolute</altitudeMode>
			</LookAt>
			<styleUrl>#__managed_style_15621C3E48421B397F5F</styleUrl>
			<Point>
				<coordinates>109.3948697434122,-0.1135001162199117,1.989132330096941</coordinates>
			</Point>
		</Placemark>
	</Folder>
	<Placemark id="076817441A3C5FFBDB40">
		<name>Spare ODC bakcup</name>
		<snippet></snippet>
		<LookAt>
			<longitude>109.3976928719098</longitude>
			<latitude>-0.1046266470730613</latitude>
			<altitude>2.902456512929485</altitude>
			<heading>0</heading>
			<tilt>0</tilt>
			<gx:fovy>35</gx:fovy>
			<range>747.0656207015418</range>
			<altitudeMode>absolute</altitudeMode>
		</LookAt>
		<styleUrl>#__managed_style_31DA2F59A4421B397F5C</styleUrl>
		<Point>
			<coordinates>109.3982443283096,-0.1054805886417686,2.412783758869299</coordinates>
		</Point>
	</Placemark>
	<Placemark id="0E9D5BF9EA3C5FFFECB8">
		<name>Spare ODC bakcup - parit bugis</name>
		<LookAt>
			<longitude>109.4008192465233</longitude>
			<latitude>-0.1087168381549902</latitude>
			<altitude>1.962749960791712</altitude>
			<heading>0</heading>
			<tilt>0</tilt>
			<gx:fovy>35</gx:fovy>
			<range>1179.020652859326</range>
			<altitudeMode>absolute</altitudeMode>
		</LookAt>
		<styleUrl>#__managed_style_5B7D4C7BCA421B397F64</styleUrl>
		<Point>
			<coordinates>109.4006829134307,-0.1058847798355507,1.665887800888561</coordinates>
		</Point>
	</Placemark>
	<Placemark id="0395ED406E3C6001C00C">
		<name>Jalur ODC Backup</name>
		<LookAt>
			<longitude>109.4000347590755</longitude>
			<latitude>-0.1033615211484203</latitude>
			<altitude>2.876450383512301</altitude>
			<heading>0</heading>
			<tilt>0</tilt>
			<gx:fovy>35</gx:fovy>
			<range>1518.827344362508</range>
			<altitudeMode>absolute</altitudeMode>
		</LookAt>
		<styleUrl>#__managed_style_6E25912CAF421B397F60</styleUrl>
		<LineString>
			<coordinates>
				109.396588418838,-0.1016738098909602,0 109.3967775217823,-0.1017872705872586,0 109.3967302462964,-0.1018629101442242,0 109.3982425953802,-0.1032905912008358,0 109.3981768190952,-0.1053329197070827,0 
			</coordinates>
		</LineString>
	</Placemark>
	<Placemark id="04BF891A733C6002D084">
		<name>Jalur ODC bakcup - Parit bugis</name>
		<LookAt>
			<longitude>109.4004773058575</longitude>
			<latitude>-0.1068827350578727</latitude>
			<altitude>2.279698479887091</altitude>
			<heading>0</heading>
			<tilt>0</tilt>
			<gx:fovy>35</gx:fovy>
			<range>1012.52483141041</range>
			<altitudeMode>absolute</altitudeMode>
		</LookAt>
		<styleUrl>#__managed_style_6E25912CAF421B397F60</styleUrl>
		<LineString>
			<coordinates>
				109.3980715189742,-0.1053657345633572,0 109.3980717848026,-0.1056173480218051,0 109.4002433218124,-0.1058291047266598,0 109.4006768104726,-0.1058664709603513,0 
			</coordinates>
		</LineString>
	</Placemark>
	<Placemark id="07EFCEC6FF3E68106C1B">
		<name>Untitled placemark</name>
		<LookAt>
			<longitude>109.3914961799743</longitude>
			<latitude>-0.1063040998532001</latitude>
			<altitude>2.451239631664461</altitude>
			<heading>0</heading>
			<tilt>0</tilt>
			<gx:fovy>35</gx:fovy>
			<range>2109.075691910984</range>
			<altitudeMode>absolute</altitudeMode>
		</LookAt>
		<styleUrl>#__managed_style_1D863733ED421B397F66</styleUrl>
		<Point>
			<coordinates>109.3904471062609,-0.1093297057237682,2.876891862740536</coordinates>
		</Point>
	</Placemark>
	<Placemark id="0CC173E83E3E6813D84C">
		<name>Untitled placemark</name>
		<LookAt>
			<longitude>109.3831361743253</longitude>
			<latitude>-0.1062319321508999</latitude>
			<altitude>1.640632477718411</altitude>
			<heading>0</heading>
			<tilt>0</tilt>
			<gx:fovy>35</gx:fovy>
			<range>2324.006020873203</range>
			<altitudeMode>absolute</altitudeMode>
		</LookAt>
		<styleUrl>#__managed_style_26A2339049421B397F68</styleUrl>
		<Point>
			<coordinates>109.3896008072006,-0.1093782383411496,2.876598545297662</coordinates>
		</Point>
	</Placemark>
	<Placemark id="05DF09107A3EC7111A8C">
		<name>Pal 9</name>
		<LookAt>
			<longitude>109.2518422788003</longitude>
			<latitude>-0.06608186421766907</latitude>
			<altitude>2.670685382892986</altitude>
			<heading>0</heading>
			<tilt>0</tilt>
			<gx:fovy>35</gx:fovy>
			<range>1014.117225196824</range>
			<altitudeMode>absolute</altitudeMode>
		</LookAt>
		<styleUrl>#__managed_style_31DA2F59A4421B397F5C</styleUrl>
		<Point>
			<coordinates>109.2520165091293,-0.06786150356489096,9.528714918089058</coordinates>
		</Point>
	</Placemark>
	<Folder id="0634C35DB43FEB5E7CF8">
		<name>ODC 22 - Jl. Wonodadi 2 (Backup)</name>
		<styleUrl>#__managed_style_1D85365285421B397F54</styleUrl>
		<Placemark id="0DA62335B83F36A2D768">
			<name>ODC 22.1</name>
			<LookAt>
				<longitude>109.3847635372697</longitude>
				<latitude>-0.1218428022250155</latitude>
				<altitude>5.217539358374708</altitude>
				<heading>0</heading>
				<tilt>0</tilt>
				<gx:fovy>35</gx:fovy>
				<range>2659.50232786825</range>
				<altitudeMode>absolute</altitudeMode>
			</LookAt>
			<styleUrl>#__managed_style_4C3CF6526C421B397F54</styleUrl>
			<Point>
				<coordinates>109.386697630849,-0.1219325951700457,3.514868776619964</coordinates>
			</Point>
		</Placemark>
		<Placemark id="0A04757F8B3F36A67FE7">
			<name>ODP 22.1.2</name>
			<LookAt>
				<longitude>109.3786972051105</longitude>
				<latitude>-0.1325125470229444</latitude>
				<altitude>8.168609546289275</altitude>
				<heading>0</heading>
				<tilt>0</tilt>
				<gx:fovy>35</gx:fovy>
				<range>1226.860423173057</range>
				<altitudeMode>absolute</altitudeMode>
			</LookAt>
			<styleUrl>#__managed_style_3C91809D95421B397F54</styleUrl>
			<Point>
				<coordinates>109.3768829274905,-0.1342913710254168,7.356371613962491</coordinates>
			</Point>
		</Placemark>
		<Placemark id="04FB77D06F3F36A96204">
			<name>ODP 22.1.1</name>
			<LookAt>
				<longitude>109.3786972051105</longitude>
				<latitude>-0.1325125470229444</latitude>
				<altitude>8.168609546289275</altitude>
				<heading>0</heading>
				<tilt>0</tilt>
				<gx:fovy>35</gx:fovy>
				<range>1226.860423173057</range>
				<altitudeMode>absolute</altitudeMode>
			</LookAt>
			<styleUrl>#__managed_style_3C91809D95421B397F54</styleUrl>
			<Point>
				<coordinates>109.3796725209356,-0.1333937877666459,7.356371613962491</coordinates>
			</Point>
		</Placemark>
		<Placemark id="0275F5B9BE3F36AB9899">
			<name>Splicing ODP 22.1.1 &amp; ODP 22.1.2</name>
			<LookAt>
				<longitude>109.3780584140553</longitude>
				<latitude>-0.1318169615339426</latitude>
				<altitude>7.972217406146993</altitude>
				<heading>0</heading>
				<tilt>0</tilt>
				<gx:fovy>35</gx:fovy>
				<range>1317.332328065968</range>
				<altitudeMode>absolute</altitudeMode>
			</LookAt>
			<styleUrl>#__managed_style_8E9E1694F0421B397F60</styleUrl>
			<Point>
				<coordinates>109.3780990779848,-0.1330165423249295,7.392673163980444</coordinates>
			</Point>
		</Placemark>
		<Placemark id="09E8AB22F53F403BA041">
			<name>ODP 22.1.3</name>
			<LookAt>
				<longitude>109.3885395784114</longitude>
				<latitude>-0.1246286562019003</latitude>
				<altitude>4.138359707875317</altitude>
				<heading>0</heading>
				<tilt>0</tilt>
				<gx:fovy>35</gx:fovy>
				<range>1222.794701403764</range>
				<altitudeMode>absolute</altitudeMode>
			</LookAt>
			<styleUrl>#__managed_style_025DA63976421B397F56</styleUrl>
			<Point>
				<coordinates>109.3879587939645,-0.1260127304288864,4.650242709159298</coordinates>
			</Point>
		</Placemark>
		<Placemark id="09679A61CF3F403D666E">
			<name>Spare ODP 22.1-</name>
			<LookAt>
				<longitude>109.387688598202</longitude>
				<latitude>-0.1230623438042781</latitude>
				<altitude>13.85736218338564</altitude>
				<heading>0</heading>
				<tilt>0</tilt>
				<gx:fovy>35</gx:fovy>
				<range>1110.951751955581</range>
				<altitudeMode>absolute</altitudeMode>
			</LookAt>
			<styleUrl>#__managed_style_8E9E1694F0421B397F60</styleUrl>
			<Point>
				<coordinates>109.3885190338774,-0.1236747888303728,3.378226058675866</coordinates>
			</Point>
		</Placemark>
	</Folder>
	<Placemark id="02E3D270903FFEE9AC14">
		<name>SUB </name>
		<LookAt>
			<longitude>109.4105921237476</longitude>
			<latitude>-0.1509790648546912</latitude>
			<altitude>1.047665495590799</altitude>
			<heading>6.624824505847024</heading>
			<tilt>0</tilt>
			<gx:fovy>30.00036385</gx:fovy>
			<range>1492.103201459104</range>
			<altitudeMode>absolute</altitudeMode>
		</LookAt>
		<styleUrl>#__managed_style_4652D1B3E2421B397F60</styleUrl>
		<Point>
			<coordinates>109.4112319619599,-0.1516131219883002,1.516835674021622</coordinates>
		</Point>
	</Placemark>
	<Placemark id="06D6301837409021BEDE">
		<name>ODC 25 </name>
		<LookAt>
			<longitude>109.3996343594663</longitude>
			<latitude>-0.1071591735363751</latitude>
			<altitude>2.302259240203157</altitude>
			<heading>0</heading>
			<tilt>0</tilt>
			<gx:fovy>35</gx:fovy>
			<range>1343.951337378676</range>
			<altitudeMode>absolute</altitudeMode>
		</LookAt>
		<styleUrl>#__managed_style_2299CE3C2B421B397F63</styleUrl>
		<Point>
			<coordinates>109.4005882985448,-0.1093366386687268,2.037575442339274</coordinates>
		</Point>
	</Placemark>
	<Placemark id="0AB493150A409023D779">
		<name>Jalur ODC 25</name>
		<description><![CDATA[<div>1 core</div>]]></description>
		<LookAt>
			<longitude>109.3998418982835</longitude>
			<latitude>-0.1081308792711916</latitude>
			<altitude>1.640189279692372</altitude>
			<heading>0</heading>
			<tilt>0</tilt>
			<gx:fovy>35</gx:fovy>
			<range>1573.971303338476</range>
			<altitudeMode>absolute</altitudeMode>
		</LookAt>
		<styleUrl>#__managed_style_264E725266421B397F5C</styleUrl>
		<LineString>
			<coordinates>
				109.4007008421133,-0.1058193124439256,0 109.4005509403279,-0.1093789849277482,0 
			</coordinates>
		</LineString>
	</Placemark>
	<Placemark id="03B9E80EDB4090260937">
		<name>Jalur ODP 25.1 </name>
		<LookAt>
			<longitude>109.4025018362534</longitude>
			<latitude>-0.108949015003027</latitude>
			<altitude>1.640536247675757</altitude>
			<heading>0</heading>
			<tilt>0</tilt>
			<gx:fovy>35</gx:fovy>
			<range>1646.814975131128</range>
			<altitudeMode>absolute</altitudeMode>
		</LookAt>
		<styleUrl>#__managed_style_25608BCEE5421B397F60</styleUrl>
		<LineString>
			<coordinates>
				109.4005811287693,-0.1092691247602747,0 109.4029388200713,-0.1093809166430404,0 109.4029184953695,-0.1096044891680652,0 
			</coordinates>
		</LineString>
	</Placemark>
	<Placemark id="0DD332EAA3409027E880">
		<name>ODP 25.1</name>
		<LookAt>
			<longitude>109.4012816843958</longitude>
			<latitude>-0.1080882096214065</latitude>
			<altitude>1.660840384915681</altitude>
			<heading>0</heading>
			<tilt>0</tilt>
			<gx:fovy>35</gx:fovy>
			<range>1125.270872840047</range>
			<altitudeMode>absolute</altitudeMode>
		</LookAt>
		<styleUrl>#__managed_style_025DA63976421B397F56</styleUrl>
		<Point>
			<coordinates>109.4029199922915,-0.1096189138715171,1.990595547618828</coordinates>
		</Point>
	</Placemark>
	<Placemark id="0299F61F3241052164B4">
		<name>ODC 10</name>
		<LookAt>
			<longitude>109.4079625054636</longitude>
			<latitude>-0.1128556226610831</latitude>
			<altitude>2.136018150700087</altitude>
			<heading>3.580918967357476</heading>
			<tilt>13.18601021430029</tilt>
			<gx:fovy>30.00001479493145</gx:fovy>
			<range>2212.979201053677</range>
			<altitudeMode>absolute</altitudeMode>
		</LookAt>
		<styleUrl>#__managed_style_2F79F894A3421B397F57</styleUrl>
		<Point>
			<coordinates>109.408789515083,-0.1147502827166449,2.284102720307035</coordinates>
		</Point>
	</Placemark>
	<Folder id="021CFD4DB241BC0B6054">
		<name>Titik temu</name>
		<styleUrl>#__managed_style_1D85365285421B397F54</styleUrl>
		<Placemark id="0522D22D453DB38B3993">
			<name>Titik temu 3</name>
			<LookAt>
				<longitude>109.3918449912872</longitude>
				<latitude>-0.120023247450492</latitude>
				<altitude>2.876422294253702</altitude>
				<heading>340.6640914286564</heading>
				<tilt>0</tilt>
				<gx:fovy>35</gx:fovy>
				<range>1747.72245507018</range>
				<altitudeMode>absolute</altitudeMode>
			</LookAt>
			<styleUrl>#__managed_style_2A96C0DE9A421B397F5F</styleUrl>
			<Point>
				<coordinates>109.3927305212993,-0.1201977686511043,2.876785428838984</coordinates>
			</Point>
		</Placemark>
		<Placemark id="0BDA550C0C3DB3886798">
			<name>Titik temu 2</name>
			<LookAt>
				<longitude>109.3972020565409</longitude>
				<latitude>-0.1155037772931957</latitude>
				<altitude>3.520251366652531</altitude>
				<heading>0</heading>
				<tilt>0</tilt>
				<gx:fovy>35</gx:fovy>
				<range>1117.976882321527</range>
				<altitudeMode>absolute</altitudeMode>
			</LookAt>
			<styleUrl>#__managed_style_2A96C0DE9A421B397F5F</styleUrl>
			<Point>
				<coordinates>109.3981786875252,-0.1164306341458584,2.458134831667746</coordinates>
			</Point>
		</Placemark>
		<Placemark id="067B5A98BC3DB385222E">
			<name>Titik temu 1</name>
			<LookAt>
				<longitude>109.3957438278367</longitude>
				<latitude>-0.1058947357602183</latitude>
				<altitude>2.509666534441171</altitude>
				<heading>356.2399437979351</heading>
				<tilt>0</tilt>
				<gx:fovy>35</gx:fovy>
				<range>1522.352379093936</range>
				<altitudeMode>absolute</altitudeMode>
			</LookAt>
			<styleUrl>#__managed_style_2A96C0DE9A421B397F5F</styleUrl>
			<Point>
				<coordinates>109.3975666722807,-0.1082964374582016,1.715153406685519</coordinates>
			</Point>
		</Placemark>
		<Placemark id="007237EC303DB38BD4B8">
			<name>Titik temu 4</name>
			<LookAt>
				<longitude>109.3867608423177</longitude>
				<latitude>-0.1237314987993606</latitude>
				<altitude>6.203061070035218</altitude>
				<heading>340.6640986284199</heading>
				<tilt>0</tilt>
				<gx:fovy>35</gx:fovy>
				<range>1690.22179779131</range>
				<altitudeMode>absolute</altitudeMode>
			</LookAt>
			<styleUrl>#__managed_style_2A96C0DE9A421B397F5F</styleUrl>
			<Point>
				<coordinates>109.3877574936368,-0.1248241192335979,4.481198319852999</coordinates>
			</Point>
		</Placemark>
		<Placemark id="09194015EA3DB38EB460">
			<name>Titik temu 5</name>
			<LookAt>
				<longitude>109.3900687654621</longitude>
				<latitude>-0.1281821268015816</latitude>
				<altitude>5.041701678921098</altitude>
				<heading>340.6640888485871</heading>
				<tilt>0</tilt>
				<gx:fovy>35</gx:fovy>
				<range>1691.383088229632</range>
				<altitudeMode>absolute</altitudeMode>
			</LookAt>
			<styleUrl>#__managed_style_2A96C0DE9A421B397F5F</styleUrl>
			<Point>
				<coordinates>109.3907634418679,-0.1291947188337301,2.878451837968929</coordinates>
			</Point>
		</Placemark>
		<Placemark id="045831186F3DB39214AF">
			<name>Titik temu 6</name>
			<LookAt>
				<longitude>109.3948818954275</longitude>
				<latitude>-0.1340274312833534</latitude>
				<altitude>2.598033017726606</altitude>
				<heading>227.8916586498267</heading>
				<tilt>0</tilt>
				<gx:fovy>35</gx:fovy>
				<range>500.000060134189</range>
				<altitudeMode>absolute</altitudeMode>
			</LookAt>
			<styleUrl>#__managed_style_2A96C0DE9A421B397F5F</styleUrl>
			<Point>
				<coordinates>109.394544679667,-0.1329718872164691,2.715776177361904</coordinates>
			</Point>
		</Placemark>
	</Folder>
	<Folder id="0F64C0F27541BBF6EF9B">
		<name>Area Benner</name>
		<styleUrl>#__managed_style_1D85365285421B397F54</styleUrl>
		<Placemark id="0B264DC94B3CC6B13699">
			<name>Gg. Keramat</name>
			<visibility>0</visibility>
			<LookAt>
				<longitude>109.4140347704502</longitude>
				<latitude>-0.1561162075448649</latitude>
				<altitude>3.107153401666001</altitude>
				<heading>302.9999999518337</heading>
				<tilt>0</tilt>
				<gx:fovy>35</gx:fovy>
				<range>2215.699880376924</range>
				<altitudeMode>absolute</altitudeMode>
			</LookAt>
			<styleUrl>#__managed_style_37F77D8728421B397F60</styleUrl>
			<Polygon>
				<outerBoundaryIs>
					<LinearRing>
						<coordinates>
							109.4118424064543,-0.1608112257173701,0 109.4137510074469,-0.1620171074855362,0 109.4163772511394,-0.1601334775441375,0 109.4178567041737,-0.1603927677962772,0 109.4175204799863,-0.1520173409012094,0 109.4172824751182,-0.1521074972585012,0 109.417150269695,-0.1524618588773426,0 109.4156790982586,-0.1516372613540556,0 109.4154816091694,-0.1519158607970071,0 109.4135946171767,-0.1518808471135095,0 109.4103547981843,-0.1566462247197526,0 109.4115311723239,-0.158225717470603,0 109.4128486276892,-0.1589349908338477,0 109.4118424064543,-0.1608112257173701,0 
						</coordinates>
					</LinearRing>
				</outerBoundaryIs>
			</Polygon>
		</Placemark>
		<Placemark id="084AE99C1B3D0FBBD950">
			<name>Wonodadi 1</name>
			<visibility>0</visibility>
			<LookAt>
				<longitude>109.3990836185465</longitude>
				<latitude>-0.1053087155209743</latitude>
				<altitude>1.997397288875671</altitude>
				<heading>348.0872475215271</heading>
				<tilt>0</tilt>
				<gx:fovy>35.00000538481187</gx:fovy>
				<range>1198.807832984749</range>
				<altitudeMode>absolute</altitudeMode>
			</LookAt>
			<styleUrl>#__managed_style_31DA2F59A4421B397F5C</styleUrl>
			<Polygon>
				<outerBoundaryIs>
					<LinearRing>
						<coordinates>
							109.3958672962067,-0.1193414021534583,0 109.3984562246661,-0.1216178283146839,0 109.3990094214703,-0.1222528527190359,0 109.4003553057232,-0.1217481428483,0 109.4010730167397,-0.1236148682598041,0 109.4044800904489,-0.1224797125738215,0 109.4047968406822,-0.1235121423030317,0 109.4070518015735,-0.122567803700004,0 109.4067242807158,-0.1211323154070835,0 109.4083964772118,-0.1205822359796656,0 109.4092811335195,-0.1204453259877454,0 109.4086586097969,-0.1165814804170793,0 109.4006607243203,-0.1182809663446798,0 109.3958672962067,-0.1193414021534583,0 
						</coordinates>
					</LinearRing>
				</outerBoundaryIs>
			</Polygon>
		</Placemark>
		<Placemark id="0407ABC3873D0FD4337F">
			<name>Wonodadi 2 - 1</name>
			<visibility>0</visibility>
			<LookAt>
				<longitude>109.3838600399321</longitude>
				<latitude>-0.1176688862199573</latitude>
				<altitude>5.349618446049162</altitude>
				<heading>338.046264599799</heading>
				<tilt>0</tilt>
				<gx:fovy>35</gx:fovy>
				<range>2141.48131339025</range>
				<altitudeMode>absolute</altitudeMode>
			</LookAt>
			<styleUrl>#__managed_style_3BA139BD7C421B397F61</styleUrl>
			<Polygon>
				<outerBoundaryIs>
					<LinearRing>
						<coordinates>
							109.3812631772338,-0.1205882049952739,0 109.3824950383541,-0.1235897988703848,0 109.3869104687958,-0.1218062240146948,0 109.3854365648166,-0.1168409605989842,0 109.3842341528001,-0.1171118672617269,0 109.3843873422189,-0.1145534820521519,0 109.3840115451139,-0.114650944399775,0 109.3839073530165,-0.1179276532049857,0 109.3823575607314,-0.1184669049301117,0 109.3828174005198,-0.1196065082539784,0 109.3821113958026,-0.1199054178240655,0 109.3812631772338,-0.1205882049952739,0 
						</coordinates>
					</LinearRing>
				</outerBoundaryIs>
			</Polygon>
		</Placemark>
		<Placemark id="0AFF63F9F53D0FD5394B">
			<name>Wonodadi 2 - 2</name>
			<visibility>0</visibility>
			<LookAt>
				<longitude>109.3876527337056</longitude>
				<latitude>-0.1173171895214626</latitude>
				<altitude>3.087176202402788</altitude>
				<heading>338.0462540326571</heading>
				<tilt>0</tilt>
				<gx:fovy>35</gx:fovy>
				<range>1678.5035743966</range>
				<altitudeMode>absolute</altitudeMode>
			</LookAt>
			<styleUrl>#__managed_style_3BA139BD7C421B397F61</styleUrl>
			<Polygon>
				<outerBoundaryIs>
					<LinearRing>
						<coordinates>
							109.3894429829514,-0.1177806516601645,0 109.3902990591243,-0.1208603437654773,0 109.3905487767182,-0.1207593160073274,0 109.3897234149192,-0.117470270733071,0 109.3883956267555,-0.1178041693143879,0 109.3876028114057,-0.1144513240199078,0 109.3868935190969,-0.1146578547472332,0 109.3866254533119,-0.1149348324063092,0 109.3867318551939,-0.115918903726526,0 109.3861765059654,-0.1160089092525781,0 109.3868776115469,-0.1185128900128145,0 109.3894429829514,-0.1177806516601645,0 
						</coordinates>
					</LinearRing>
				</outerBoundaryIs>
			</Polygon>
		</Placemark>
		<Placemark id="04376757013D0FD692FC">
			<name>Wonodadi 2 - 3</name>
			<visibility>0</visibility>
			<LookAt>
				<longitude>109.390230409001</longitude>
				<latitude>-0.123306067227058</latitude>
				<altitude>6.681943433581161</altitude>
				<heading>338.0462488265693</heading>
				<tilt>0</tilt>
				<gx:fovy>35</gx:fovy>
				<range>2481.461836888629</range>
				<altitudeMode>absolute</altitudeMode>
			</LookAt>
			<styleUrl>#__managed_style_3BA139BD7C421B397F61</styleUrl>
			<Polygon>
				<outerBoundaryIs>
					<LinearRing>
						<coordinates>
							109.3877282590252,-0.1290351978104171,0 109.3880093247494,-0.1260768968276659,0 109.3885241964293,-0.1260845240275501,0 109.3890725950106,-0.1266226584251298,0 109.3895686801601,-0.1239613301709735,0 109.3928402899419,-0.1237505228291989,0 109.3929617387728,-0.1248744616344135,0 109.3934056941702,-0.1268776331965653,0 109.3937426892906,-0.1268096520836124,0 109.3948687026918,-0.1263221988404279,0 109.3959916759243,-0.1250089407345281,0 109.3969851847485,-0.1252545982080028,0 109.3989628716279,-0.1252135673155791,0 109.3983338959698,-0.1224457479573087,0 109.3987714951073,-0.1222196339213099,0 109.3956794409051,-0.1193485748404371,0 109.3888264361074,-0.1211356145901457,0 109.3885621948593,-0.1235568467296382,0 109.3878436287019,-0.1235667927218934,0 109.3872346379627,-0.1256287982668781,0 109.3870249773321,-0.1289710842832381,0 109.3877282590252,-0.1290351978104171,0 
						</coordinates>
					</LinearRing>
				</outerBoundaryIs>
			</Polygon>
		</Placemark>
		<Placemark id="08F8E120C73D0FD94E0C">
			<name>Wonodadi 2 - 4</name>
			<visibility>0</visibility>
			<LookAt>
				<longitude>109.3764659088888</longitude>
				<latitude>-0.1333161948880883</latitude>
				<altitude>9.436992457334801</altitude>
				<heading>338.0462686566913</heading>
				<tilt>0</tilt>
				<gx:fovy>35</gx:fovy>
				<range>1125.417077136808</range>
				<altitudeMode>absolute</altitudeMode>
			</LookAt>
			<styleUrl>#__managed_style_3BA139BD7C421B397F61</styleUrl>
			<Polygon>
				<outerBoundaryIs>
					<LinearRing>
						<coordinates>
							109.3778205559676,-0.1342585726126819,0 109.3780208032498,-0.1333604863199513,0 109.380957655064,-0.1340749340024418,0 109.3811320074728,-0.1333586756843286,0 109.3781902437641,-0.1325873792308357,0 109.3778319823834,-0.1336916062693765,0 109.3774286676387,-0.1337337907797927,0 109.376343568873,-0.13388612275299,0 109.375893936413,-0.1340897497035308,0 109.3758408984154,-0.1344780270423625,0 109.3778205559676,-0.1342585726126819,0 
						</coordinates>
					</LinearRing>
				</outerBoundaryIs>
			</Polygon>
		</Placemark>
		<Placemark id="09056813E33D11E31BB8">
			<name>ODP 1.5 &amp; ODP 1.7</name>
			<visibility>0</visibility>
			<LookAt>
				<longitude>109.3988213411841</longitude>
				<latitude>-0.1067253558112483</latitude>
				<altitude>2.547614678608952</altitude>
				<heading>3.47067109008195e-09</heading>
				<tilt>3.358760988085181</tilt>
				<gx:fovy>35</gx:fovy>
				<range>1344.003162490844</range>
				<altitudeMode>absolute</altitudeMode>
			</LookAt>
			<styleUrl>#__managed_style_31DA2F59A4421B397F5C</styleUrl>
			<Polygon>
				<outerBoundaryIs>
					<LinearRing>
						<coordinates>
							109.3978991348682,-0.105628476358176,0 109.3979716597032,-0.1068510936890506,0 109.3984414272556,-0.1074277309906487,0 109.3989667904168,-0.1082574681787255,0 109.3995815968408,-0.1085481518846164,0 109.4000211002507,-0.1080338156490734,0 109.40068408319,-0.1087464292925194,0 109.4017039351531,-0.1079679342385257,0 109.4016210092059,-0.1041769917560411,0 109.4007339859214,-0.104012321218677,0 109.3994242799743,-0.1038962626996864,0 109.3993912427254,-0.1056865908505571,0 109.3978991348682,-0.105628476358176,0 
						</coordinates>
					</LinearRing>
				</outerBoundaryIs>
			</Polygon>
		</Placemark>
	</Folder>
</Document>
</kml>
